[2m[WebServer] [22m[36mvite v7.1.12 [32mbuilding for production...[36m[39m
[2m[WebServer] [22mtransforming...
[2m[WebServer] [22m[1m[33m[@vue/compiler-sfc][0m[33m withDefaults() is unnecessary when using destructure with defineProps().
[2m[WebServer] [22mReactive destructure will be disabled when using withDefaults().
[2m[WebServer] [22mPrefer using destructure default values, e.g. const { foo = 1 } = defineProps(...). 
[2m[WebServer] [22m
[2m[WebServer] [22m/Users/mtakemiya/dev/polkaswap-exchange-web/src/components/App/Header/AppHeader.vue
[2m[WebServer] [22m51 |  });
[2m[WebServer] [22m52 |  
[2m[WebServer] [22m53 |  const { loading } = withDefaults(defineProps<{ loading?: boolean }>(), { loading: false });
[2m[WebServer] [22m   |                      ^^^^^^^^^^^^
[2m[WebServer] [22m54 |  
[2m[WebServer] [22m55 |  const emit = defineEmits<{[0m
[2m[WebServer] [22m
[2m[WebServer] [22m[33m[plugin vite:esbuild] src/views/Swap.vue?vue&type=script&setup=true&lang.ts: [33mThis assignment will throw because "options" is a constant[33m
[2m[WebServer] [22m218 |          "onUpdate:widgets": _cache[1] || (_cache[1] = ($event: any) => ((widgets).value = $event)),
[2m[WebServer] [22m219 |          options: options,
[2m[WebServer] [22m220 |          "onUpdate:options": _cache[2] || (_cache[2] = ($event: any) => ((options) = $event)),
[2m[WebServer] [22m    |                                                                           ^
[2m[WebServer] [22m221 |          labels: labels.value,
[2m[WebServer] [22m222 |          "pip-disabled": "",
[2m[WebServer] [22m[39m
[2m[WebServer] [22m[32m✓[39m 10268 modules transformed.
[2m[WebServer] [22mrendering chunks...
[2m[WebServer] [22m[33m[esbuild css minify]
[2m[WebServer] [22m▲ [WARNING] "align_items" is not a known CSS property [unsupported-css-property]
[2m[WebServer] [22m
[2m[WebServer] [22m    <stdin>:1:1636:
[2m[WebServer] [22m      1 │ ...a-v-1850cc59]{display:flex;align_items:center;gap:8px;margin-lef...
[2m[WebServer] [22m        │                               ~~~~~~~~~~~
[2m[WebServer] [22m        ╵                               align-items
[2m[WebServer] [22m
[2m[WebServer] [22m  Did you mean "align-items" instead?
[2m[WebServer] [22m
[2m[WebServer] [22m[39m
[2m[WebServer] [22mcomputing gzip size...
[2m[WebServer] [22m[2mdist/[22m[32mindex.html                                                                                       [39m[1m[2m    4.44 kB[22m[1m[22m[2m │ gzip:   1.31 kB[22m
[2m[WebServer] [22m[2mdist/[22m[2massets/[22m[32mpswap-loader-BlCImLt2.svg                                                                 [39m[1m[2m    8.22 kB[22m[1m[22m[2m │ gzip:   1.21 kB[22m
[2m[WebServer] [22m[2mdist/[22m[2massets/[22m[32msora-CD2rsZAf.svg                                                                         [39m[1m[2m    9.01 kB[22m[1m[22m[2m │ gzip:   3.44 kB[22m
[2m[WebServer] [22m[2mdist/[22m[2massets/[22m[32mmoonbase-Ch50vbhU.svg                                                                     [39m[1m[2m   10.01 kB[22m[1m[22m[2m │ gzip:   3.56 kB[22m
[2m[WebServer] [22m[2mdist/[22m[2massets/[22m[32malphanet-COv5kyHh.svg                                                                     [39m[1m[2m   10.01 kB[22m[1m[22m[2m │ gzip:   3.57 kB[22m
[2m[WebServer] [22m[2mdist/[22m[2massets/[22m[32msora-app-right-VrcPFEb_.png                                                               [39m[1m[2m   10.67 kB[22m[1m[22m
[2m[WebServer] [22m[2mdist/[22m[2massets/[22m[32mrococo-DD5r6ehu.svg                                                                       [39m[1m[2m   15.78 kB[22m[1m[22m[2m │ gzip:  11.48 kB[22m
[2m[WebServer] [22m[2mdist/[22m[2massets/[22m[32msora-app-left-CWGG7txU.png                                                                [39m[1m[2m   16.56 kB[22m[1m[22m
[2m[WebServer] [22m[2mdist/[22m[2massets/[22m[32mastar-Cy3aWGPY.svg                                                                        [39m[1m[2m   22.01 kB[22m[1m[22m[2m │ gzip:   5.59 kB[22m
[2m[WebServer] [22m[2mdist/[22m[2massets/[22m[32msoratopia-CCKLnFxS.png                                                                    [39m[1m[2m   40.94 kB[22m[1m[22m
[2m[WebServer] [22m[2mdist/[22m[2massets/[22m[32mheader-hbWBFFq8.png                                                                       [39m[1m[2m   44.06 kB[22m[1m[22m
[2m[WebServer] [22m[2mdist/[22m[2massets/[22m[32msora-card-MzKMvWWo.png                                                                    [39m[1m[2m   56.75 kB[22m[1m[22m
[2m[WebServer] [22m[2mdist/[22m[2massets/[22m[32mSora-VariableFont_wght-BUZ7hlw5.ttf                                                       [39m[1m[2m  110.22 kB[22m[1m[22m
[2m[WebServer] [22m[2mdist/[22m[2massets/[22m[35mempty-tn0RQdqM.css                                                                        [39m[1m[2m    0.00 kB[22m[1m[22m[2m │ gzip:   0.02 kB[22m
[2m[WebServer] [22m[2mdist/[22m[2massets/[22m[35mMSTWarningBridge-Bv-2EmI-.css                                                             [39m[1m[2m    0.05 kB[22m[1m[22m[2m │ gzip:   0.07 kB[22m
[2m[WebServer] [22m[2mdist/[22m[2massets/[22m[35mVaultsContainer-BQu9arE4.css                                                              [39m[1m[2m    0.05 kB[22m[1m[22m[2m │ gzip:   0.07 kB[22m
[2m[WebServer] [22m[2mdist/[22m[2massets/[22m[35mPrevNextInfoLine-BWjyZMyi.css                                                             [39m[1m[2m    0.06 kB[22m[1m[22m[2m │ gzip:   0.08 kB[22m
[2m[WebServer] [22m[2mdist/[22m[2massets/[22m[35mEvmConnectButton-B9yzeSZM.css                                                             [39m[1m[2m    0.07 kB[22m[1m[22m[2m │ gzip:   0.09 kB[22m
[2m[WebServer] [22m[2mdist/[22m[2massets/[22m[35mCedeStore-D74XPBXt.css                                                                    [39m[1m[2m    0.07 kB[22m[1m[22m[2m │ gzip:   0.08 kB[22m
[2m[WebServer] [22m[2mdist/[22m[2massets/[22m[35mSwap-Bs4NssJ7.css                                                                         [39m[1m[2m    0.08 kB[22m[1m[22m[2m │ gzip:   0.10 kB[22m
[2m[WebServer] [22m[2mdist/[22m[2massets/[22m[35mStatisticsDialog-DGcn_5DW.css                                                             [39m[1m[2m    0.11 kB[22m[1m[22m[2m │ gzip:   0.10 kB[22m
[2m[WebServer] [22m[2mdist/[22m[2massets/[22m[35mTransactionDetails-DwDIHuAM.css                                                           [39m[1m[2m    0.11 kB[22m[1m[22m[2m │ gzip:   0.12 kB[22m
[2m[WebServer] [22m[2mdist/[22m[2massets/[22m[35mPool-DrO_dc-y.css                                                                         [39m[1m[2m    0.11 kB[22m[1m[22m[2m │ gzip:   0.11 kB[22m
[2m[WebServer] [22m[2mdist/[22m[2massets/[22m[35mSyntheticSwitcher-CRSftszP.css                                                            [39m[1m[2m    0.11 kB[22m[1m[22m[2m │ gzip:   0.11 kB[22m
[2m[WebServer] [22m[2mdist/[22m[2massets/[22m[35mDataContainer-BgxZS3aW.css                                                                [39m[1m[2m    0.13 kB[22m[1m[22m[2m │ gzip:   0.11 kB[22m
[2m[WebServer] [22m[2mdist/[22m[2massets/[22m[35mCreateTokenDialog-cRTXNAv0.css                                                            [39m[1m[2m    0.14 kB[22m[1m[22m[2m │ gzip:   0.11 kB[22m
[2m[WebServer] [22m[2mdist/[22m[2massets/[22m[35mDialogTitle-X7zoajkF.css                                                                  [39m[1m[2m    0.14 kB[22m[1m[22m[2m │ gzip:   0.12 kB[22m
[2m[WebServer] [22m[2mdist/[22m[2massets/[22m[35mSettings-DLJCoiN5.css                                                                     [39m[1m[2m    0.15 kB[22m[1m[22m[2m │ gzip:   0.13 kB[22m
[2m[WebServer] [22m[2mdist/[22m[2massets/[22m[35mSelectValidators-DRJK1wMc.css                                                             [39m[1m[2m    0.16 kB[22m[1m[22m[2m │ gzip:   0.14 kB[22m
[2m[WebServer] [22m[2mdist/[22m[2massets/[22m[35mSelectAddress-DVInB5Ps.css                                                                [39m[1m[2m    0.16 kB[22m[1m[22m[2m │ gzip:   0.13 kB[22m
[2m[WebServer] [22m[2mdist/[22m[2massets/[22m[35mBurnDialog-C2494Wi7.css                                                                   [39m[1m[2m    0.18 kB[22m[1m[22m[2m │ gzip:   0.12 kB[22m
[2m[WebServer] [22m[2mdist/[22m[2massets/[22m[35mTransferNotification-7adNT048.css                                                         [39m[1m[2m    0.18 kB[22m[1m[22m[2m │ gzip:   0.15 kB[22m
[2m[WebServer] [22m[2mdist/[22m[2massets/[22m[35mPinIcon-BRZvu5Q2.css                                                                      [39m[1m[2m    0.19 kB[22m[1m[22m[2m │ gzip:   0.14 kB[22m
[2m[WebServer] [22m[2mdist/[22m[2massets/[22m[35mMarketAlgorithm-Doe1zg2O.css                                                              [39m[1m[2m    0.19 kB[22m[1m[22m[2m │ gzip:   0.10 kB[22m
[2m[WebServer] [22m[2mdist/[22m[2massets/[22m[35mConfirmation-DsSNkUwO.css                                                                 [39m[1m[2m    0.20 kB[22m[1m[22m[2m │ gzip:   0.15 kB[22m
[2m[WebServer] [22m[2mdist/[22m[2massets/[22m[35mExternalLink-ClgebmT7.css                                                                 [39m[1m[2m    0.20 kB[22m[1m[22m[2m │ gzip:   0.16 kB[22m
[2m[WebServer] [22m[2mdist/[22m[2massets/[22m[35mBalanceIndicator-CgF6mX33.css                                                             [39m[1m[2m    0.22 kB[22m[1m[22m[2m │ gzip:   0.17 kB[22m
[2m[WebServer] [22m[2mdist/[22m[2massets/[22m[35mMintDialog-EBA8ryZd.css                                                                   [39m[1m[2m    0.22 kB[22m[1m[22m[2m │ gzip:   0.13 kB[22m
[2m[WebServer] [22m[2mdist/[22m[2massets/[22m[35mSoraCard-MjBo65C3.css                                                                     [39m[1m[2m    0.23 kB[22m[1m[22m[2m │ gzip:   0.17 kB[22m
[2m[WebServer] [22m[2mdist/[22m[2massets/[22m[35mFormattedAmountWithFiatValue-CTHKcvW-.css                                                 [39m[1m[2m    0.23 kB[22m[1m[22m[2m │ gzip:   0.17 kB[22m
[2m[WebServer] [22m[2mdist/[22m[2massets/[22m[35mRepayDebtDialog-DjS9I_HU.css                                                              [39m[1m[2m    0.23 kB[22m[1m[22m[2m │ gzip:   0.15 kB[22m
[2m[WebServer] [22m[2mdist/[22m[2massets/[22m[35mSvgIconButton-BdZ-KF8n.css                                                                [39m[1m[2m    0.25 kB[22m[1m[22m[2m │ gzip:   0.13 kB[22m
[2m[WebServer] [22m[2mdist/[22m[2massets/[22m[35mAddCollateralDialog-ATulLwiO.css                                                          [39m[1m[2m    0.25 kB[22m[1m[22m[2m │ gzip:   0.15 kB[22m
[2m[WebServer] [22m[2mdist/[22m[2massets/[22m[35mSelectSubAccount-BwsY9n_1.css                                                             [39m[1m[2m    0.25 kB[22m[1m[22m[2m │ gzip:   0.13 kB[22m
[2m[WebServer] [22m[2mdist/[22m[2massets/[22m[35mStakingHeader-B7Zj6v2F.css                                                                [39m[1m[2m    0.26 kB[22m[1m[22m[2m │ gzip:   0.18 kB[22m
[2m[WebServer] [22m[2mdist/[22m[2massets/[22m[35mBlockedDialog-1oDFFNHA.css                                                                [39m[1m[2m    0.27 kB[22m[1m[22m[2m │ gzip:   0.17 kB[22m
[2m[WebServer] [22m[2mdist/[22m[2massets/[22m[35mEnableDialog-rhHV83hM.css                                                                 [39m[1m[2m    0.27 kB[22m[1m[22m[2m │ gzip:   0.17 kB[22m
[2m[WebServer] [22m[2mdist/[22m[2massets/[22m[35mLocalStorageOverride-DTN1f7_L.css                                                         [39m[1m[2m    0.27 kB[22m[1m[22m[2m │ gzip:   0.17 kB[22m
[2m[WebServer] [22m[2mdist/[22m[2massets/[22m[35mTransactionDetails-BeU1GrAK.css                                                           [39m[1m[2m    0.28 kB[22m[1m[22m[2m │ gzip:   0.19 kB[22m
[2m[WebServer] [22m[2mdist/[22m[2massets/[22m[35mReferralBonding-DX_bXQcE.css                                                              [39m[1m[2m    0.29 kB[22m[1m[22m[2m │ gzip:   0.20 kB[22m
[2m[WebServer] [22m[2mdist/[22m[2massets/[22m[35mDataRow-D8yxd2Gj.css                                                                      [39m[1m[2m    0.29 kB[22m[1m[22m[2m │ gzip:   0.16 kB[22m
[2m[WebServer] [22m[2mdist/[22m[2massets/[22m[35mBorrowMoreDialog-CHYWnyGL.css                                                             [39m[1m[2m    0.30 kB[22m[1m[22m[2m │ gzip:   0.16 kB[22m
[2m[WebServer] [22m[2mdist/[22m[2massets/[22m[35mTokenAddress-DnEVqFHO.css                                                                 [39m[1m[2m    0.30 kB[22m[1m[22m[2m │ gzip:   0.19 kB[22m
[2m[WebServer] [22m[2mdist/[22m[2massets/[22m[35mPriceChange-BmwIb0wn.css                                                                  [39m[1m[2m    0.32 kB[22m[1m[22m[2m │ gzip:   0.19 kB[22m
[2m[WebServer] [22m[2mdist/[22m[2massets/[22m[35mStats-DgygK_pP.css                                                                        [39m[1m[2m    0.32 kB[22m[1m[22m[2m │ gzip:   0.21 kB[22m
[2m[WebServer] [22m[2mdist/[22m[2massets/[22m[35mPoolInfo-C6H7VpFv.css                                                                     [39m[1m[2m    0.33 kB[22m[1m[22m[2m │ gzip:   0.18 kB[22m
[2m[WebServer] [22m[2mdist/[22m[2massets/[22m[35mForm-D6MGllaZ.css                                                                         [39m[1m[2m    0.33 kB[22m[1m[22m[2m │ gzip:   0.19 kB[22m
[2m[WebServer] [22m[2mdist/[22m[2massets/[22m[35mValidatorAvatar-Br3moD93.css                                                              [39m[1m[2m    0.34 kB[22m[1m[22m[2m │ gzip:   0.20 kB[22m
[2m[WebServer] [22m[2mdist/[22m[2massets/[22m[35mCreateVaultDialog-Lmn1VGrH.css                                                            [39m[1m[2m    0.34 kB[22m[1m[22m[2m │ gzip:   0.16 kB[22m
[2m[WebServer] [22m[2mdist/[22m[2massets/[22m[35mSearchInput-cBM6OF_e.css                                                                  [39m[1m[2m    0.35 kB[22m[1m[22m[2m │ gzip:   0.21 kB[22m
[2m[WebServer] [22m[2mdist/[22m[2massets/[22m[35mIFrame-D5DbOYzM.css                                                                       [39m[1m[2m    0.37 kB[22m[1m[22m[2m │ gzip:   0.23 kB[22m
[2m[WebServer] [22m[2mdist/[22m[2massets/[22m[35mLinksDropdown-Cs0A_67d.css                                                                [39m[1m[2m    0.39 kB[22m[1m[22m[2m │ gzip:   0.24 kB[22m
[2m[WebServer] [22m[2mdist/[22m[2massets/[22m[35mSendTokenDialog-BKrtoxF3.css                                                              [39m[1m[2m    0.39 kB[22m[1m[22m[2m │ gzip:   0.22 kB[22m
[2m[WebServer] [22m[2mdist/[22m[2massets/[22m[35mFormattedAddress-eHBeV1xH.css                                                             [39m[1m[2m    0.41 kB[22m[1m[22m[2m │ gzip:   0.24 kB[22m
[2m[WebServer] [22m[2mdist/[22m[2massets/[22m[35mGradientBox-DeeeS4ee.css                                                                  [39m[1m[2m    0.41 kB[22m[1m[22m[2m │ gzip:   0.24 kB[22m
[2m[WebServer] [22m[2mdist/[22m[2massets/[22m[35mWallet-BbhB68cD.css                                                                       [39m[1m[2m    0.41 kB[22m[1m[22m[2m │ gzip:   0.23 kB[22m
[2m[WebServer] [22m[2mdist/[22m[2massets/[22m[35mSortButton-BM8CIoh2.css                                                                   [39m[1m[2m    0.43 kB[22m[1m[22m[2m │ gzip:   0.24 kB[22m
[2m[WebServer] [22m[2mdist/[22m[2massets/[22m[35mCreateNftToken-6pgy-g2G.css                                                               [39m[1m[2m    0.46 kB[22m[1m[22m[2m │ gzip:   0.24 kB[22m
[2m[WebServer] [22m[2mdist/[22m[2massets/[22m[35mCreateSimpleToken-pgF2vTCn.css                                                            [39m[1m[2m    0.46 kB[22m[1m[22m[2m │ gzip:   0.24 kB[22m
[2m[WebServer] [22m[2mdist/[22m[2massets/[22m[35mCancelOrders-DnnpuMIs.css                                                                 [39m[1m[2m    0.46 kB[22m[1m[22m[2m │ gzip:   0.26 kB[22m
[2m[WebServer] [22m[2mdist/[22m[2massets/[22m[35mPriceChart-iNtn42me.css                                                                   [39m[1m[2m    0.46 kB[22m[1m[22m[2m │ gzip:   0.25 kB[22m
[2m[WebServer] [22m[2mdist/[22m[2massets/[22m[35mPairTokenLogo-B87U7A1P.css                                                                [39m[1m[2m    0.46 kB[22m[1m[22m[2m │ gzip:   0.21 kB[22m
[2m[WebServer] [22m[2mdist/[22m[2massets/[22m[35mExploreOverallStats-BXxv6kQT.css                                                          [39m[1m[2m    0.47 kB[22m[1m[22m[2m │ gzip:   0.26 kB[22m
[2m[WebServer] [22m[2mdist/[22m[2massets/[22m[35mDepositTxHistory-CWCue5bd.css                                                             [39m[1m[2m    0.48 kB[22m[1m[22m[2m │ gzip:   0.19 kB[22m
[2m[WebServer] [22m[2mdist/[22m[2massets/[22m[35mHeader-D7gxnUjo.css                                                                       [39m[1m[2m    0.48 kB[22m[1m[22m[2m │ gzip:   0.27 kB[22m
[2m[WebServer] [22m[2mdist/[22m[2massets/[22m[35mPaymentError-QSwln1D-.css                                                                 [39m[1m[2m    0.54 kB[22m[1m[22m[2m │ gzip:   0.26 kB[22m
[2m[WebServer] [22m[2mdist/[22m[2massets/[22m[35mPositionStatus-Bz4ZmuID.css                                                               [39m[1m[2m    0.54 kB[22m[1m[22m[2m │ gzip:   0.26 kB[22m
[2m[WebServer] [22m[2mdist/[22m[2massets/[22m[35mFileUploader-B5Fjm0Vq.css                                                                 [39m[1m[2m    0.54 kB[22m[1m[22m[2m │ gzip:   0.30 kB[22m
[2m[WebServer] [22m[2mdist/[22m[2massets/[22m[35mClaimDialog-xUeMpPMw.css                                                                  [39m[1m[2m    0.54 kB[22m[1m[22m[2m │ gzip:   0.25 kB[22m
[2m[WebServer] [22m[2mdist/[22m[2massets/[22m[35mTabs-BiinHzE0.css                                                                         [39m[1m[2m    0.55 kB[22m[1m[22m[2m │ gzip:   0.26 kB[22m
[2m[WebServer] [22m[2mdist/[22m[2massets/[22m[35mSelectAsset-DFPkoCeE.css                                                                  [39m[1m[2m    0.55 kB[22m[1m[22m[2m │ gzip:   0.29 kB[22m
[2m[WebServer] [22m[2mdist/[22m[2massets/[22m[35mWalletAccount-K1AsJ_f7.css                                                                [39m[1m[2m    0.57 kB[22m[1m[22m[2m │ gzip:   0.27 kB[22m
[2m[WebServer] [22m[2mdist/[22m[2massets/[22m[35mAssetOwnerDetails-DSJSwPvu.css                                                            [39m[1m[2m    0.57 kB[22m[1m[22m[2m │ gzip:   0.24 kB[22m
[2m[WebServer] [22m[2mdist/[22m[2massets/[22m[35mNodeIcon-Cgyn32Ym.css                                                                     [39m[1m[2m    0.57 kB[22m[1m[22m[2m │ gzip:   0.20 kB[22m
[2m[WebServer] [22m[2mdist/[22m[2massets/[22m[35mStatsFilter-DlZArXOA.css                                                                  [39m[1m[2m    0.57 kB[22m[1m[22m[2m │ gzip:   0.31 kB[22m
[2m[WebServer] [22m[2mdist/[22m[2massets/[22m[35mTokensRow-DSSA3WJD.css                                                                    [39m[1m[2m    0.58 kB[22m[1m[22m[2m │ gzip:   0.25 kB[22m
[2m[WebServer] [22m[2mdist/[22m[2massets/[22m[35mBurnDialog-DBJOlz3h.css                                                                   [39m[1m[2m    0.58 kB[22m[1m[22m[2m │ gzip:   0.29 kB[22m
[2m[WebServer] [22m[2mdist/[22m[2massets/[22m[35mProgressCard-D5-pfn2f.css                                                                 [39m[1m[2m    0.60 kB[22m[1m[22m[2m │ gzip:   0.27 kB[22m
[2m[WebServer] [22m[2mdist/[22m[2massets/[22m[35mCalculatorButton-B4INDC3l.css                                                             [39m[1m[2m    0.61 kB[22m[1m[22m[2m │ gzip:   0.31 kB[22m
[2m[WebServer] [22m[2mdist/[22m[2massets/[22m[35mToSDialog-CnOfIlYs.css                                                                    [39m[1m[2m    0.62 kB[22m[1m[22m[2m │ gzip:   0.34 kB[22m
[2m[WebServer] [22m[2mdist/[22m[2massets/[22m[35mPlaceOrder-O9K9_OpS.css                                                                   [39m[1m[2m    0.62 kB[22m[1m[22m[2m │ gzip:   0.33 kB[22m
[2m[WebServer] [22m[2mdist/[22m[2massets/[22m[35mConfirmBonding-RUZcUe2F.css                                                               [39m[1m[2m    0.63 kB[22m[1m[22m[2m │ gzip:   0.29 kB[22m
[2m[WebServer] [22m[2mdist/[22m[2massets/[22m[35mLimitCard-DJqO0Hz4.css                                                                    [39m[1m[2m    0.64 kB[22m[1m[22m[2m │ gzip:   0.30 kB[22m
[2m[WebServer] [22m[2mdist/[22m[2massets/[22m[35mHistoryPagination-OzoJhNPD.css                                                            [39m[1m[2m    0.64 kB[22m[1m[22m[2m │ gzip:   0.28 kB[22m
[2m[WebServer] [22m[2mdist/[22m[2massets/[22m[35mValidatorsDialog-BQMSDaGH.css                                                             [39m[1m[2m    0.64 kB[22m[1m[22m[2m │ gzip:   0.27 kB[22m
[2m[WebServer] [22m[2mdist/[22m[2massets/[22m[35mConfirmBridgeTransaction-rVSpYTGX.css                                                     [39m[1m[2m    0.65 kB[22m[1m[22m[2m │ gzip:   0.30 kB[22m
[2m[WebServer] [22m[2mdist/[22m[2massets/[22m[35mActionsMenu-DgvIawWc.css                                                                  [39m[1m[2m    0.66 kB[22m[1m[22m[2m │ gzip:   0.18 kB[22m
[2m[WebServer] [22m[2mdist/[22m[2massets/[22m[35mNetworkStats-BKN8Xm7Y.css                                                                 [39m[1m[2m    0.67 kB[22m[1m[22m[2m │ gzip:   0.33 kB[22m
[2m[WebServer] [22m[2mdist/[22m[2massets/[22m[35mAmountHeader-DYAfVgSF.css                                                                 [39m[1m[2m    0.69 kB[22m[1m[22m[2m │ gzip:   0.29 kB[22m
[2m[WebServer] [22m[2mdist/[22m[2massets/[22m[35mMstNotificationTrxs-BdMHNUP1.css                                                          [39m[1m[2m    0.70 kB[22m[1m[22m[2m │ gzip:   0.32 kB[22m
[2m[WebServer] [22m[2mdist/[22m[2massets/[22m[35mFirstTxCard-r5XuLXH6.css                                                                  [39m[1m[2m    0.72 kB[22m[1m[22m[2m │ gzip:   0.32 kB[22m
[2m[WebServer] [22m[2mdist/[22m[2massets/[22m[35mValidatorsAttentionDialog-BNvPTt6b.css                                                    [39m[1m[2m    0.72 kB[22m[1m[22m[2m │ gzip:   0.33 kB[22m
[2m[WebServer] [22m[2mdist/[22m[2massets/[22m[35mBlockedRotatePhone-BY2Pg4Jy.css                                                           [39m[1m[2m    0.73 kB[22m[1m[22m[2m │ gzip:   0.31 kB[22m
[2m[WebServer] [22m[2mdist/[22m[2massets/[22m[35mConfirm-BmwR9iFu.css                                                                      [39m[1m[2m    0.75 kB[22m[1m[22m[2m │ gzip:   0.33 kB[22m
[2m[WebServer] [22m[2mdist/[22m[2massets/[22m[35mConfirmDialog-BkO3blhy.css                                                                [39m[1m[2m    0.76 kB[22m[1m[22m[2m │ gzip:   0.31 kB[22m
[2m[WebServer] [22m[2mdist/[22m[2massets/[22m[35mSelectValidatorsMode-tTQAeIbB.css                                                         [39m[1m[2m    0.77 kB[22m[1m[22m[2m │ gzip:   0.36 kB[22m
[2m[WebServer] [22m[2mdist/[22m[2massets/[22m[35mKycView-DGngeejD.css                                                                      [39m[1m[2m    0.78 kB[22m[1m[22m[2m │ gzip:   0.38 kB[22m
[2m[WebServer] [22m[2mdist/[22m[2massets/[22m[35mEmail-Tdu4inSZ.css                                                                        [39m[1m[2m    0.79 kB[22m[1m[22m[2m │ gzip:   0.32 kB[22m
[2m[WebServer] [22m[2mdist/[22m[2massets/[22m[35mOption-Sp_W5NdF.css                                                                       [39m[1m[2m    0.79 kB[22m[1m[22m[2m │ gzip:   0.29 kB[22m
[2m[WebServer] [22m[2mdist/[22m[2massets/[22m[35mStatusActionBadge-selANzYx.css                                                            [39m[1m[2m    0.81 kB[22m[1m[22m[2m │ gzip:   0.40 kB[22m
[2m[WebServer] [22m[2mdist/[22m[2massets/[22m[35mValidatorsType-Da0TuTSE.css                                                               [39m[1m[2m    0.83 kB[22m[1m[22m[2m │ gzip:   0.39 kB[22m
[2m[WebServer] [22m[2mdist/[22m[2massets/[22m[35mMarketTradesWidget-BmP556SQ.css                                                           [39m[1m[2m    0.83 kB[22m[1m[22m[2m │ gzip:   0.32 kB[22m
[2m[WebServer] [22m[2mdist/[22m[2massets/[22m[35mAssetList-3XtURGSP.css                                                                    [39m[1m[2m    0.84 kB[22m[1m[22m[2m │ gzip:   0.39 kB[22m
[2m[WebServer] [22m[2mdist/[22m[2massets/[22m[35mExtension-DAtbnwIU.css                                                                    [39m[1m[2m    0.87 kB[22m[1m[22m[2m │ gzip:   0.37 kB[22m
[2m[WebServer] [22m[2mdist/[22m[2massets/[22m[35mValueStatusWrapper-Bcw9MlIc.css                                                           [39m[1m[2m    0.88 kB[22m[1m[22m[2m │ gzip:   0.27 kB[22m
[2m[WebServer] [22m[2mdist/[22m[2massets/[22m[35mCalculatorDialog-CbFL1k6N.css                                                             [39m[1m[2m    0.91 kB[22m[1m[22m[2m │ gzip:   0.41 kB[22m
[2m[WebServer] [22m[2mdist/[22m[2massets/[22m[35mTransactionHashView-RCt8mJIe.css                                                          [39m[1m[2m    0.91 kB[22m[1m[22m[2m │ gzip:   0.32 kB[22m
[2m[WebServer] [22m[2mdist/[22m[2massets/[22m[35mRotatePhoneDialog-BFLjmUoj.css                                                            [39m[1m[2m    0.92 kB[22m[1m[22m[2m │ gzip:   0.38 kB[22m
[2m[WebServer] [22m[2mdist/[22m[2massets/[22m[35mConfirm-4OxTXo11.css                                                                      [39m[1m[2m    0.93 kB[22m[1m[22m[2m │ gzip:   0.38 kB[22m
[2m[WebServer] [22m[2mdist/[22m[2massets/[22m[35mContainer-CH6kwfDJ.css                                                                    [39m[1m[2m    0.96 kB[22m[1m[22m[2m │ gzip:   0.39 kB[22m
[2m[WebServer] [22m[2mdist/[22m[2massets/[22m[35mGenericPageHeader--z0OcsvH.css                                                            [39m[1m[2m    0.97 kB[22m[1m[22m[2m │ gzip:   0.39 kB[22m
[2m[WebServer] [22m[2mdist/[22m[2massets/[22m[35mAccountPanel-PwDIiEVc.css                                                                 [39m[1m[2m    0.98 kB[22m[1m[22m[2m │ gzip:   0.43 kB[22m
[2m[WebServer] [22m[2mdist/[22m[2massets/[22m[35mCustomise-yIPkM868.css                                                                    [39m[1m[2m    1.03 kB[22m[1m[22m[2m │ gzip:   0.39 kB[22m
[2m[WebServer] [22m[2mdist/[22m[2massets/[22m[35mPoolCard-82nLndu5.css                                                                     [39m[1m[2m    1.07 kB[22m[1m[22m[2m │ gzip:   0.40 kB[22m
[2m[WebServer] [22m[2mdist/[22m[2massets/[22m[35mItemTooltip-HFoJR7fe.css                                                                  [39m[1m[2m    1.08 kB[22m[1m[22m[2m │ gzip:   0.34 kB[22m
[2m[WebServer] [22m[2mdist/[22m[2massets/[22m[35mSelectCountryDialog-DdPEu7Nd.css                                                          [39m[1m[2m    1.08 kB[22m[1m[22m[2m │ gzip:   0.38 kB[22m
[2m[WebServer] [22m[2mdist/[22m[2massets/[22m[35mConfirm-CPbbfeSK.css                                                                      [39m[1m[2m    1.09 kB[22m[1m[22m[2m │ gzip:   0.40 kB[22m
[2m[WebServer] [22m[2mdist/[22m[2massets/[22m[35mSoraCardKYC-Tjf_PhSR.css                                                                  [39m[1m[2m    1.12 kB[22m[1m[22m[2m │ gzip:   0.52 kB[22m
[2m[WebServer] [22m[2mdist/[22m[2massets/[22m[35mValidatorsFilterDialog-BJTHqaTw.css                                                       [39m[1m[2m    1.14 kB[22m[1m[22m[2m │ gzip:   0.47 kB[22m
[2m[WebServer] [22m[2mdist/[22m[2massets/[22m[35minternal-fqa9z_3o.css                                                                     [39m[1m[2m    1.14 kB[22m[1m[22m[2m │ gzip:   0.37 kB[22m
[2m[WebServer] [22m[2mdist/[22m[2massets/[22m[35mConnectionItems-RUBjqCm8.css                                                              [39m[1m[2m    1.16 kB[22m[1m[22m[2m │ gzip:   0.38 kB[22m
[2m[WebServer] [22m[2mdist/[22m[2massets/[22m[35mConfirmInviteUser-dIvYTafa.css                                                            [39m[1m[2m    1.19 kB[22m[1m[22m[2m │ gzip:   0.40 kB[22m
[2m[WebServer] [22m[2mdist/[22m[2massets/[22m[35mTransactionDetails-aPzps3Hl.css                                                           [39m[1m[2m    1.19 kB[22m[1m[22m[2m │ gzip:   0.42 kB[22m
[2m[WebServer] [22m[2mdist/[22m[2massets/[22m[35mAssetListItem-Icv3ETd8.css                                                                [39m[1m[2m    1.25 kB[22m[1m[22m[2m │ gzip:   0.48 kB[22m
[2m[WebServer] [22m[2mdist/[22m[2massets/[22m[35mWithdrawDialog-BN6PkWiW.css                                                               [39m[1m[2m    1.25 kB[22m[1m[22m[2m │ gzip:   0.49 kB[22m
[2m[WebServer] [22m[2mdist/[22m[2massets/[22m[35mStatusBadge-ULIQFaCn.css                                                                  [39m[1m[2m    1.26 kB[22m[1m[22m[2m │ gzip:   0.49 kB[22m
[2m[WebServer] [22m[2mdist/[22m[2massets/[22m[35mPayment-BE3NtddY.css                                                                      [39m[1m[2m    1.27 kB[22m[1m[22m[2m │ gzip:   0.49 kB[22m
[2m[WebServer] [22m[2mdist/[22m[2massets/[22m[35mForm-DRL4eL9O.css                                                                         [39m[1m[2m    1.28 kB[22m[1m[22m[2m │ gzip:   0.45 kB[22m
[2m[WebServer] [22m[2mdist/[22m[2massets/[22m[35mGuidance-CjT3EM_B.css                                                                     [39m[1m[2m    1.29 kB[22m[1m[22m[2m │ gzip:   0.46 kB[22m
[2m[WebServer] [22m[2mdist/[22m[2massets/[22m[35mHistoryOrderWidget-C0895UgH.css                                                           [39m[1m[2m    1.29 kB[22m[1m[22m[2m │ gzip:   0.42 kB[22m
[2m[WebServer] [22m[2mdist/[22m[2massets/[22m[35mVaultDetailsHistory-D0B1m-J0.css                                                          [39m[1m[2m    1.32 kB[22m[1m[22m[2m │ gzip:   0.48 kB[22m
[2m[WebServer] [22m[2mdist/[22m[2massets/[22m[35mStakeDialog-CzjYoYmv.css                                                                  [39m[1m[2m    1.34 kB[22m[1m[22m[2m │ gzip:   0.47 kB[22m
[2m[WebServer] [22m[2mdist/[22m[2massets/[22m[35mSimpleNotification-C5xy74Vs.css                                                           [39m[1m[2m    1.35 kB[22m[1m[22m[2m │ gzip:   0.43 kB[22m
[2m[WebServer] [22m[2mdist/[22m[2massets/[22m[35mAccountCard-Du2iGv4L.css                                                                  [39m[1m[2m    1.39 kB[22m[1m[22m[2m │ gzip:   0.50 kB[22m
[2m[WebServer] [22m[2mdist/[22m[2massets/[22m[35mAppLogoButton-BD03xjNR.css                                                                [39m[1m[2m    1.40 kB[22m[1m[22m[2m │ gzip:   0.63 kB[22m
[2m[WebServer] [22m[2mdist/[22m[2massets/[22m[35mBase-DEU9Ewle.css                                                                         [39m[1m[2m    1.42 kB[22m[1m[22m[2m │ gzip:   0.50 kB[22m
[2m[WebServer] [22m[2mdist/[22m[2massets/[22m[35mTermsAndConditions-B0NinY24.css                                                           [39m[1m[2m    1.44 kB[22m[1m[22m[2m │ gzip:   0.51 kB[22m
[2m[WebServer] [22m[2mdist/[22m[2massets/[22m[35mSelectNetwork-BBOJ-wL5.css                                                                [39m[1m[2m    1.49 kB[22m[1m[22m[2m │ gzip:   0.50 kB[22m
[2m[WebServer] [22m[2mdist/[22m[2massets/[22m[35mSetLimitOrderWidget-D4Uvl1ar.css                                                          [39m[1m[2m    1.49 kB[22m[1m[22m[2m │ gzip:   0.39 kB[22m
[2m[WebServer] [22m[2mdist/[22m[2massets/[22m[35mWalletBase-BdXqhROW.css                                                                   [39m[1m[2m    1.51 kB[22m[1m[22m[2m │ gzip:   0.52 kB[22m
[2m[WebServer] [22m[2mdist/[22m[2massets/[22m[35mForm-BU-AMB-F.css                                                                         [39m[1m[2m    1.53 kB[22m[1m[22m[2m │ gzip:   0.51 kB[22m
[2m[WebServer] [22m[2mdist/[22m[2massets/[22m[35mDepositOptions-BNBmI_Cy.css                                                               [39m[1m[2m    1.57 kB[22m[1m[22m[2m │ gzip:   0.59 kB[22m
[2m[WebServer] [22m[2mdist/[22m[2massets/[22m[35mAddAssetDetailsCard-Ct4LNbUr.css                                                          [39m[1m[2m    1.57 kB[22m[1m[22m[2m │ gzip:   0.47 kB[22m
[2m[WebServer] [22m[2mdist/[22m[2massets/[22m[35mAssetsFilter-Bqg8BkR6.css                                                                 [39m[1m[2m    1.59 kB[22m[1m[22m[2m │ gzip:   0.55 kB[22m
[2m[WebServer] [22m[2mdist/[22m[2massets/[22m[35mLtvProgressBar-C6LoNv0c.css                                                               [39m[1m[2m    1.62 kB[22m[1m[22m[2m │ gzip:   0.42 kB[22m
[2m[WebServer] [22m[2mdist/[22m[2massets/[22m[35mDistribution-hkVBsyrL.css                                                                 [39m[1m[2m    1.64 kB[22m[1m[22m[2m │ gzip:   0.56 kB[22m
[2m[WebServer] [22m[2mdist/[22m[2massets/[22m[35mDialogBase-C7-3kBAv.css                                                                   [39m[1m[2m    1.71 kB[22m[1m[22m[2m │ gzip:   0.56 kB[22m
[2m[WebServer] [22m[2mdist/[22m[2massets/[22m[35mTaskCard-DD7duYoM.css                                                                     [39m[1m[2m    1.73 kB[22m[1m[22m[2m │ gzip:   0.51 kB[22m
[2m[WebServer] [22m[2mdist/[22m[2massets/[22m[35mClaimRewardsDialog-Cim8u3W6.css                                                           [39m[1m[2m    1.75 kB[22m[1m[22m[2m │ gzip:   0.55 kB[22m
[2m[WebServer] [22m[2mdist/[22m[2massets/[22m[35mStakeDialog-7vDHSBzr.css                                                                  [39m[1m[2m    1.78 kB[22m[1m[22m[2m │ gzip:   0.60 kB[22m
[2m[WebServer] [22m[2mdist/[22m[2massets/[22m[35mMoonpayHistory-CPbpiboO.css                                                               [39m[1m[2m    1.79 kB[22m[1m[22m[2m │ gzip:   0.56 kB[22m
[2m[WebServer] [22m[2mdist/[22m[2massets/[22m[35mFormattedAmount-BaFl-qnW.css                                                              [39m[1m[2m    1.85 kB[22m[1m[22m[2m │ gzip:   0.48 kB[22m
[2m[WebServer] [22m[2mdist/[22m[2massets/[22m[35mResponsiveTabs-DRsOKlDi.css                                                               [39m[1m[2m    1.91 kB[22m[1m[22m[2m │ gzip:   0.45 kB[22m
[2m[WebServer] [22m[2mdist/[22m[2massets/[22m[35mBridge-ClgbT6TM.css                                                                       [39m[1m[2m    1.92 kB[22m[1m[22m[2m │ gzip:   0.68 kB[22m
[2m[WebServer] [22m[2mdist/[22m[2massets/[22m[35mSelectIndexer-BN8dp5Vb.css                                                                [39m[1m[2m    2.04 kB[22m[1m[22m[2m │ gzip:   0.56 kB[22m
[2m[WebServer] [22m[2mdist/[22m[2massets/[22m[35mCreateAlert-BS9yjl1A.css                                                                  [39m[1m[2m    2.04 kB[22m[1m[22m[2m │ gzip:   0.62 kB[22m
[2m[WebServer] [22m[2mdist/[22m[2massets/[22m[35mVaultDetails-BHwSfxTi.css                                                                 [39m[1m[2m    2.05 kB[22m[1m[22m[2m │ gzip:   0.62 kB[22m
[2m[WebServer] [22m[2mdist/[22m[2massets/[22m[35mChartSkeleton-DGA_R1Lj.css                                                                [39m[1m[2m    2.06 kB[22m[1m[22m[2m │ gzip:   0.66 kB[22m
[2m[WebServer] [22m[2mdist/[22m[2massets/[22m[35mRewardsTabs-D635JZSQ.css                                                                  [39m[1m[2m    2.14 kB[22m[1m[22m[2m │ gzip:   0.47 kB[22m
[2m[WebServer] [22m[2mdist/[22m[2massets/[22m[35mPairListPopover-CAGDU09D.css                                                              [39m[1m[2m    2.16 kB[22m[1m[22m[2m │ gzip:   0.70 kB[22m
[2m[WebServer] [22m[2mdist/[22m[2massets/[22m[35mPhone-D--eRan6.css                                                                        [39m[1m[2m    2.16 kB[22m[1m[22m[2m │ gzip:   0.68 kB[22m
[2m[WebServer] [22m[2mdist/[22m[2massets/[22m[35mOrderBook-iLMq8z_1.css                                                                    [39m[1m[2m    2.17 kB[22m[1m[22m[2m │ gzip:   0.53 kB[22m
[2m[WebServer] [22m[2mdist/[22m[2massets/[22m[35mNftDetails-BvEFuFlC.css                                                                   [39m[1m[2m    2.18 kB[22m[1m[22m[2m │ gzip:   0.73 kB[22m
[2m[WebServer] [22m[2mdist/[22m[2massets/[22m[35mPointCard-BsaGi79u.css                                                                    [39m[1m[2m    2.23 kB[22m[1m[22m[2m │ gzip:   0.58 kB[22m
[2m[WebServer] [22m[2mdist/[22m[2massets/[22m[35mInput-D2VYrEa-.css                                                                        [39m[1m[2m    2.24 kB[22m[1m[22m[2m │ gzip:   0.66 kB[22m
[2m[WebServer] [22m[2mdist/[22m[2massets/[22m[35mBurn-DxPim0dl.css                                                                         [39m[1m[2m    2.27 kB[22m[1m[22m[2m │ gzip:   0.66 kB[22m
[2m[WebServer] [22m[2mdist/[22m[2massets/[22m[35mAlertList-D1ER24uj.css                                                                    [39m[1m[2m    2.27 kB[22m[1m[22m[2m │ gzip:   0.63 kB[22m
[2m[WebServer] [22m[2mdist/[22m[2massets/[22m[35mSelectToken-C2GvdIMU.css                                                                  [39m[1m[2m    2.27 kB[22m[1m[22m[2m │ gzip:   0.61 kB[22m
[2m[WebServer] [22m[2mdist/[22m[2massets/[22m[35mPool-gvxEbM6e.css                                                                         [39m[1m[2m    2.28 kB[22m[1m[22m[2m │ gzip:   0.70 kB[22m
[2m[WebServer] [22m[2mdist/[22m[2massets/[22m[35mOrderTable-nf3eUsRW.css                                                                   [39m[1m[2m    2.28 kB[22m[1m[22m[2m │ gzip:   0.64 kB[22m
[2m[WebServer] [22m[2mdist/[22m[2massets/[22m[35mOverview-BxhaaukB.css                                                                     [39m[1m[2m    2.34 kB[22m[1m[22m[2m │ gzip:   0.78 kB[22m
[2m[WebServer] [22m[2mdist/[22m[2massets/[22m[35mAssetOwner-D_xvf2ko.css                                                                   [39m[1m[2m    2.36 kB[22m[1m[22m[2m │ gzip:   0.52 kB[22m
[2m[WebServer] [22m[2mdist/[22m[2massets/[22m[35mRewards-DmFDvi1l.css                                                                      [39m[1m[2m    2.42 kB[22m[1m[22m[2m │ gzip:   0.71 kB[22m
[2m[WebServer] [22m[2mdist/[22m[2massets/[22m[35mTokenSelectButton-C1AOm7xY.css                                                            [39m[1m[2m    2.46 kB[22m[1m[22m[2m │ gzip:   0.46 kB[22m
[2m[WebServer] [22m[2mdist/[22m[2massets/[22m[35mBookWidget-icTcomli.css                                                                   [39m[1m[2m    2.52 kB[22m[1m[22m[2m │ gzip:   0.86 kB[22m
[2m[WebServer] [22m[2mdist/[22m[2massets/[22m[35mInfoLine-BDD7Gaix.css                                                                     [39m[1m[2m    2.54 kB[22m[1m[22m[2m │ gzip:   0.76 kB[22m
[2m[WebServer] [22m[2mdist/[22m[2massets/[22m[35mConfirmationInfo-pV4HfStP.css                                                             [39m[1m[2m    2.71 kB[22m[1m[22m[2m │ gzip:   0.79 kB[22m
[2m[WebServer] [22m[2mdist/[22m[2massets/[22m[35mList-DT08pW31.css                                                                         [39m[1m[2m    2.78 kB[22m[1m[22m[2m │ gzip:   1.06 kB[22m
[2m[WebServer] [22m[2mdist/[22m[2massets/[22m[35mSlippageTolerance-CpZTd6cj.css                                                            [39m[1m[2m    2.78 kB[22m[1m[22m[2m │ gzip:   0.80 kB[22m
[2m[WebServer] [22m[2mdist/[22m[2massets/[22m[35mTokenLogo-DNT9SVZU.css                                                                    [39m[1m[2m    2.81 kB[22m[1m[22m[2m │ gzip:   0.48 kB[22m
[2m[WebServer] [22m[2mdist/[22m[2massets/[22m[35mAmountTable-vf-kufuL.css                                                                  [39m[1m[2m    2.84 kB[22m[1m[22m[2m │ gzip:   0.79 kB[22m
[2m[WebServer] [22m[2mdist/[22m[2massets/[22m[35mTokenInput-D_5aEvYg.css                                                                   [39m[1m[2m    2.91 kB[22m[1m[22m[2m │ gzip:   0.83 kB[22m
[2m[WebServer] [22m[2mdist/[22m[2massets/[22m[35mTaskDialog-D6aLJ0Hw.css                                                                   [39m[1m[2m    2.94 kB[22m[1m[22m[2m │ gzip:   0.74 kB[22m
[2m[WebServer] [22m[2mdist/[22m[2massets/[22m[35mDashboard-BNGnn0h2.css                                                                    [39m[1m[2m    2.97 kB[22m[1m[22m[2m │ gzip:   0.72 kB[22m
[2m[WebServer] [22m[2mdist/[22m[2massets/[22m[35mStaking-CAn6mqNE.css                                                                      [39m[1m[2m    2.98 kB[22m[1m[22m[2m │ gzip:   0.79 kB[22m
[2m[WebServer] [22m[2mdist/[22m[2massets/[22m[35mVaults-DoT4WBhr.css                                                                       [39m[1m[2m    2.98 kB[22m[1m[22m[2m │ gzip:   0.77 kB[22m
[2m[WebServer] [22m[2mdist/[22m[2massets/[22m[35mMobilePopup-DiL7xKDs.css                                                                  [39m[1m[2m    3.06 kB[22m[1m[22m[2m │ gzip:   1.44 kB[22m
[2m[WebServer] [22m[2mdist/[22m[2massets/[22m[35mGrid-cm3IUyDt.css                                                                         [39m[1m[2m    3.23 kB[22m[1m[22m[2m │ gzip:   1.29 kB[22m
[2m[WebServer] [22m[2mdist/[22m[2massets/[22m[35mPendingRewardsDialog-BwW1Umke.css                                                         [39m[1m[2m    3.25 kB[22m[1m[22m[2m │ gzip:   0.87 kB[22m
[2m[WebServer] [22m[2mdist/[22m[2massets/[22m[35mAllWithdrawsDialog-B2mCEKy1.css                                                           [39m[1m[2m    3.27 kB[22m[1m[22m[2m │ gzip:   0.88 kB[22m
[2m[WebServer] [22m[2mdist/[22m[2massets/[22m[35mBridgeTransactionsHistory-Cq6lQoLh.css                                                    [39m[1m[2m    3.34 kB[22m[1m[22m[2m │ gzip:   0.97 kB[22m
[2m[WebServer] [22m[2mdist/[22m[2massets/[22m[35mValidatorsList-DQXfsTSQ.css                                                               [39m[1m[2m    3.84 kB[22m[1m[22m[2m │ gzip:   1.03 kB[22m
[2m[WebServer] [22m[2mdist/[22m[2massets/[22m[35mBuySell-3xc4g1Ez.css                                                                      [39m[1m[2m    4.03 kB[22m[1m[22m[2m │ gzip:   1.15 kB[22m
[2m[WebServer] [22m[2mdist/[22m[2massets/[22m[35mNotificationEnablingPage-BHUk9Vcr.css                                                     [39m[1m[2m    4.07 kB[22m[1m[22m[2m │ gzip:   2.92 kB[22m
[2m[WebServer] [22m[2mdist/[22m[2massets/[22m[35mPointSystemV2-Fm0Bo4mT.css                                                                [39m[1m[2m    4.72 kB[22m[1m[22m[2m │ gzip:   1.18 kB[22m
[2m[WebServer] [22m[2mdist/[22m[2massets/[22m[35mPointSystem-nNfSU84Y.css                                                                  [39m[1m[2m    4.83 kB[22m[1m[22m[2m │ gzip:   1.53 kB[22m
[2m[WebServer] [22m[2mdist/[22m[2massets/[22m[35mSoraCardIntroPage-7Rwl6I4Q.css                                                            [39m[1m[2m    5.56 kB[22m[1m[22m[2m │ gzip:   2.02 kB[22m
[2m[WebServer] [22m[2mdist/[22m[2massets/[22m[35mBridgeTransaction-DvzfTyFi.css                                                            [39m[1m[2m    7.03 kB[22m[1m[22m[2m │ gzip:   2.13 kB[22m
[2m[WebServer] [22m[2mdist/[22m[2massets/[22m[35mBooks-Dupfl_8t.css                                                                        [39m[1m[2m    7.38 kB[22m[1m[22m[2m │ gzip:   1.17 kB[22m
[2m[WebServer] [22m[2mdist/[22m[2massets/[22m[35mTokens-BJF4M_K-.css                                                                       [39m[1m[2m    7.55 kB[22m[1m[22m[2m │ gzip:   1.24 kB[22m
[2m[WebServer] [22m[2mdist/[22m[2massets/[22m[35mTransactions-B1Z7JKFS.css                                                                 [39m[1m[2m    7.65 kB[22m[1m[22m[2m │ gzip:   1.25 kB[22m
[2m[WebServer] [22m[2mdist/[22m[2massets/[22m[35mExploreCollaterals-CAkQkOGH.css                                                           [39m[1m[2m    8.22 kB[22m[1m[22m[2m │ gzip:   1.40 kB[22m
[2m[WebServer] [22m[2mdist/[22m[2massets/[22m[35mReferralProgram-COm-GjYn.css                                                              [39m[1m[2m   10.50 kB[22m[1m[22m[2m │ gzip:   2.39 kB[22m
[2m[WebServer] [22m[2mdist/[22m[2massets/[22m[35mSoraWallet-B_vp85gq.css                                                                   [39m[1m[2m   14.33 kB[22m[1m[22m[2m │ gzip:   2.63 kB[22m
[2m[WebServer] [22m[2mdist/[22m[2massets/[22m[35mindex-BCEgWbwL.css                                                                        [39m[1m[2m   52.15 kB[22m[1m[22m[2m │ gzip:  14.33 kB[22m
[2m[WebServer] [22m[2mdist/[22m[2massets/[22m[36mempty-73bf2089-7KI713n1.js                                                                [39m[1m[2m    0.03 kB[22m[1m[22m[2m │ gzip:   0.05 kB[22m
[2m[WebServer] [22m[2mdist/[22m[2massets/[22m[36mNavigationUtil-DmfK5sOV.js                                                                [39m[1m[2m    0.07 kB[22m[1m[22m[2m │ gzip:   0.09 kB[22m
[2m[WebServer] [22m[2mdist/[22m[2massets/[22m[36micons-BcLzFrMT.js                                                                         [39m[1m[2m    0.09 kB[22m[1m[22m[2m │ gzip:   0.09 kB[22m
[2m[WebServer] [22m[2mdist/[22m[2massets/[22m[36mif-defined-DY7ZErED.js                                                                    [39m[1m[2m    0.16 kB[22m[1m[22m[2m │ gzip:   0.16 kB[22m
[2m[WebServer] [22m[2mdist/[22m[2massets/[22m[36mutil-CY_tyvn6.js                                                                          [39m[1m[2m    0.18 kB[22m[1m[22m[2m │ gzip:   0.17 kB[22m
[2m[WebServer] [22m[2mdist/[22m[2massets/[22m[36mtabs-B3l8HvCx.js                                                                          [39m[1m[2m    0.18 kB[22m[1m[22m[2m │ gzip:   0.14 kB[22m
[2m[WebServer] [22m[2mdist/[22m[2massets/[22m[36mNoInternetDialog-ClQr0cKD.js                                                              [39m[1m[2m    0.19 kB[22m[1m[22m[2m │ gzip:   0.16 kB[22m
[2m[WebServer] [22m[2mdist/[22m[2massets/[22m[36mAppAccountButton-DFdSvv8E.js                                                              [39m[1m[2m    0.19 kB[22m[1m[22m[2m │ gzip:   0.16 kB[22m
[2m[WebServer] [22m[2mdist/[22m[2massets/[22m[36mAppHeaderMenu-BK6WwHPe.js                                                                 [39m[1m[2m    0.19 kB[22m[1m[22m[2m │ gzip:   0.16 kB[22m
[2m[WebServer] [22m[2mdist/[22m[2massets/[22m[36mAppInfoPopper-DTZ-Frbj.js                                                                 [39m[1m[2m    0.19 kB[22m[1m[22m[2m │ gzip:   0.16 kB[22m
[2m[WebServer] [22m[2mdist/[22m[2massets/[22m[36mAppMenu-BvGn0ZPJ.js                                                                       [39m[1m[2m    0.19 kB[22m[1m[22m[2m │ gzip:   0.16 kB[22m
[2m[WebServer] [22m[2mdist/[22m[2massets/[22m[36mSora-Bu6h3Hhh.js                                                                          [39m[1m[2m    0.19 kB[22m[1m[22m[2m │ gzip:   0.16 kB[22m
[2m[WebServer] [22m[2mdist/[22m[2massets/[22m[36museDialogModel-Mg_CsMTx.js                                                                [39m[1m[2m    0.19 kB[22m[1m[22m[2m │ gzip:   0.17 kB[22m
[2m[WebServer] [22m[2mdist/[22m[2massets/[22m[36morderBook-CBv5aWM6.js                                                                     [39m[1m[2m    0.22 kB[22m[1m[22m[2m │ gzip:   0.17 kB[22m
[2m[WebServer] [22m[2mdist/[22m[2massets/[22m[36mconsts-Bf-kzBRE.js                                                                        [39m[1m[2m    0.22 kB[22m[1m[22m[2m │ gzip:   0.15 kB[22m
[2m[WebServer] [22m[2mdist/[22m[2massets/[22m[36museTokenSelect-eNWuAeeQ.js                                                                [39m[1m[2m    0.23 kB[22m[1m[22m[2m │ gzip:   0.20 kB[22m
[2m[WebServer] [22m[2mdist/[22m[2massets/[22m[36mItemTooltip-DLY9xPjV.js                                                                   [39m[1m[2m    0.25 kB[22m[1m[22m[2m │ gzip:   0.20 kB[22m
[2m[WebServer] [22m[2mdist/[22m[2massets/[22m[36mMoonpay-BK9p_Aw_.js                                                                       [39m[1m[2m    0.25 kB[22m[1m[22m[2m │ gzip:   0.20 kB[22m
[2m[WebServer] [22m[2mdist/[22m[2massets/[22m[36mCedeStore-CkC4LPzL.js                                                                     [39m[1m[2m    0.26 kB[22m[1m[22m[2m │ gzip:   0.20 kB[22m
[2m[WebServer] [22m[2mdist/[22m[2massets/[22m[36mPolkaswap-CxPr2xfJ.js                                                                     [39m[1m[2m    0.26 kB[22m[1m[22m[2m │ gzip:   0.20 kB[22m
[2m[WebServer] [22m[2mdist/[22m[2massets/[22m[36mpackageDetect-C9kWhaBO.js                                                                 [39m[1m[2m    0.28 kB[22m[1m[22m[2m │ gzip:   0.21 kB[22m
[2m[WebServer] [22m[2mdist/[22m[2massets/[22m[36mSelectNode-BvbISSLL.js                                                                    [39m[1m[2m    0.29 kB[22m[1m[22m[2m │ gzip:   0.22 kB[22m
[2m[WebServer] [22m[2mdist/[22m[2massets/[22m[36mNodeInfo-BaI60hFI.js                                                                      [39m[1m[2m    0.29 kB[22m[1m[22m[2m │ gzip:   0.22 kB[22m
[2m[WebServer] [22m[2mdist/[22m[2massets/[22m[36mWalletAvatar-CFexnWx_.js                                                                  [39m[1m[2m    0.29 kB[22m[1m[22m[2m │ gzip:   0.22 kB[22m
[2m[WebServer] [22m[2mdist/[22m[2massets/[22m[36mMarketAlgorithm-Ciwe0810.js                                                               [39m[1m[2m    0.31 kB[22m[1m[22m[2m │ gzip:   0.23 kB[22m
[2m[WebServer] [22m[2mdist/[22m[2massets/[22m[36mswap-6XZWkzzn.js                                                                          [39m[1m[2m    0.33 kB[22m[1m[22m[2m │ gzip:   0.26 kB[22m
[2m[WebServer] [22m[2mdist/[22m[2massets/[22m[36museConfirmDialog-B3sOq7co.js                                                              [39m[1m[2m    0.35 kB[22m[1m[22m[2m │ gzip:   0.25 kB[22m
[2m[WebServer] [22m[2mdist/[22m[2massets/[22m[36mTokenLogo-SNOMKSmh.js                                                                     [39m[1m[2m    0.35 kB[22m[1m[22m[2m │ gzip:   0.26 kB[22m
[2m[WebServer] [22m[2mdist/[22m[2massets/[22m[36mFormattedAmount-XwwZ9XB0.js                                                               [39m[1m[2m    0.36 kB[22m[1m[22m[2m │ gzip:   0.26 kB[22m
[2m[WebServer] [22m[2mdist/[22m[2massets/[22m[36mBarChart-DXbc8JFB.js                                                                      [39m[1m[2m    0.38 kB[22m[1m[22m[2m │ gzip:   0.25 kB[22m
[2m[WebServer] [22m[2mdist/[22m[2massets/[22m[36mTvlChart-DrWMu_mq.js                                                                      [39m[1m[2m    0.38 kB[22m[1m[22m[2m │ gzip:   0.25 kB[22m
[2m[WebServer] [22m[2mdist/[22m[2massets/[22m[36mOrderTable-DUG7d0cl.js                                                                    [39m[1m[2m    0.39 kB[22m[1m[22m[2m │ gzip:   0.26 kB[22m
[2m[WebServer] [22m[2mdist/[22m[2massets/[22m[36mMSTWarningBridge-D8gJryok.js                                                              [39m[1m[2m    0.41 kB[22m[1m[22m[2m │ gzip:   0.31 kB[22m
[2m[WebServer] [22m[2mdist/[22m[2massets/[22m[36mNetworkFeeWarning-cPs6lPL_.js                                                             [39m[1m[2m    0.42 kB[22m[1m[22m[2m │ gzip:   0.25 kB[22m
[2m[WebServer] [22m[2mdist/[22m[2massets/[22m[36mSupplyChart-B_U-ZKlx.js                                                                   [39m[1m[2m    0.43 kB[22m[1m[22m[2m │ gzip:   0.28 kB[22m
[2m[WebServer] [22m[2mdist/[22m[2massets/[22m[36mSearchInput.vue_vue_type_style_index_0_lang-DjEd5Ufp.js                                   [39m[1m[2m    0.43 kB[22m[1m[22m[2m │ gzip:   0.34 kB[22m
[2m[WebServer] [22m[2mdist/[22m[2massets/[22m[36mwalletCore-D3R7QC-f.js                                                                    [39m[1m[2m    0.45 kB[22m[1m[22m[2m │ gzip:   0.31 kB[22m
[2m[WebServer] [22m[2mdist/[22m[2massets/[22m[36musePoolApy-CkqZMPoB.js                                                                    [39m[1m[2m    0.47 kB[22m[1m[22m[2m │ gzip:   0.33 kB[22m
[2m[WebServer] [22m[2mdist/[22m[2massets/[22m[36mnetworkMd-Ots3Gd6f.js                                                                     [39m[1m[2m    0.50 kB[22m[1m[22m[2m │ gzip:   0.31 kB[22m
[2m[WebServer] [22m[2mdist/[22m[2massets/[22m[36mFormattedAmountWithFiatValue-Yr-r1nfs.js                                                  [39m[1m[2m    0.50 kB[22m[1m[22m[2m │ gzip:   0.31 kB[22m
[2m[WebServer] [22m[2mdist/[22m[2massets/[22m[36mErrorButton-C242uj_M.js                                                                   [39m[1m[2m    0.50 kB[22m[1m[22m[2m │ gzip:   0.34 kB[22m
[2m[WebServer] [22m[2mdist/[22m[2massets/[22m[36mGradientBox-Byi17mxQ.js                                                                   [39m[1m[2m    0.51 kB[22m[1m[22m[2m │ gzip:   0.38 kB[22m
[2m[WebServer] [22m[2mdist/[22m[2massets/[22m[36museCopyAddress-_9hgwqoz.js                                                                [39m[1m[2m    0.54 kB[22m[1m[22m[2m │ gzip:   0.35 kB[22m
[2m[WebServer] [22m[2mdist/[22m[2massets/[22m[36mStakingContainer-CtEyjUEZ.js                                                              [39m[1m[2m    0.55 kB[22m[1m[22m[2m │ gzip:   0.41 kB[22m
[2m[WebServer] [22m[2mdist/[22m[2massets/[22m[36mBackButton-Dpg6iVY7.js                                                                    [39m[1m[2m    0.55 kB[22m[1m[22m[2m │ gzip:   0.39 kB[22m
[2m[WebServer] [22m[2mdist/[22m[2massets/[22m[36mNotificationEnablingPage-BaWoWk_c.js                                                      [39m[1m[2m    0.57 kB[22m[1m[22m[2m │ gzip:   0.32 kB[22m
[2m[WebServer] [22m[2mdist/[22m[2massets/[22m[36mPoolInfo-pnn2xVcy.js                                                                      [39m[1m[2m    0.57 kB[22m[1m[22m[2m │ gzip:   0.36 kB[22m
[2m[WebServer] [22m[2mdist/[22m[2massets/[22m[36museValidatorsFormatting-DWFWHpBU.js                                                       [39m[1m[2m    0.59 kB[22m[1m[22m[2m │ gzip:   0.41 kB[22m
[2m[WebServer] [22m[2mdist/[22m[2massets/[22m[36mPositionStatus-Biy53qL4.js                                                                [39m[1m[2m    0.60 kB[22m[1m[22m[2m │ gzip:   0.41 kB[22m
[2m[WebServer] [22m[2mdist/[22m[2massets/[22m[36mConnectionItems-CSXCNQ7L.js                                                               [39m[1m[2m    0.60 kB[22m[1m[22m[2m │ gzip:   0.40 kB[22m
[2m[WebServer] [22m[2mdist/[22m[2massets/[22m[36mInputFocusMixin-cFWhpiRl.js                                                               [39m[1m[2m    0.60 kB[22m[1m[22m[2m │ gzip:   0.39 kB[22m
[2m[WebServer] [22m[2mdist/[22m[2massets/[22m[36mTranslationMixin-BeA7RsZd.js                                                              [39m[1m[2m    0.61 kB[22m[1m[22m[2m │ gzip:   0.41 kB[22m
[2m[WebServer] [22m[2mdist/[22m[2massets/[22m[36mCalculatorButton-4NQoCntl.js                                                              [39m[1m[2m    0.61 kB[22m[1m[22m[2m │ gzip:   0.41 kB[22m
[2m[WebServer] [22m[2mdist/[22m[2massets/[22m[36mCustomisePage-Dk6_thhd.js                                                                 [39m[1m[2m    0.61 kB[22m[1m[22m[2m │ gzip:   0.41 kB[22m
[2m[WebServer] [22m[2mdist/[22m[2massets/[22m[36mConnectionItems.vue_vue_type_style_index_0_lang-xldN9N8D.js                               [39m[1m[2m    0.62 kB[22m[1m[22m[2m │ gzip:   0.37 kB[22m
[2m[WebServer] [22m[2mdist/[22m[2massets/[22m[36museWidgetTokenSelect-Cz0Y8Xbb.js                                                          [39m[1m[2m    0.63 kB[22m[1m[22m[2m │ gzip:   0.40 kB[22m
[2m[WebServer] [22m[2mdist/[22m[2massets/[22m[36mExternalLink-CYkxycbs.js                                                                  [39m[1m[2m    0.64 kB[22m[1m[22m[2m │ gzip:   0.40 kB[22m
[2m[WebServer] [22m[2mdist/[22m[2massets/[22m[36mHelpersUtil-OK7L9BO-.js                                                                   [39m[1m[2m    0.68 kB[22m[1m[22m[2m │ gzip:   0.45 kB[22m
[2m[WebServer] [22m[2mdist/[22m[2massets/[22m[36mStakingHeader-M7AZjAYY.js                                                                 [39m[1m[2m    0.72 kB[22m[1m[22m[2m │ gzip:   0.49 kB[22m
[2m[WebServer] [22m[2mdist/[22m[2massets/[22m[36mFirstTxCard-BcOWptIw.js                                                                   [39m[1m[2m    0.74 kB[22m[1m[22m[2m │ gzip:   0.47 kB[22m
[2m[WebServer] [22m[2mdist/[22m[2massets/[22m[36mStatusActionBadge-DNsXaKwG.js                                                             [39m[1m[2m    0.74 kB[22m[1m[22m[2m │ gzip:   0.44 kB[22m
[2m[WebServer] [22m[2mdist/[22m[2massets/[22m[36mLtvProgressBar-CsnDBZwf.js                                                                [39m[1m[2m    0.75 kB[22m[1m[22m[2m │ gzip:   0.46 kB[22m
[2m[WebServer] [22m[2mdist/[22m[2massets/[22m[36mDataRow-BM9uKpuO.js                                                                       [39m[1m[2m    0.76 kB[22m[1m[22m[2m │ gzip:   0.45 kB[22m
[2m[WebServer] [22m[2mdist/[22m[2massets/[22m[36mStatusBadge-D__FtrJb.js                                                                   [39m[1m[2m    0.76 kB[22m[1m[22m[2m │ gzip:   0.49 kB[22m
[2m[WebServer] [22m[2mdist/[22m[2massets/[22m[36mme-Bf41oVhC.js                                                                            [39m[1m[2m    0.76 kB[22m[1m[22m[2m │ gzip:   0.45 kB[22m
[2m[WebServer] [22m[2mdist/[22m[2massets/[22m[36mbs-BeNrWa4N.js                                                                            [39m[1m[2m    0.77 kB[22m[1m[22m[2m │ gzip:   0.46 kB[22m
[2m[WebServer] [22m[2mdist/[22m[2massets/[22m[36mIFrame-DMWhsHbe.js                                                                        [39m[1m[2m    0.77 kB[22m[1m[22m[2m │ gzip:   0.51 kB[22m
[2m[WebServer] [22m[2mdist/[22m[2massets/[22m[36museSwapAmounts-Dti1U-wt.js                                                                [39m[1m[2m    0.79 kB[22m[1m[22m[2m │ gzip:   0.40 kB[22m
[2m[WebServer] [22m[2mdist/[22m[2massets/[22m[36mSearchInput-DQhNdTje.js                                                                   [39m[1m[2m    0.79 kB[22m[1m[22m[2m │ gzip:   0.51 kB[22m
[2m[WebServer] [22m[2mdist/[22m[2massets/[22m[36mrw-DCDIpnUu.js                                                                            [39m[1m[2m    0.79 kB[22m[1m[22m[2m │ gzip:   0.49 kB[22m
[2m[WebServer] [22m[2mdist/[22m[2massets/[22m[36mtzl-CdA74SdL.js                                                                           [39m[1m[2m    0.80 kB[22m[1m[22m[2m │ gzip:   0.49 kB[22m
[2m[WebServer] [22m[2mdist/[22m[2massets/[22m[36mlb-DOxnTZoK.js                                                                            [39m[1m[2m    0.81 kB[22m[1m[22m[2m │ gzip:   0.48 kB[22m
[2m[WebServer] [22m[2mdist/[22m[2massets/[22m[36mDialog-D5TbRblH.js                                                                        [39m[1m[2m    0.82 kB[22m[1m[22m[2m │ gzip:   0.52 kB[22m
[2m[WebServer] [22m[2mdist/[22m[2massets/[22m[36msnapshots-Cbsxldaa.js                                                                     [39m[1m[2m    0.82 kB[22m[1m[22m[2m │ gzip:   0.42 kB[22m
[2m[WebServer] [22m[2mdist/[22m[2massets/[22m[36mTokensRow-Bg0Sp8dZ.js                                                                     [39m[1m[2m    0.83 kB[22m[1m[22m[2m │ gzip:   0.52 kB[22m
[2m[WebServer] [22m[2mdist/[22m[2massets/[22m[36mDialog-Bmb0mWlK.js                                                                        [39m[1m[2m    0.84 kB[22m[1m[22m[2m │ gzip:   0.52 kB[22m
[2m[WebServer] [22m[2mdist/[22m[2massets/[22m[36mgom-latn-CPjazoev.js                                                                      [39m[1m[2m    0.84 kB[22m[1m[22m[2m │ gzip:   0.48 kB[22m
[2m[WebServer] [22m[2mdist/[22m[2massets/[22m[36mAppLogoButton-DatQBq8M.js                                                                 [39m[1m[2m    0.85 kB[22m[1m[22m[2m │ gzip:   0.54 kB[22m
[2m[WebServer] [22m[2mdist/[22m[2massets/[22m[36mPoolContainer-tChImCs-.js                                                                 [39m[1m[2m    0.89 kB[22m[1m[22m[2m │ gzip:   0.47 kB[22m
[2m[WebServer] [22m[2mdist/[22m[2massets/[22m[36mPairTokenLogo-CNtFlrwm.js                                                                 [39m[1m[2m    0.89 kB[22m[1m[22m[2m │ gzip:   0.51 kB[22m
[2m[WebServer] [22m[2mdist/[22m[2massets/[22m[36mAssetOwnerContainer-Cpwcm7IC.js                                                           [39m[1m[2m    0.91 kB[22m[1m[22m[2m │ gzip:   0.55 kB[22m
[2m[WebServer] [22m[2mdist/[22m[2massets/[22m[36mValidatorAvatar-0I-N2hok.js                                                               [39m[1m[2m    0.91 kB[22m[1m[22m[2m │ gzip:   0.57 kB[22m
[2m[WebServer] [22m[2mdist/[22m[2massets/[22m[36mDataContainer-DDJbRONm.js                                                                 [39m[1m[2m    0.92 kB[22m[1m[22m[2m │ gzip:   0.50 kB[22m
[2m[WebServer] [22m[2mdist/[22m[2massets/[22m[36mTransactionDetails-o5KH_Xrc.js                                                            [39m[1m[2m    0.92 kB[22m[1m[22m[2m │ gzip:   0.58 kB[22m
[2m[WebServer] [22m[2mdist/[22m[2massets/[22m[36mht-BWiulLFX.js                                                                            [39m[1m[2m    0.92 kB[22m[1m[22m[2m │ gzip:   0.54 kB[22m
[2m[WebServer] [22m[2mdist/[22m[2massets/[22m[36mbi-DmtU9TWz.js                                                                            [39m[1m[2m    0.93 kB[22m[1m[22m[2m │ gzip:   0.53 kB[22m
[2m[WebServer] [22m[2mdist/[22m[2massets/[22m[36mSortButton-CU1hL7Q8.js                                                                    [39m[1m[2m    0.93 kB[22m[1m[22m[2m │ gzip:   0.55 kB[22m
[2m[WebServer] [22m[2mdist/[22m[2massets/[22m[36mms--4ngG3OH.js                                                                            [39m[1m[2m    0.93 kB[22m[1m[22m[2m │ gzip:   0.54 kB[22m
[2m[WebServer] [22m[2mdist/[22m[2massets/[22m[36men-il-ln911kk9.js                                                                         [39m[1m[2m    0.93 kB[22m[1m[22m[2m │ gzip:   0.54 kB[22m
[2m[WebServer] [22m[2mdist/[22m[2massets/[22m[36men-ca-BGu2_gs2.js                                                                         [39m[1m[2m    0.94 kB[22m[1m[22m[2m │ gzip:   0.55 kB[22m
[2m[WebServer] [22m[2mdist/[22m[2massets/[22m[36mNodeIcon-Cc1N2uxx.js                                                                      [39m[1m[2m    0.94 kB[22m[1m[22m[2m │ gzip:   0.59 kB[22m
[2m[WebServer] [22m[2mdist/[22m[2massets/[22m[36men-ie-BwBu1idM.js                                                                         [39m[1m[2m    0.94 kB[22m[1m[22m[2m │ gzip:   0.55 kB[22m
[2m[WebServer] [22m[2mdist/[22m[2massets/[22m[36men-sg-RoxqGqXe.js                                                                         [39m[1m[2m    0.94 kB[22m[1m[22m[2m │ gzip:   0.55 kB[22m
[2m[WebServer] [22m[2mdist/[22m[2massets/[22m[36mms-my-BmyTsHUo.js                                                                         [39m[1m[2m    0.95 kB[22m[1m[22m[2m │ gzip:   0.56 kB[22m
[2m[WebServer] [22m[2mdist/[22m[2massets/[22m[36muz-latn-5nbQeFo2.js                                                                       [39m[1m[2m    0.95 kB[22m[1m[22m[2m │ gzip:   0.54 kB[22m
[2m[WebServer] [22m[2mdist/[22m[2massets/[22m[36mtr-Dm7MsPxv.js                                                                            [39m[1m[2m    0.95 kB[22m[1m[22m[2m │ gzip:   0.57 kB[22m
[2m[WebServer] [22m[2mdist/[22m[2massets/[22m[36mid-BVrq4UQ7.js                                                                            [39m[1m[2m    0.95 kB[22m[1m[22m[2m │ gzip:   0.56 kB[22m
[2m[WebServer] [22m[2mdist/[22m[2massets/[22m[36maf-Bl8A4AwE.js                                                                            [39m[1m[2m    0.95 kB[22m[1m[22m[2m │ gzip:   0.56 kB[22m
[2m[WebServer] [22m[2mdist/[22m[2massets/[22m[36mtet-BU60QWnk.js                                                                           [39m[1m[2m    0.95 kB[22m[1m[22m[2m │ gzip:   0.55 kB[22m
[2m[WebServer] [22m[2mdist/[22m[2massets/[22m[36mItemTooltip.vue_vue_type_style_index_0_lang-CloSWOZO.js                                   [39m[1m[2m    0.96 kB[22m[1m[22m[2m │ gzip:   0.56 kB[22m
[2m[WebServer] [22m[2mdist/[22m[2massets/[22m[36mro-C5RCpT2j.js                                                                            [39m[1m[2m    0.96 kB[22m[1m[22m[2m │ gzip:   0.57 kB[22m
[2m[WebServer] [22m[2mdist/[22m[2massets/[22m[36mit-ch-CBu-OWEl.js                                                                         [39m[1m[2m    0.96 kB[22m[1m[22m[2m │ gzip:   0.57 kB[22m
[2m[WebServer] [22m[2mdist/[22m[2massets/[22m[36msq-CpHPJYyQ.js                                                                            [39m[1m[2m    0.96 kB[22m[1m[22m[2m │ gzip:   0.56 kB[22m
[2m[WebServer] [22m[2mdist/[22m[2massets/[22m[36mNetworkSelector-ByYZkvsM.js                                                               [39m[1m[2m    0.96 kB[22m[1m[22m[2m │ gzip:   0.58 kB[22m
[2m[WebServer] [22m[2mdist/[22m[2massets/[22m[36mValueStatusWrapper-BoJCuYvY.js                                                            [39m[1m[2m    0.96 kB[22m[1m[22m[2m │ gzip:   0.58 kB[22m
[2m[WebServer] [22m[2mdist/[22m[2massets/[22m[36mmt-BxSPCM1t.js                                                                            [39m[1m[2m    0.96 kB[22m[1m[22m[2m │ gzip:   0.60 kB[22m
[2m[WebServer] [22m[2mdist/[22m[2massets/[22m[36mit-WJmu9nbT.js                                                                            [39m[1m[2m    0.96 kB[22m[1m[22m[2m │ gzip:   0.57 kB[22m
[2m[WebServer] [22m[2mdist/[22m[2massets/[22m[36mcy-irelXQ9g.js                                                                            [39m[1m[2m    0.97 kB[22m[1m[22m[2m │ gzip:   0.58 kB[22m
[2m[WebServer] [22m[2mdist/[22m[2massets/[22m[36mfr-ca-WFgdskDZ.js                                                                         [39m[1m[2m    0.97 kB[22m[1m[22m[2m │ gzip:   0.55 kB[22m
[2m[WebServer] [22m[2mdist/[22m[2massets/[22m[36mnn-oDo465M7.js                                                                            [39m[1m[2m    0.97 kB[22m[1m[22m[2m │ gzip:   0.56 kB[22m
[2m[WebServer] [22m[2mdist/[22m[2massets/[22m[36msw-Cl63LeMs.js                                                                            [39m[1m[2m    0.97 kB[22m[1m[22m[2m │ gzip:   0.56 kB[22m
[2m[WebServer] [22m[2mdist/[22m[2massets/[22m[36mtk-9WnUfjRa.js                                                                            [39m[1m[2m    0.97 kB[22m[1m[22m[2m │ gzip:   0.56 kB[22m
[2m[WebServer] [22m[2mdist/[22m[2massets/[22m[36meo-BSWTfs5g.js                                                                            [39m[1m[2m    0.97 kB[22m[1m[22m[2m │ gzip:   0.58 kB[22m
[2m[WebServer] [22m[2mdist/[22m[2massets/[22m[36moc-lnc-DNhvBqmX.js                                                                        [39m[1m[2m    0.97 kB[22m[1m[22m[2m │ gzip:   0.58 kB[22m
[2m[WebServer] [22m[2mdist/[22m[2massets/[22m[36mLinksDropdown-CruE57Mm.js                                                                 [39m[1m[2m    0.97 kB[22m[1m[22m[2m │ gzip:   0.62 kB[22m
[2m[WebServer] [22m[2mdist/[22m[2massets/[22m[36mfy-gTZTrX7K.js                                                                            [39m[1m[2m    0.98 kB[22m[1m[22m[2m │ gzip:   0.58 kB[22m
[2m[WebServer] [22m[2mdist/[22m[2massets/[22m[36mfr-ch-C7W7dQfv.js                                                                         [39m[1m[2m    0.98 kB[22m[1m[22m[2m │ gzip:   0.56 kB[22m
[2m[WebServer] [22m[2mdist/[22m[2massets/[22m[36mes-mx-Dm1UUuo3.js                                                                         [39m[1m[2m    0.98 kB[22m[1m[22m[2m │ gzip:   0.56 kB[22m
[2m[WebServer] [22m[2mdist/[22m[2massets/[22m[36mHeader-DNkpR5rY.js                                                                        [39m[1m[2m    0.98 kB[22m[1m[22m[2m │ gzip:   0.61 kB[22m
[2m[WebServer] [22m[2mdist/[22m[2massets/[22m[36mjv-CqvIyGFH.js                                                                            [39m[1m[2m    0.98 kB[22m[1m[22m[2m │ gzip:   0.57 kB[22m
[2m[WebServer] [22m[2mdist/[22m[2massets/[22m[36mtl-ph-CtZJuUXU.js                                                                         [39m[1m[2m    0.98 kB[22m[1m[22m[2m │ gzip:   0.56 kB[22m
[2m[WebServer] [22m[2mdist/[22m[2massets/[22m[36mAccountCard-BdSIzzYl.js                                                                   [39m[1m[2m    0.98 kB[22m[1m[22m[2m │ gzip:   0.50 kB[22m
[2m[WebServer] [22m[2mdist/[22m[2massets/[22m[36mnl-be-jhUFCV08.js                                                                         [39m[1m[2m    0.99 kB[22m[1m[22m[2m │ gzip:   0.57 kB[22m
[2m[WebServer] [22m[2mdist/[22m[2massets/[22m[36mes-us-D596Gu5i.js                                                                         [39m[1m[2m    0.99 kB[22m[1m[22m[2m │ gzip:   0.56 kB[22m
[2m[WebServer] [22m[2mdist/[22m[2massets/[22m[36mbe-CmvRYGF0.js                                                                            [39m[1m[2m    0.99 kB[22m[1m[22m[2m │ gzip:   0.55 kB[22m
[2m[WebServer] [22m[2mdist/[22m[2massets/[22m[36mes-CGVdp8WE.js                                                                            [39m[1m[2m    0.99 kB[22m[1m[22m[2m │ gzip:   0.58 kB[22m
[2m[WebServer] [22m[2mdist/[22m[2massets/[22m[36mnb-C32rIvgH.js                                                                            [39m[1m[2m    0.99 kB[22m[1m[22m[2m │ gzip:   0.56 kB[22m
[2m[WebServer] [22m[2mdist/[22m[2massets/[22m[36mfo-B_GhKvAK.js                                                                            [39m[1m[2m    0.99 kB[22m[1m[22m[2m │ gzip:   0.58 kB[22m
[2m[WebServer] [22m[2mdist/[22m[2massets/[22m[36mgl-DMJwtdhK.js                                                                            [39m[1m[2m    0.99 kB[22m[1m[22m[2m │ gzip:   0.58 kB[22m
[2m[WebServer] [22m[2mdist/[22m[2massets/[22m[36maz-CYjOdYgY.js                                                                            [39m[1m[2m    1.00 kB[22m[1m[22m[2m │ gzip:   0.58 kB[22m
[2m[WebServer] [22m[2mdist/[22m[2massets/[22m[36mes-do-Dh6T4U9M.js                                                                         [39m[1m[2m    1.00 kB[22m[1m[22m[2m │ gzip:   0.57 kB[22m
[2m[WebServer] [22m[2mdist/[22m[2massets/[22m[36mes-pr-Cy-gv_iy.js                                                                         [39m[1m[2m    1.00 kB[22m[1m[22m[2m │ gzip:   0.58 kB[22m
[2m[WebServer] [22m[2mdist/[22m[2massets/[22m[36mda-2IzzcgNQ.js                                                                            [39m[1m[2m    1.00 kB[22m[1m[22m[2m │ gzip:   0.58 kB[22m
[2m[WebServer] [22m[2mdist/[22m[2massets/[22m[36mRewardsTabs-CJMPcfK1.js                                                                   [39m[1m[2m    1.00 kB[22m[1m[22m[2m │ gzip:   0.62 kB[22m
[2m[WebServer] [22m[2mdist/[22m[2massets/[22m[36mrn-BuJTNABU.js                                                                            [39m[1m[2m    1.01 kB[22m[1m[22m[2m │ gzip:   0.58 kB[22m
[2m[WebServer] [22m[2mdist/[22m[2massets/[22m[36mss-BMe_fB0M.js                                                                            [39m[1m[2m    1.01 kB[22m[1m[22m[2m │ gzip:   0.58 kB[22m
[2m[WebServer] [22m[2mdist/[22m[2massets/[22m[36mfr-C75Q0bTS.js                                                                            [39m[1m[2m    1.01 kB[22m[1m[22m[2m │ gzip:   0.58 kB[22m
[2m[WebServer] [22m[2mdist/[22m[2massets/[22m[36mnl-CPVVzIcq.js                                                                            [39m[1m[2m    1.01 kB[22m[1m[22m[2m │ gzip:   0.59 kB[22m
[2m[WebServer] [22m[2mdist/[22m[2massets/[22m[36mlv-BVvARfQJ.js                                                                            [39m[1m[2m    1.01 kB[22m[1m[22m[2m │ gzip:   0.59 kB[22m
[2m[WebServer] [22m[2mdist/[22m[2massets/[22m[36mpt-br-DLFsB37L.js                                                                         [39m[1m[2m    1.02 kB[22m[1m[22m[2m │ gzip:   0.58 kB[22m
[2m[WebServer] [22m[2mdist/[22m[2massets/[22m[36men-au-2UMwIPdq.js                                                                         [39m[1m[2m    1.02 kB[22m[1m[22m[2m │ gzip:   0.60 kB[22m
[2m[WebServer] [22m[2mdist/[22m[2massets/[22m[36men-nz-BQm4QCZQ.js                                                                         [39m[1m[2m    1.02 kB[22m[1m[22m[2m │ gzip:   0.61 kB[22m
[2m[WebServer] [22m[2mdist/[22m[2massets/[22m[36mTabs-BoM2kock.js                                                                          [39m[1m[2m    1.02 kB[22m[1m[22m[2m │ gzip:   0.61 kB[22m
[2m[WebServer] [22m[2mdist/[22m[2massets/[22m[36mar-ly-DWcn9QzT.js                                                                         [39m[1m[2m    1.02 kB[22m[1m[22m[2m │ gzip:   0.53 kB[22m
[2m[WebServer] [22m[2mdist/[22m[2massets/[22m[36men-gb-C8KtQajr.js                                                                         [39m[1m[2m    1.03 kB[22m[1m[22m[2m │ gzip:   0.60 kB[22m
[2m[WebServer] [22m[2mdist/[22m[2massets/[22m[36men-in-D41YD2uJ.js                                                                         [39m[1m[2m    1.03 kB[22m[1m[22m[2m │ gzip:   0.60 kB[22m
[2m[WebServer] [22m[2mdist/[22m[2massets/[22m[36men-tt-M0Dg9Nyc.js                                                                         [39m[1m[2m    1.03 kB[22m[1m[22m[2m │ gzip:   0.60 kB[22m
[2m[WebServer] [22m[2mdist/[22m[2massets/[22m[36mga-DIXvdCeN.js                                                                            [39m[1m[2m    1.03 kB[22m[1m[22m[2m │ gzip:   0.61 kB[22m
[2m[WebServer] [22m[2mdist/[22m[2massets/[22m[36mcv-Bvn2Iyxg.js                                                                            [39m[1m[2m    1.03 kB[22m[1m[22m[2m │ gzip:   0.56 kB[22m
[2m[WebServer] [22m[2mdist/[22m[2massets/[22m[36mmi-DQ6ei7_A.js                                                                            [39m[1m[2m    1.04 kB[22m[1m[22m[2m │ gzip:   0.60 kB[22m
[2m[WebServer] [22m[2mdist/[22m[2massets/[22m[36mpt-CPRGUhll.js                                                                            [39m[1m[2m    1.04 kB[22m[1m[22m[2m │ gzip:   0.59 kB[22m
[2m[WebServer] [22m[2mdist/[22m[2massets/[22m[36mNetworkFeeWarning.vue_vue_type_script_setup_true_lang-gzVu3Ena.js                         [39m[1m[2m    1.04 kB[22m[1m[22m[2m │ gzip:   0.62 kB[22m
[2m[WebServer] [22m[2mdist/[22m[2massets/[22m[36mtzm-latn-BY9bE5nZ.js                                                                      [39m[1m[2m    1.04 kB[22m[1m[22m[2m │ gzip:   0.53 kB[22m
[2m[WebServer] [22m[2mdist/[22m[2massets/[22m[36mtlh-OiSREPyG.js                                                                           [39m[1m[2m    1.05 kB[22m[1m[22m[2m │ gzip:   0.45 kB[22m
[2m[WebServer] [22m[2mdist/[22m[2massets/[22m[36mgd-DE7vT1rJ.js                                                                            [39m[1m[2m    1.05 kB[22m[1m[22m[2m │ gzip:   0.62 kB[22m
[2m[WebServer] [22m[2mdist/[22m[2massets/[22m[36mLimitCard-vYDK_eaG.js                                                                     [39m[1m[2m    1.07 kB[22m[1m[22m[2m │ gzip:   0.61 kB[22m
[2m[WebServer] [22m[2mdist/[22m[2massets/[22m[36msv-DxKt9TOJ.js                                                                            [39m[1m[2m    1.08 kB[22m[1m[22m[2m │ gzip:   0.61 kB[22m
[2m[WebServer] [22m[2mdist/[22m[2massets/[22m[36mbm-oFeBs0mt.js                                                                            [39m[1m[2m    1.08 kB[22m[1m[22m[2m │ gzip:   0.60 kB[22m
[2m[WebServer] [22m[2mdist/[22m[2massets/[22m[36mPriceChange-ayolLTXg.js                                                                   [39m[1m[2m    1.08 kB[22m[1m[22m[2m │ gzip:   0.65 kB[22m
[2m[WebServer] [22m[2mdist/[22m[2massets/[22m[36mja-zEyOn-dU.js                                                                            [39m[1m[2m    1.08 kB[22m[1m[22m[2m │ gzip:   0.56 kB[22m
[2m[WebServer] [22m[2mdist/[22m[2massets/[22m[36mNetworkFeeWarning-CT1Vup2O.js                                                             [39m[1m[2m    1.09 kB[22m[1m[22m[2m │ gzip:   0.60 kB[22m
[2m[WebServer] [22m[2mdist/[22m[2massets/[22m[36mDialogTitle-BSPwwXCM.js                                                                   [39m[1m[2m    1.09 kB[22m[1m[22m[2m │ gzip:   0.61 kB[22m
[2m[WebServer] [22m[2mdist/[22m[2massets/[22m[36mSelectSoraAccount-40C61zRi.js                                                             [39m[1m[2m    1.09 kB[22m[1m[22m[2m │ gzip:   0.63 kB[22m
[2m[WebServer] [22m[2mdist/[22m[2massets/[22m[36museFormattedAmount-BQ_zSYF-.js                                                            [39m[1m[2m    1.09 kB[22m[1m[22m[2m │ gzip:   0.48 kB[22m
[2m[WebServer] [22m[2mdist/[22m[2massets/[22m[36mSettings-sNM5Jmxo.js                                                                      [39m[1m[2m    1.10 kB[22m[1m[22m[2m │ gzip:   0.62 kB[22m
[2m[WebServer] [22m[2mdist/[22m[2massets/[22m[36mSyntheticSwitcher-BR4-LBFk.js                                                             [39m[1m[2m    1.11 kB[22m[1m[22m[2m │ gzip:   0.66 kB[22m
[2m[WebServer] [22m[2mdist/[22m[2massets/[22m[36mca-DXhXGJjC.js                                                                            [39m[1m[2m    1.11 kB[22m[1m[22m[2m │ gzip:   0.63 kB[22m
[2m[WebServer] [22m[2mdist/[22m[2massets/[22m[36mko-DnGxIHVC.js                                                                            [39m[1m[2m    1.11 kB[22m[1m[22m[2m │ gzip:   0.57 kB[22m
[2m[WebServer] [22m[2mdist/[22m[2massets/[22m[36mAccount.vue_vue_type_script_lang-Dd52y-7d.js                                              [39m[1m[2m    1.11 kB[22m[1m[22m[2m │ gzip:   0.55 kB[22m
[2m[WebServer] [22m[2mdist/[22m[2massets/[22m[36mvi-Dqbyqge_.js                                                                            [39m[1m[2m    1.12 kB[22m[1m[22m[2m │ gzip:   0.60 kB[22m
[2m[WebServer] [22m[2mdist/[22m[2massets/[22m[36mDepositTxHistory-CEt1wqLL.js                                                              [39m[1m[2m    1.12 kB[22m[1m[22m[2m │ gzip:   0.67 kB[22m
[2m[WebServer] [22m[2mdist/[22m[2massets/[22m[36meu-BJe9gHsD.js                                                                            [39m[1m[2m    1.13 kB[22m[1m[22m[2m │ gzip:   0.61 kB[22m
[2m[WebServer] [22m[2mdist/[22m[2massets/[22m[36mse-DQfrUp8V.js                                                                            [39m[1m[2m    1.13 kB[22m[1m[22m[2m │ gzip:   0.64 kB[22m
[2m[WebServer] [22m[2mdist/[22m[2massets/[22m[36mSetLimitOrderWidget-Cd4-9l9b.js                                                           [39m[1m[2m    1.13 kB[22m[1m[22m[2m │ gzip:   0.70 kB[22m
[2m[WebServer] [22m[2mdist/[22m[2massets/[22m[36msv-fi-i3B3nkNj.js                                                                         [39m[1m[2m    1.13 kB[22m[1m[22m[2m │ gzip:   0.63 kB[22m
[2m[WebServer] [22m[2mdist/[22m[2massets/[22m[36mindex-08f6a6bd-CJ7v9Iu7.js                                                                [39m[1m[2m    1.13 kB[22m[1m[22m[2m │ gzip:   0.57 kB[22m
[2m[WebServer] [22m[2mdist/[22m[2massets/[22m[36mSelectAddress-DlW1rsbc.js                                                                 [39m[1m[2m    1.13 kB[22m[1m[22m[2m │ gzip:   0.68 kB[22m
[2m[WebServer] [22m[2mdist/[22m[2massets/[22m[36museDemeterPoolStatus-DY7M27MJ.js                                                          [39m[1m[2m    1.14 kB[22m[1m[22m[2m │ gzip:   0.59 kB[22m
[2m[WebServer] [22m[2mdist/[22m[2massets/[22m[36myo-BpPhQOJx.js                                                                            [39m[1m[2m    1.15 kB[22m[1m[22m[2m │ gzip:   0.62 kB[22m
[2m[WebServer] [22m[2mdist/[22m[2massets/[22m[36mindex-8f43ecdf-DzXZ_SX4.js                                                                [39m[1m[2m    1.15 kB[22m[1m[22m[2m │ gzip:   0.67 kB[22m
[2m[WebServer] [22m[2mdist/[22m[2massets/[22m[36mVaultsContainer-BS2CHBJQ.js                                                               [39m[1m[2m    1.15 kB[22m[1m[22m[2m │ gzip:   0.64 kB[22m
[2m[WebServer] [22m[2mdist/[22m[2massets/[22m[36musePoolTokenPair-BmtmC7Xt.js                                                              [39m[1m[2m    1.15 kB[22m[1m[22m[2m │ gzip:   0.55 kB[22m
[2m[WebServer] [22m[2mdist/[22m[2massets/[22m[36mMarketAlgorithm.vue_vue_type_style_index_0_lang-BbUmkQXM.js                               [39m[1m[2m    1.15 kB[22m[1m[22m[2m │ gzip:   0.62 kB[22m
[2m[WebServer] [22m[2mdist/[22m[2massets/[22m[36mindex-00b95fd1-r8YaxDym.js                                                                [39m[1m[2m    1.15 kB[22m[1m[22m[2m │ gzip:   0.62 kB[22m
[2m[WebServer] [22m[2mdist/[22m[2massets/[22m[36mx-pseudo-BTyPs_LJ.js                                                                      [39m[1m[2m    1.16 kB[22m[1m[22m[2m │ gzip:   0.69 kB[22m
[2m[WebServer] [22m[2mdist/[22m[2massets/[22m[36mtg-65Dz2vxW.js                                                                            [39m[1m[2m    1.16 kB[22m[1m[22m[2m │ gzip:   0.65 kB[22m
[2m[WebServer] [22m[2mdist/[22m[2massets/[22m[36muz-D9UnmtB_.js                                                                            [39m[1m[2m    1.17 kB[22m[1m[22m[2m │ gzip:   0.64 kB[22m
[2m[WebServer] [22m[2mdist/[22m[2massets/[22m[36museBridgeHistory-De8jQtQY.js                                                              [39m[1m[2m    1.17 kB[22m[1m[22m[2m │ gzip:   0.56 kB[22m
[2m[WebServer] [22m[2mdist/[22m[2massets/[22m[36mmk-CpSsPLkQ.js                                                                            [39m[1m[2m    1.19 kB[22m[1m[22m[2m │ gzip:   0.66 kB[22m
[2m[WebServer] [22m[2mdist/[22m[2massets/[22m[36mPrevNextInfoLine-Rma2rY-n.js                                                              [39m[1m[2m    1.19 kB[22m[1m[22m[2m │ gzip:   0.62 kB[22m
[2m[WebServer] [22m[2mdist/[22m[2massets/[22m[36mur-BXrNJ8mK.js                                                                            [39m[1m[2m    1.20 kB[22m[1m[22m[2m │ gzip:   0.58 kB[22m
[2m[WebServer] [22m[2mdist/[22m[2massets/[22m[36mhr-DVwC9pH-.js                                                                            [39m[1m[2m    1.20 kB[22m[1m[22m[2m │ gzip:   0.68 kB[22m
[2m[WebServer] [22m[2mdist/[22m[2massets/[22m[36mar-kw-DeRbcE_H.js                                                                         [39m[1m[2m    1.20 kB[22m[1m[22m[2m │ gzip:   0.63 kB[22m
[2m[WebServer] [22m[2mdist/[22m[2massets/[22m[36msd-Bh2xeVwA.js                                                                            [39m[1m[2m    1.20 kB[22m[1m[22m[2m │ gzip:   0.60 kB[22m
[2m[WebServer] [22m[2mdist/[22m[2massets/[22m[36mky-ljsrY2cc.js                                                                            [39m[1m[2m    1.20 kB[22m[1m[22m[2m │ gzip:   0.66 kB[22m
[2m[WebServer] [22m[2mdist/[22m[2massets/[22m[36mStatusBadge-jNU0szbh.js                                                                   [39m[1m[2m    1.21 kB[22m[1m[22m[2m │ gzip:   0.62 kB[22m
[2m[WebServer] [22m[2mdist/[22m[2massets/[22m[36mkk-CbjhB-nA.js                                                                            [39m[1m[2m    1.21 kB[22m[1m[22m[2m │ gzip:   0.65 kB[22m
[2m[WebServer] [22m[2mdist/[22m[2massets/[22m[36mar-ma-DzsHdBpc.js                                                                         [39m[1m[2m    1.21 kB[22m[1m[22m[2m │ gzip:   0.64 kB[22m
[2m[WebServer] [22m[2mdist/[22m[2massets/[22m[36mar-tn-qYtHwsyF.js                                                                         [39m[1m[2m    1.22 kB[22m[1m[22m[2m │ gzip:   0.64 kB[22m
[2m[WebServer] [22m[2mdist/[22m[2massets/[22m[36mMstNotificationTrxs-B5loCbxM.js                                                           [39m[1m[2m    1.22 kB[22m[1m[22m[2m │ gzip:   0.75 kB[22m
[2m[WebServer] [22m[2mdist/[22m[2massets/[22m[36mar-dz-BT4_AYNq.js                                                                         [39m[1m[2m    1.22 kB[22m[1m[22m[2m │ gzip:   0.63 kB[22m
[2m[WebServer] [22m[2mdist/[22m[2massets/[22m[36mar-sa-Bvv1zKuz.js                                                                         [39m[1m[2m    1.22 kB[22m[1m[22m[2m │ gzip:   0.63 kB[22m
[2m[WebServer] [22m[2mdist/[22m[2massets/[22m[36mfa-DMR4h32N.js                                                                            [39m[1m[2m    1.22 kB[22m[1m[22m[2m │ gzip:   0.59 kB[22m
[2m[WebServer] [22m[2mdist/[22m[2massets/[22m[36mPointSystemWrapper-CsiXlu5V.js                                                            [39m[1m[2m    1.23 kB[22m[1m[22m[2m │ gzip:   0.63 kB[22m
[2m[WebServer] [22m[2mdist/[22m[2massets/[22m[36mtransactions-DnU8QA28.js                                                                  [39m[1m[2m    1.23 kB[22m[1m[22m[2m │ gzip:   0.69 kB[22m
[2m[WebServer] [22m[2mdist/[22m[2massets/[22m[36mindex-kc6ei5ZK.js                                                                         [39m[1m[2m    1.24 kB[22m[1m[22m[2m │ gzip:   0.69 kB[22m
[2m[WebServer] [22m[2mdist/[22m[2massets/[22m[36mde-ch-M0zGqd4X.js                                                                         [39m[1m[2m    1.24 kB[22m[1m[22m[2m │ gzip:   0.68 kB[22m
[2m[WebServer] [22m[2mdist/[22m[2massets/[22m[36mSvgIconButton-2ytkRKKs.js                                                                 [39m[1m[2m    1.24 kB[22m[1m[22m[2m │ gzip:   0.65 kB[22m
[2m[WebServer] [22m[2mdist/[22m[2massets/[22m[36mde-at-DQz7aRq8.js                                                                         [39m[1m[2m    1.25 kB[22m[1m[22m[2m │ gzip:   0.70 kB[22m
[2m[WebServer] [22m[2mdist/[22m[2massets/[22m[36mde-D0HscVad.js                                                                            [39m[1m[2m    1.26 kB[22m[1m[22m[2m │ gzip:   0.70 kB[22m
[2m[WebServer] [22m[2mdist/[22m[2massets/[22m[36mhy-am-BQrsL5UU.js                                                                         [39m[1m[2m    1.26 kB[22m[1m[22m[2m │ gzip:   0.67 kB[22m
[2m[WebServer] [22m[2mdist/[22m[2massets/[22m[36mmr-CLQvEkK1.js                                                                            [39m[1m[2m    1.26 kB[22m[1m[22m[2m │ gzip:   0.58 kB[22m
[2m[WebServer] [22m[2mdist/[22m[2massets/[22m[36mindex-Docway3_.js                                                                         [39m[1m[2m    1.26 kB[22m[1m[22m[2m │ gzip:   0.71 kB[22m
[2m[WebServer] [22m[2mdist/[22m[2massets/[22m[36mCancelOrders-Bf2dkSHt.js                                                                  [39m[1m[2m    1.26 kB[22m[1m[22m[2m │ gzip:   0.71 kB[22m
[2m[WebServer] [22m[2mdist/[22m[2massets/[22m[36mBlockedDialog-BHjdXhSM.js                                                                 [39m[1m[2m    1.27 kB[22m[1m[22m[2m │ gzip:   0.70 kB[22m
[2m[WebServer] [22m[2mdist/[22m[2massets/[22m[36mStatusBadge-BX96G45h.js                                                                   [39m[1m[2m    1.27 kB[22m[1m[22m[2m │ gzip:   0.70 kB[22m
[2m[WebServer] [22m[2mdist/[22m[2massets/[22m[36mzh-tw-C0dFMIQF.js                                                                         [39m[1m[2m    1.27 kB[22m[1m[22m[2m │ gzip:   0.70 kB[22m
[2m[WebServer] [22m[2mdist/[22m[2massets/[22m[36mExtension.vue_vue_type_style_index_0_scoped_c63be512_lang-BfOZxce_.js                     [39m[1m[2m    1.27 kB[22m[1m[22m[2m │ gzip:   0.56 kB[22m
[2m[WebServer] [22m[2mdist/[22m[2massets/[22m[36mzh-hk-DvHU0gs6.js                                                                         [39m[1m[2m    1.27 kB[22m[1m[22m[2m │ gzip:   0.70 kB[22m
[2m[WebServer] [22m[2mdist/[22m[2massets/[22m[36mSelectSubAccount-DskvN7Y5.js                                                              [39m[1m[2m    1.29 kB[22m[1m[22m[2m │ gzip:   0.70 kB[22m
[2m[WebServer] [22m[2mdist/[22m[2massets/[22m[36mValidatorsType-Jp67BUOL.js                                                                [39m[1m[2m    1.29 kB[22m[1m[22m[2m │ gzip:   0.77 kB[22m
[2m[WebServer] [22m[2mdist/[22m[2massets/[22m[36mam-iUfyoOfj.js                                                                            [39m[1m[2m    1.29 kB[22m[1m[22m[2m │ gzip:   0.67 kB[22m
[2m[WebServer] [22m[2mdist/[22m[2massets/[22m[36mar-iq-DLQnswzQ.js                                                                         [39m[1m[2m    1.29 kB[22m[1m[22m[2m │ gzip:   0.65 kB[22m
[2m[WebServer] [22m[2mdist/[22m[2massets/[22m[36mEraCountdown-BiAT_yyi.js                                                                  [39m[1m[2m    1.29 kB[22m[1m[22m[2m │ gzip:   0.70 kB[22m
[2m[WebServer] [22m[2mdist/[22m[2massets/[22m[36mel-DfY_h-l8.js                                                                            [39m[1m[2m    1.30 kB[22m[1m[22m[2m │ gzip:   0.71 kB[22m
[2m[WebServer] [22m[2mdist/[22m[2massets/[22m[36mzh-BegLh0gk.js                                                                            [39m[1m[2m    1.30 kB[22m[1m[22m[2m │ gzip:   0.73 kB[22m
[2m[WebServer] [22m[2mdist/[22m[2massets/[22m[36mmn-sZ0QEJKx.js                                                                            [39m[1m[2m    1.30 kB[22m[1m[22m[2m │ gzip:   0.65 kB[22m
[2m[WebServer] [22m[2mdist/[22m[2massets/[22m[36mzh-cn-CMwldu2j.js                                                                         [39m[1m[2m    1.30 kB[22m[1m[22m[2m │ gzip:   0.73 kB[22m
[2m[WebServer] [22m[2mdist/[22m[2massets/[22m[36mbg-DbBqSCFG.js                                                                            [39m[1m[2m    1.30 kB[22m[1m[22m[2m │ gzip:   0.72 kB[22m
[2m[WebServer] [22m[2mdist/[22m[2massets/[22m[36museNetworkFeeDialog-B2p4_cNu.js                                                           [39m[1m[2m    1.31 kB[22m[1m[22m[2m │ gzip:   0.72 kB[22m
[2m[WebServer] [22m[2mdist/[22m[2massets/[22m[36mFileUploader-DobcUY7j.js                                                                  [39m[1m[2m    1.32 kB[22m[1m[22m[2m │ gzip:   0.70 kB[22m
[2m[WebServer] [22m[2mdist/[22m[2massets/[22m[36mPaymentError-KPDZB7XQ.js                                                                  [39m[1m[2m    1.32 kB[22m[1m[22m[2m │ gzip:   0.75 kB[22m
[2m[WebServer] [22m[2mdist/[22m[2massets/[22m[36met-BdOkAc6Y.js                                                                            [39m[1m[2m    1.33 kB[22m[1m[22m[2m │ gzip:   0.70 kB[22m
[2m[WebServer] [22m[2mdist/[22m[2massets/[22m[36mbr-BJ5adOBo.js                                                                            [39m[1m[2m    1.33 kB[22m[1m[22m[2m │ gzip:   0.75 kB[22m
[2m[WebServer] [22m[2mdist/[22m[2massets/[22m[36mTokenPriceChart-BBA3UzbM.js                                                               [39m[1m[2m    1.33 kB[22m[1m[22m[2m │ gzip:   0.74 kB[22m
[2m[WebServer] [22m[2mdist/[22m[2massets/[22m[36mug-cn-DZs8w-aN.js                                                                         [39m[1m[2m    1.35 kB[22m[1m[22m[2m │ gzip:   0.64 kB[22m
[2m[WebServer] [22m[2mdist/[22m[2massets/[22m[36mLossWarningDialog-B5UyAG8R.js                                                             [39m[1m[2m    1.35 kB[22m[1m[22m[2m │ gzip:   0.72 kB[22m
[2m[WebServer] [22m[2mdist/[22m[2massets/[22m[36mindex-Bh77_01g.js                                                                         [39m[1m[2m    1.35 kB[22m[1m[22m[2m │ gzip:   0.71 kB[22m
[2m[WebServer] [22m[2mdist/[22m[2massets/[22m[36mTokenAddress-BAIS7v65.js                                                                  [39m[1m[2m    1.35 kB[22m[1m[22m[2m │ gzip:   0.67 kB[22m
[2m[WebServer] [22m[2mdist/[22m[2massets/[22m[36mLocalStorageOverride-C0H2GloX.js                                                          [39m[1m[2m    1.36 kB[22m[1m[22m[2m │ gzip:   0.73 kB[22m
[2m[WebServer] [22m[2mdist/[22m[2massets/[22m[36mGenericPageHeader-D6OemZvK.js                                                             [39m[1m[2m    1.38 kB[22m[1m[22m[2m │ gzip:   0.76 kB[22m
[2m[WebServer] [22m[2mdist/[22m[2massets/[22m[36mAmountHeader-BO9r2Rk_.js                                                                  [39m[1m[2m    1.38 kB[22m[1m[22m[2m │ gzip:   0.77 kB[22m
[2m[WebServer] [22m[2mdist/[22m[2massets/[22m[36mEvmConnectButton-BCXGeCLS.js                                                              [39m[1m[2m    1.38 kB[22m[1m[22m[2m │ gzip:   0.75 kB[22m
[2m[WebServer] [22m[2mdist/[22m[2massets/[22m[36mAccelerationAccessDialog-CDxRLd21.js                                                      [39m[1m[2m    1.38 kB[22m[1m[22m[2m │ gzip:   0.71 kB[22m
[2m[WebServer] [22m[2mdist/[22m[2massets/[22m[36mTransactionDetails-BNeqyZ91.js                                                            [39m[1m[2m    1.39 kB[22m[1m[22m[2m │ gzip:   0.78 kB[22m
[2m[WebServer] [22m[2mdist/[22m[2massets/[22m[36mindex-BDvkXCg1.js                                                                         [39m[1m[2m    1.39 kB[22m[1m[22m[2m │ gzip:   0.76 kB[22m
[2m[WebServer] [22m[2mdist/[22m[2massets/[22m[36mAlerts-C8uVazL4.js                                                                        [39m[1m[2m    1.40 kB[22m[1m[22m[2m │ gzip:   0.74 kB[22m
[2m[WebServer] [22m[2mdist/[22m[2massets/[22m[36museWeb3Connection-BtWtC38D.js                                                             [39m[1m[2m    1.40 kB[22m[1m[22m[2m │ gzip:   0.58 kB[22m
[2m[WebServer] [22m[2mdist/[22m[2massets/[22m[36mLine-3pTGXPUa.js                                                                          [39m[1m[2m    1.40 kB[22m[1m[22m[2m │ gzip:   0.92 kB[22m
[2m[WebServer] [22m[2mdist/[22m[2massets/[22m[36msi-BUCHEB4Y.js                                                                            [39m[1m[2m    1.41 kB[22m[1m[22m[2m │ gzip:   0.68 kB[22m
[2m[WebServer] [22m[2mdist/[22m[2massets/[22m[36mkm-DohY748k.js                                                                            [39m[1m[2m    1.43 kB[22m[1m[22m[2m │ gzip:   0.65 kB[22m
[2m[WebServer] [22m[2mdist/[22m[2massets/[22m[36mStats-Cqwnamew.js                                                                         [39m[1m[2m    1.43 kB[22m[1m[22m[2m │ gzip:   0.60 kB[22m
[2m[WebServer] [22m[2mdist/[22m[2massets/[22m[36museSubscriptions-2Q-XBI40.js                                                              [39m[1m[2m    1.44 kB[22m[1m[22m[2m │ gzip:   0.69 kB[22m
[2m[WebServer] [22m[2mdist/[22m[2massets/[22m[36mSelectValidatorsMode-Dg18n-tu.js                                                          [39m[1m[2m    1.44 kB[22m[1m[22m[2m │ gzip:   0.76 kB[22m
[2m[WebServer] [22m[2mdist/[22m[2massets/[22m[36mInfoLine.vue_vue_type_style_index_1_scoped_f513adb0_lang-DDS_y692.js                      [39m[1m[2m    1.45 kB[22m[1m[22m[2m │ gzip:   0.68 kB[22m
[2m[WebServer] [22m[2mdist/[22m[2massets/[22m[36mFormattedAddress-Bc3BZwcw.js                                                              [39m[1m[2m    1.45 kB[22m[1m[22m[2m │ gzip:   0.77 kB[22m
[2m[WebServer] [22m[2mdist/[22m[2massets/[22m[36mlo-CskFJ7dW.js                                                                            [39m[1m[2m    1.45 kB[22m[1m[22m[2m │ gzip:   0.64 kB[22m
[2m[WebServer] [22m[2mdist/[22m[2massets/[22m[36mProgressCard-DIUM5rLv.js                                                                  [39m[1m[2m    1.45 kB[22m[1m[22m[2m │ gzip:   0.75 kB[22m
[2m[WebServer] [22m[2mdist/[22m[2massets/[22m[36mhu-CSDxlX6n.js                                                                            [39m[1m[2m    1.46 kB[22m[1m[22m[2m │ gzip:   0.64 kB[22m
[2m[WebServer] [22m[2mdist/[22m[2massets/[22m[36mhi-CaUDgqkr.js                                                                            [39m[1m[2m    1.47 kB[22m[1m[22m[2m │ gzip:   0.69 kB[22m
[2m[WebServer] [22m[2mdist/[22m[2massets/[22m[36mpl-B5BaUxjW.js                                                                            [39m[1m[2m    1.47 kB[22m[1m[22m[2m │ gzip:   0.82 kB[22m
[2m[WebServer] [22m[2mdist/[22m[2massets/[22m[36mNftDetails.vue_vue_type_style_index_0_lang-CeiY9MtW.js                                    [39m[1m[2m    1.48 kB[22m[1m[22m[2m │ gzip:   0.72 kB[22m
[2m[WebServer] [22m[2mdist/[22m[2massets/[22m[36mMarketTradesWidget-CKojGzdp.js                                                            [39m[1m[2m    1.48 kB[22m[1m[22m[2m │ gzip:   0.69 kB[22m
[2m[WebServer] [22m[2mdist/[22m[2massets/[22m[36mdv-CKnPvxOD.js                                                                            [39m[1m[2m    1.49 kB[22m[1m[22m[2m │ gzip:   0.65 kB[22m
[2m[WebServer] [22m[2mdist/[22m[2massets/[22m[36museDemeterPoolCard-7PKXjazJ.js                                                            [39m[1m[2m    1.49 kB[22m[1m[22m[2m │ gzip:   0.68 kB[22m
[2m[WebServer] [22m[2mdist/[22m[2massets/[22m[36mAccount-Ekvhn977.js                                                                       [39m[1m[2m    1.50 kB[22m[1m[22m[2m │ gzip:   0.73 kB[22m
[2m[WebServer] [22m[2mdist/[22m[2massets/[22m[36mmy-BFT6HstJ.js                                                                            [39m[1m[2m    1.51 kB[22m[1m[22m[2m │ gzip:   0.70 kB[22m
[2m[WebServer] [22m[2mdist/[22m[2massets/[22m[36mcs-BoKUXDa9.js                                                                            [39m[1m[2m    1.51 kB[22m[1m[22m[2m │ gzip:   0.76 kB[22m
[2m[WebServer] [22m[2mdist/[22m[2massets/[22m[36msk-B622t_Ts.js                                                                            [39m[1m[2m    1.51 kB[22m[1m[22m[2m │ gzip:   0.75 kB[22m
[2m[WebServer] [22m[2mdist/[22m[2massets/[22m[36msanitize-sxvJI2I5.js                                                                      [39m[1m[2m    1.51 kB[22m[1m[22m[2m │ gzip:   0.87 kB[22m
[2m[WebServer] [22m[2mdist/[22m[2massets/[22m[36mka-Bztd7a1J.js                                                                            [39m[1m[2m    1.52 kB[22m[1m[22m[2m │ gzip:   0.66 kB[22m
[2m[WebServer] [22m[2mdist/[22m[2massets/[22m[36mar-5e2pSnJ_.js                                                                            [39m[1m[2m    1.52 kB[22m[1m[22m[2m │ gzip:   0.84 kB[22m
[2m[WebServer] [22m[2mdist/[22m[2massets/[22m[36mCandle-BHcGnE66.js                                                                        [39m[1m[2m    1.52 kB[22m[1m[22m[2m │ gzip:   0.91 kB[22m
[2m[WebServer] [22m[2mdist/[22m[2massets/[22m[36mis-B9DFWrsg.js                                                                            [39m[1m[2m    1.53 kB[22m[1m[22m[2m │ gzip:   0.80 kB[22m
[2m[WebServer] [22m[2mdist/[22m[2massets/[22m[36mth-CBnAQSbz.js                                                                            [39m[1m[2m    1.53 kB[22m[1m[22m[2m │ gzip:   0.72 kB[22m
[2m[WebServer] [22m[2mdist/[22m[2massets/[22m[36mNotification-CW5PIvVh.js                                                                  [39m[1m[2m    1.53 kB[22m[1m[22m[2m │ gzip:   0.82 kB[22m
[2m[WebServer] [22m[2mdist/[22m[2massets/[22m[36mpa-in-BEWnsfGg.js                                                                         [39m[1m[2m    1.54 kB[22m[1m[22m[2m │ gzip:   0.65 kB[22m
[2m[WebServer] [22m[2mdist/[22m[2massets/[22m[36mindex-DBjtAoy7.js                                                                         [39m[1m[2m    1.54 kB[22m[1m[22m[2m │ gzip:   0.76 kB[22m
[2m[WebServer] [22m[2mdist/[22m[2massets/[22m[36museWalletConnect-D1Zwv977.js                                                              [39m[1m[2m    1.54 kB[22m[1m[22m[2m │ gzip:   0.72 kB[22m
[2m[WebServer] [22m[2mdist/[22m[2massets/[22m[36mValidatorsAttentionDialog-CDRVPoJ0.js                                                     [39m[1m[2m    1.56 kB[22m[1m[22m[2m │ gzip:   0.87 kB[22m
[2m[WebServer] [22m[2mdist/[22m[2massets/[22m[36mCalculatorIcon-hEY6mqTv.js                                                                [39m[1m[2m    1.56 kB[22m[1m[22m[2m │ gzip:   0.90 kB[22m
[2m[WebServer] [22m[2mdist/[22m[2massets/[22m[36mte-CmK-kbQc.js                                                                            [39m[1m[2m    1.57 kB[22m[1m[22m[2m │ gzip:   0.70 kB[22m
[2m[WebServer] [22m[2mdist/[22m[2massets/[22m[36mgu-C2QctJBU.js                                                                            [39m[1m[2m    1.59 kB[22m[1m[22m[2m │ gzip:   0.69 kB[22m
[2m[WebServer] [22m[2mdist/[22m[2massets/[22m[36museSelectedTokensRoute-kwPQ9sz8.js                                                        [39m[1m[2m    1.61 kB[22m[1m[22m[2m │ gzip:   0.80 kB[22m
[2m[WebServer] [22m[2mdist/[22m[2massets/[22m[36mhe-CFPAoDL2.js                                                                            [39m[1m[2m    1.61 kB[22m[1m[22m[2m │ gzip:   0.75 kB[22m
[2m[WebServer] [22m[2mdist/[22m[2massets/[22m[36mScrollableTableMixin-DQqALbvA.js                                                          [39m[1m[2m    1.61 kB[22m[1m[22m[2m │ gzip:   0.81 kB[22m
[2m[WebServer] [22m[2mdist/[22m[2massets/[22m[36mWallet-9YmaeSrR.js                                                                        [39m[1m[2m    1.61 kB[22m[1m[22m[2m │ gzip:   0.90 kB[22m
[2m[WebServer] [22m[2mdist/[22m[2massets/[22m[36mkn-DVDim1l0.js                                                                            [39m[1m[2m    1.62 kB[22m[1m[22m[2m │ gzip:   0.69 kB[22m
[2m[WebServer] [22m[2mdist/[22m[2massets/[22m[36museBridgeTransaction-BayjKkGD.js                                                          [39m[1m[2m    1.63 kB[22m[1m[22m[2m │ gzip:   0.67 kB[22m
[2m[WebServer] [22m[2mdist/[22m[2massets/[22m[36mne-DZq5WVjs.js                                                                            [39m[1m[2m    1.64 kB[22m[1m[22m[2m │ gzip:   0.74 kB[22m
[2m[WebServer] [22m[2mdist/[22m[2massets/[22m[36mtzm-8WsUUDtN.js                                                                           [39m[1m[2m    1.64 kB[22m[1m[22m[2m │ gzip:   0.61 kB[22m
[2m[WebServer] [22m[2mdist/[22m[2massets/[22m[36mku-COjBadVt.js                                                                            [39m[1m[2m    1.67 kB[22m[1m[22m[2m │ gzip:   0.88 kB[22m
[2m[WebServer] [22m[2mdist/[22m[2massets/[22m[36mfi-Do2V0OsR.js                                                                            [39m[1m[2m    1.68 kB[22m[1m[22m[2m │ gzip:   0.81 kB[22m
[2m[WebServer] [22m[2mdist/[22m[2massets/[22m[36mFileUploader.vue_vue_type_style_index_0_lang-CMIGIquQ.js                                  [39m[1m[2m    1.68 kB[22m[1m[22m[2m │ gzip:   0.74 kB[22m
[2m[WebServer] [22m[2mdist/[22m[2massets/[22m[36mEnableDialog-Bepv5Juh.js                                                                  [39m[1m[2m    1.69 kB[22m[1m[22m[2m │ gzip:   0.90 kB[22m
[2m[WebServer] [22m[2mdist/[22m[2massets/[22m[36mFormattedAmountWithFiatValue.vue_vue_type_style_index_0_scoped_3592b586_lang-DmN2hUVV.js  [39m[1m[2m    1.69 kB[22m[1m[22m[2m │ gzip:   0.72 kB[22m
[2m[WebServer] [22m[2mdist/[22m[2massets/[22m[36mAddLiquidity-DX1UKkxw.js                                                                  [39m[1m[2m    1.69 kB[22m[1m[22m[2m │ gzip:   0.89 kB[22m
[2m[WebServer] [22m[2mdist/[22m[2massets/[22m[36mml-DISorXRA.js                                                                            [39m[1m[2m    1.71 kB[22m[1m[22m[2m │ gzip:   0.74 kB[22m
[2m[WebServer] [22m[2mdist/[22m[2massets/[22m[36museExploreTable-Cy16FfHq.js                                                               [39m[1m[2m    1.73 kB[22m[1m[22m[2m │ gzip:   0.91 kB[22m
[2m[WebServer] [22m[2mdist/[22m[2massets/[22m[36msl-BQjWOFtW.js                                                                            [39m[1m[2m    1.74 kB[22m[1m[22m[2m │ gzip:   0.79 kB[22m
[2m[WebServer] [22m[2mdist/[22m[2massets/[22m[36mlt-DVcu2QTx.js                                                                            [39m[1m[2m    1.75 kB[22m[1m[22m[2m │ gzip:   0.76 kB[22m
[2m[WebServer] [22m[2mdist/[22m[2massets/[22m[36mAccountPanel-BeKKDJvB.js                                                                  [39m[1m[2m    1.77 kB[22m[1m[22m[2m │ gzip:   0.87 kB[22m
[2m[WebServer] [22m[2mdist/[22m[2massets/[22m[36mSelectLanguageDialog-DaJBemay.js                                                          [39m[1m[2m    1.78 kB[22m[1m[22m[2m │ gzip:   0.88 kB[22m
[2m[WebServer] [22m[2mdist/[22m[2massets/[22m[36msr-2VfbD0b8.js                                                                            [39m[1m[2m    1.79 kB[22m[1m[22m[2m │ gzip:   0.83 kB[22m
[2m[WebServer] [22m[2mdist/[22m[2massets/[22m[36mTokenSelectButton-7ngqmfXN.js                                                             [39m[1m[2m    1.82 kB[22m[1m[22m[2m │ gzip:   0.90 kB[22m
[2m[WebServer] [22m[2mdist/[22m[2massets/[22m[36mToSDialog-D3YAR0G-.js                                                                     [39m[1m[2m    1.83 kB[22m[1m[22m[2m │ gzip:   1.06 kB[22m
[2m[WebServer] [22m[2mdist/[22m[2massets/[22m[36mta-DKphwcut.js                                                                            [39m[1m[2m    1.87 kB[22m[1m[22m[2m │ gzip:   0.71 kB[22m
[2m[WebServer] [22m[2mdist/[22m[2massets/[22m[36mConfirmationOption-Dii97atU.js                                                            [39m[1m[2m    1.87 kB[22m[1m[22m[2m │ gzip:   0.85 kB[22m
[2m[WebServer] [22m[2mdist/[22m[2massets/[22m[36mindex-CANwlb1u.js                                                                         [39m[1m[2m    1.87 kB[22m[1m[22m[2m │ gzip:   1.00 kB[22m
[2m[WebServer] [22m[2mdist/[22m[2massets/[22m[36mindex-955e6d2c-iu9U3X5l.js                                                                [39m[1m[2m    1.88 kB[22m[1m[22m[2m │ gzip:   1.01 kB[22m
[2m[WebServer] [22m[2mdist/[22m[2massets/[22m[36mPhCaretLeft-LcN4bWoG.js                                                                   [39m[1m[2m    1.88 kB[22m[1m[22m[2m │ gzip:   0.92 kB[22m
[2m[WebServer] [22m[2mdist/[22m[2massets/[22m[36mAppMarketing-B-ZLxYPB.js                                                                  [39m[1m[2m    1.89 kB[22m[1m[22m[2m │ gzip:   0.98 kB[22m
[2m[WebServer] [22m[2mdist/[22m[2massets/[22m[36mTransactionDetails-CLFwlAM9.js                                                            [39m[1m[2m    1.92 kB[22m[1m[22m[2m │ gzip:   0.87 kB[22m
[2m[WebServer] [22m[2mdist/[22m[2massets/[22m[36mResponsiveTabs-BdIAW3TF.js                                                                [39m[1m[2m    1.92 kB[22m[1m[22m[2m │ gzip:   0.98 kB[22m
[2m[WebServer] [22m[2mdist/[22m[2massets/[22m[36mHistoryPagination-CY9hMg3Q.js                                                             [39m[1m[2m    1.92 kB[22m[1m[22m[2m │ gzip:   0.80 kB[22m
[2m[WebServer] [22m[2mdist/[22m[2massets/[22m[36mStatsFilter-5P8mbyfH.js                                                                   [39m[1m[2m    1.93 kB[22m[1m[22m[2m │ gzip:   1.03 kB[22m
[2m[WebServer] [22m[2mdist/[22m[2massets/[22m[36mSelectValidators-yG6v7Uo2.js                                                              [39m[1m[2m    1.94 kB[22m[1m[22m[2m │ gzip:   0.98 kB[22m
[2m[WebServer] [22m[2mdist/[22m[2massets/[22m[36mConfirmDialog.vue_vue_type_style_index_0_scoped_d42ee5e8_lang-BRbkem6v.js                 [39m[1m[2m    1.94 kB[22m[1m[22m[2m │ gzip:   1.05 kB[22m
[2m[WebServer] [22m[2mdist/[22m[2massets/[22m[36mNftDetails-Biz0bczG.js                                                                    [39m[1m[2m    1.94 kB[22m[1m[22m[2m │ gzip:   0.91 kB[22m
[2m[WebServer] [22m[2mdist/[22m[2massets/[22m[36mPhCaretDown-TAeTvpa5.js                                                                   [39m[1m[2m    1.94 kB[22m[1m[22m[2m │ gzip:   0.95 kB[22m
[2m[WebServer] [22m[2mdist/[22m[2massets/[22m[36mSelectProvider-BG9iNA7j.js                                                                [39m[1m[2m    1.95 kB[22m[1m[22m[2m │ gzip:   1.00 kB[22m
[2m[WebServer] [22m[2mdist/[22m[2massets/[22m[36mPhCaretRight-DNEs9RTt.js                                                                  [39m[1m[2m    1.96 kB[22m[1m[22m[2m │ gzip:   0.94 kB[22m
[2m[WebServer] [22m[2mdist/[22m[2massets/[22m[36mTaskCard-C2brUpGH.js                                                                      [39m[1m[2m    1.96 kB[22m[1m[22m[2m │ gzip:   1.01 kB[22m
[2m[WebServer] [22m[2mdist/[22m[2massets/[22m[36mbn-C5w-uX3U.js                                                                            [39m[1m[2m    1.97 kB[22m[1m[22m[2m │ gzip:   0.85 kB[22m
[2m[WebServer] [22m[2mdist/[22m[2massets/[22m[36mcore-B3rITXdw.js                                                                          [39m[1m[2m    2.02 kB[22m[1m[22m[2m │ gzip:   1.03 kB[22m
[2m[WebServer] [22m[2mdist/[22m[2massets/[22m[36mValidatorsFilterDialog-DC1ybj7v.js                                                        [39m[1m[2m    2.02 kB[22m[1m[22m[2m │ gzip:   1.02 kB[22m
[2m[WebServer] [22m[2mdist/[22m[2massets/[22m[36mPhCaretUp-DENXO7HP.js                                                                     [39m[1m[2m    2.02 kB[22m[1m[22m[2m │ gzip:   0.93 kB[22m
[2m[WebServer] [22m[2mdist/[22m[2massets/[22m[36mSimpleNotification-BHnYku3p.js                                                            [39m[1m[2m    2.03 kB[22m[1m[22m[2m │ gzip:   0.96 kB[22m
[2m[WebServer] [22m[2mdist/[22m[2massets/[22m[36mBridgeContainer-BWrMuaam.js                                                               [39m[1m[2m    2.03 kB[22m[1m[22m[2m │ gzip:   1.00 kB[22m
[2m[WebServer] [22m[2mdist/[22m[2massets/[22m[36mBalanceIndicator-hqeuRwO6.js                                                              [39m[1m[2m    2.05 kB[22m[1m[22m[2m │ gzip:   1.06 kB[22m
[2m[WebServer] [22m[2mdist/[22m[2massets/[22m[36mPayment-BcBvB3f6.js                                                                       [39m[1m[2m    2.05 kB[22m[1m[22m[2m │ gzip:   1.07 kB[22m
[2m[WebServer] [22m[2mdist/[22m[2massets/[22m[36mMobilePopup-CmHCt0pu.js                                                                   [39m[1m[2m    2.06 kB[22m[1m[22m[2m │ gzip:   1.06 kB[22m
[2m[WebServer] [22m[2mdist/[22m[2massets/[22m[36mPhArrowUpRight-_nUyALIJ.js                                                                [39m[1m[2m    2.06 kB[22m[1m[22m[2m │ gzip:   1.01 kB[22m
[2m[WebServer] [22m[2mdist/[22m[2massets/[22m[36mExplorePageMixin-CC7SYebA.js                                                              [39m[1m[2m    2.07 kB[22m[1m[22m[2m │ gzip:   0.96 kB[22m
[2m[WebServer] [22m[2mdist/[22m[2massets/[22m[36muk-DPE9nDEO.js                                                                            [39m[1m[2m    2.08 kB[22m[1m[22m[2m │ gzip:   1.02 kB[22m
[2m[WebServer] [22m[2mdist/[22m[2massets/[22m[36mConfirmation-OiZFLA50.js                                                                  [39m[1m[2m    2.08 kB[22m[1m[22m[2m │ gzip:   1.09 kB[22m
[2m[WebServer] [22m[2mdist/[22m[2massets/[22m[36mPhArrowDown-sE0mUGcs.js                                                                   [39m[1m[2m    2.10 kB[22m[1m[22m[2m │ gzip:   1.01 kB[22m
[2m[WebServer] [22m[2mdist/[22m[2massets/[22m[36mPhArrowRight-DUAIy7Fh.js                                                                  [39m[1m[2m    2.11 kB[22m[1m[22m[2m │ gzip:   1.00 kB[22m
[2m[WebServer] [22m[2mdist/[22m[2massets/[22m[36mPhPlus-4Nw9uNRo.js                                                                        [39m[1m[2m    2.11 kB[22m[1m[22m[2m │ gzip:   0.95 kB[22m
[2m[WebServer] [22m[2mdist/[22m[2massets/[22m[36mPhCheck-CEGOFdcy.js                                                                       [39m[1m[2m    2.11 kB[22m[1m[22m[2m │ gzip:   0.97 kB[22m
[2m[WebServer] [22m[2mdist/[22m[2massets/[22m[36mPhArrowLeft-cDekCY6D.js                                                                   [39m[1m[2m    2.12 kB[22m[1m[22m[2m │ gzip:   1.00 kB[22m
[2m[WebServer] [22m[2mdist/[22m[2massets/[22m[36museBridgeCore-CemqqE6B.js                                                                 [39m[1m[2m    2.14 kB[22m[1m[22m[2m │ gzip:   0.83 kB[22m
[2m[WebServer] [22m[2mdist/[22m[2massets/[22m[36mbo-DoNeD_-u.js                                                                            [39m[1m[2m    2.14 kB[22m[1m[22m[2m │ gzip:   0.68 kB[22m
[2m[WebServer] [22m[2mdist/[22m[2massets/[22m[36mru-zwEic9JD.js                                                                            [39m[1m[2m    2.15 kB[22m[1m[22m[2m │ gzip:   1.05 kB[22m
[2m[WebServer] [22m[2mdist/[22m[2massets/[22m[36mref-oKNcLWDG.js                                                                           [39m[1m[2m    2.16 kB[22m[1m[22m[2m │ gzip:   0.97 kB[22m
[2m[WebServer] [22m[2mdist/[22m[2massets/[22m[36mPhArrowUp-DCv2rA8B.js                                                                     [39m[1m[2m    2.17 kB[22m[1m[22m[2m │ gzip:   1.00 kB[22m
[2m[WebServer] [22m[2mdist/[22m[2massets/[22m[36mCustomise-D55ZYv6d.js                                                                     [39m[1m[2m    2.18 kB[22m[1m[22m[2m │ gzip:   1.10 kB[22m
[2m[WebServer] [22m[2mdist/[22m[2massets/[22m[36mInfoLine-CbmsyA_U.js                                                                      [39m[1m[2m    2.18 kB[22m[1m[22m[2m │ gzip:   0.98 kB[22m
[2m[WebServer] [22m[2mdist/[22m[2massets/[22m[36msr-cyrl-D7QL17q0.js                                                                       [39m[1m[2m    2.19 kB[22m[1m[22m[2m │ gzip:   0.97 kB[22m
[2m[WebServer] [22m[2mdist/[22m[2massets/[22m[36mPhMagnifyingGlass-mfL7k6Qx.js                                                             [39m[1m[2m    2.21 kB[22m[1m[22m[2m │ gzip:   1.07 kB[22m
[2m[WebServer] [22m[2mdist/[22m[2massets/[22m[36mPhBrowser-jsUyV2Ju.js                                                                     [39m[1m[2m    2.22 kB[22m[1m[22m[2m │ gzip:   0.97 kB[22m
[2m[WebServer] [22m[2mdist/[22m[2massets/[22m[36mPointCard-bZ6nN1zv.js                                                                     [39m[1m[2m    2.24 kB[22m[1m[22m[2m │ gzip:   1.09 kB[22m
[2m[WebServer] [22m[2mdist/[22m[2massets/[22m[36mChartSkeleton-CDzi1KvD.js                                                                 [39m[1m[2m    2.25 kB[22m[1m[22m[2m │ gzip:   0.98 kB[22m
[2m[WebServer] [22m[2mdist/[22m[2massets/[22m[36mPhDotsThree-DLQRtOq1.js                                                                   [39m[1m[2m    2.25 kB[22m[1m[22m[2m │ gzip:   0.94 kB[22m
[2m[WebServer] [22m[2mdist/[22m[2massets/[22m[36mSelectIndexer-BG2oFzEw.js                                                                 [39m[1m[2m    2.25 kB[22m[1m[22m[2m │ gzip:   1.06 kB[22m
[2m[WebServer] [22m[2mdist/[22m[2massets/[22m[36mMoonpay-B5pxvGYF.js                                                                       [39m[1m[2m    2.28 kB[22m[1m[22m[2m │ gzip:   1.20 kB[22m
[2m[WebServer] [22m[2mdist/[22m[2massets/[22m[36mConfirm-js2eOTZt.js                                                                       [39m[1m[2m    2.28 kB[22m[1m[22m[2m │ gzip:   1.12 kB[22m
[2m[WebServer] [22m[2mdist/[22m[2massets/[22m[36mConfirmBonding-1LiYe5WR.js                                                                [39m[1m[2m    2.29 kB[22m[1m[22m[2m │ gzip:   1.20 kB[22m
[2m[WebServer] [22m[2mdist/[22m[2massets/[22m[36mDataContainer-B_Vw3Vld.js                                                                 [39m[1m[2m    2.31 kB[22m[1m[22m[2m │ gzip:   1.13 kB[22m
[2m[WebServer] [22m[2mdist/[22m[2massets/[22m[36mSelectCurrencyDialog-DjQcwmmc.js                                                          [39m[1m[2m    2.32 kB[22m[1m[22m[2m │ gzip:   1.06 kB[22m
[2m[WebServer] [22m[2mdist/[22m[2massets/[22m[36mConfirmInviteUser-Cj2ukMxt.js                                                             [39m[1m[2m    2.32 kB[22m[1m[22m[2m │ gzip:   1.18 kB[22m
[2m[WebServer] [22m[2mdist/[22m[2massets/[22m[36mPhFunnelSimple-i-0_1qmz.js                                                                [39m[1m[2m    2.36 kB[22m[1m[22m[2m │ gzip:   1.00 kB[22m
[2m[WebServer] [22m[2mdist/[22m[2massets/[22m[36mPhCopy-B6cxk443.js                                                                        [39m[1m[2m    2.36 kB[22m[1m[22m[2m │ gzip:   1.00 kB[22m
[2m[WebServer] [22m[2mdist/[22m[2massets/[22m[36mPinIcon-Dl4QpnYf.js                                                                       [39m[1m[2m    2.37 kB[22m[1m[22m[2m │ gzip:   1.32 kB[22m
[2m[WebServer] [22m[2mdist/[22m[2massets/[22m[36mPhClock-EdkG2dc9.js                                                                       [39m[1m[2m    2.37 kB[22m[1m[22m[2m │ gzip:   1.02 kB[22m
[2m[WebServer] [22m[2mdist/[22m[2massets/[22m[36mbn-bd-BYUVXXEG.js                                                                         [39m[1m[2m    2.38 kB[22m[1m[22m[2m │ gzip:   1.01 kB[22m
[2m[WebServer] [22m[2mdist/[22m[2massets/[22m[36mPlaceOrder-B2qymvD1.js                                                                    [39m[1m[2m    2.41 kB[22m[1m[22m[2m │ gzip:   1.09 kB[22m
[2m[WebServer] [22m[2mdist/[22m[2massets/[22m[36mCreateNftToken-DTXgHEgG.js                                                                [39m[1m[2m    2.41 kB[22m[1m[22m[2m │ gzip:   1.00 kB[22m
[2m[WebServer] [22m[2mdist/[22m[2massets/[22m[36mCreateSimpleToken-DcCjuTxe.js                                                             [39m[1m[2m    2.41 kB[22m[1m[22m[2m │ gzip:   1.01 kB[22m
[2m[WebServer] [22m[2mdist/[22m[2massets/[22m[36mWalletBase-BN3phdfX.js                                                                    [39m[1m[2m    2.42 kB[22m[1m[22m[2m │ gzip:   1.15 kB[22m
[2m[WebServer] [22m[2mdist/[22m[2massets/[22m[36mPhWarningCircle-CQaWVwtU.js                                                               [39m[1m[2m    2.43 kB[22m[1m[22m[2m │ gzip:   1.05 kB[22m
[2m[WebServer] [22m[2mdist/[22m[2massets/[22m[36mExtension-B031bF7P.js                                                                     [39m[1m[2m    2.46 kB[22m[1m[22m[2m │ gzip:   1.16 kB[22m
[2m[WebServer] [22m[2mdist/[22m[2massets/[22m[36mTransactionDetails-Cr2Z5Pr3.js                                                            [39m[1m[2m    2.47 kB[22m[1m[22m[2m │ gzip:   0.84 kB[22m
[2m[WebServer] [22m[2mdist/[22m[2massets/[22m[36mindex-D5QqziLl.js                                                                         [39m[1m[2m    2.48 kB[22m[1m[22m[2m │ gzip:   1.04 kB[22m
[2m[WebServer] [22m[2mdist/[22m[2massets/[22m[36mAddAssetDetailsCard-CXFrN-cp.js                                                           [39m[1m[2m    2.48 kB[22m[1m[22m[2m │ gzip:   1.06 kB[22m
[2m[WebServer] [22m[2mdist/[22m[2massets/[22m[36mOpenOrders-BIoZxMrX.js                                                                    [39m[1m[2m    2.48 kB[22m[1m[22m[2m │ gzip:   1.21 kB[22m
[2m[WebServer] [22m[2mdist/[22m[2massets/[22m[36mindex-CVBMzfzU.js                                                                         [39m[1m[2m    2.49 kB[22m[1m[22m[2m │ gzip:   0.91 kB[22m
[2m[WebServer] [22m[2mdist/[22m[2massets/[22m[36mPhX-DI3cpm1T.js                                                                           [39m[1m[2m    2.50 kB[22m[1m[22m[2m │ gzip:   1.06 kB[22m
[2m[WebServer] [22m[2mdist/[22m[2massets/[22m[36mCreateTokenDialog-ClSWw2Ih.js                                                             [39m[1m[2m    2.51 kB[22m[1m[22m[2m │ gzip:   1.36 kB[22m
[2m[WebServer] [22m[2mdist/[22m[2massets/[22m[36mAppDisclaimer-CUEImlM-.js                                                                 [39m[1m[2m    2.51 kB[22m[1m[22m[2m │ gzip:   1.29 kB[22m
[2m[WebServer] [22m[2mdist/[22m[2massets/[22m[36mTaskDialog-HAUXtoV3.js                                                                    [39m[1m[2m    2.51 kB[22m[1m[22m[2m │ gzip:   1.17 kB[22m
[2m[WebServer] [22m[2mdist/[22m[2massets/[22m[36mSelectNode.vue_vue_type_script_setup_true_lang-BtIN09Cv.js                                [39m[1m[2m    2.53 kB[22m[1m[22m[2m │ gzip:   1.18 kB[22m
[2m[WebServer] [22m[2mdist/[22m[2massets/[22m[36mSelectNetwork-DbPqKLkf.js                                                                 [39m[1m[2m    2.54 kB[22m[1m[22m[2m │ gzip:   1.27 kB[22m
[2m[WebServer] [22m[2mdist/[22m[2massets/[22m[36mSelectCountryDialog-C1JdJwL_.js                                                           [39m[1m[2m    2.54 kB[22m[1m[22m[2m │ gzip:   1.32 kB[22m
[2m[WebServer] [22m[2mdist/[22m[2massets/[22m[36mAssetListItem-BX5_4puT.js                                                                 [39m[1m[2m    2.54 kB[22m[1m[22m[2m │ gzip:   1.10 kB[22m
[2m[WebServer] [22m[2mdist/[22m[2massets/[22m[36mWalletFee-Df5LM7JH.js                                                                     [39m[1m[2m    2.55 kB[22m[1m[22m[2m │ gzip:   1.15 kB[22m
[2m[WebServer] [22m[2mdist/[22m[2massets/[22m[36mBookChartsWidget-CTudUr8o.js                                                              [39m[1m[2m    2.55 kB[22m[1m[22m[2m │ gzip:   1.16 kB[22m
[2m[WebServer] [22m[2mdist/[22m[2massets/[22m[36mPhDeviceMobile-Bj9nv3dM.js                                                                [39m[1m[2m    2.57 kB[22m[1m[22m[2m │ gzip:   1.06 kB[22m
[2m[WebServer] [22m[2mdist/[22m[2massets/[22m[36mPhArrowClockwise-Bg3BzyBs.js                                                              [39m[1m[2m    2.59 kB[22m[1m[22m[2m │ gzip:   1.19 kB[22m
[2m[WebServer] [22m[2mdist/[22m[2massets/[22m[36mConfirmDialog-DRv3Va8L.js                                                                 [39m[1m[2m    2.59 kB[22m[1m[22m[2m │ gzip:   1.05 kB[22m
[2m[WebServer] [22m[2mdist/[22m[2massets/[22m[36mDialogBase-B0R0F0e1.js                                                                    [39m[1m[2m    2.62 kB[22m[1m[22m[2m │ gzip:   1.20 kB[22m
[2m[WebServer] [22m[2mdist/[22m[2massets/[22m[36mSoraCardKYC-Dubbgk_z.js                                                                   [39m[1m[2m    2.66 kB[22m[1m[22m[2m │ gzip:   1.13 kB[22m
[2m[WebServer] [22m[2mdist/[22m[2massets/[22m[36mPhUser-DK-qAE6X.js                                                                        [39m[1m[2m    2.68 kB[22m[1m[22m[2m │ gzip:   1.26 kB[22m
[2m[WebServer] [22m[2mdist/[22m[2massets/[22m[36mPhEnvelope-BZlaU2rZ.js                                                                    [39m[1m[2m    2.68 kB[22m[1m[22m[2m │ gzip:   1.18 kB[22m
[2m[WebServer] [22m[2mdist/[22m[2massets/[22m[36mPhCircleHalf-FpFX-N1p.js                                                                  [39m[1m[2m    2.71 kB[22m[1m[22m[2m │ gzip:   1.20 kB[22m
[2m[WebServer] [22m[2mdist/[22m[2massets/[22m[36mPhSignOut-Cgiis16w.js                                                                     [39m[1m[2m    2.77 kB[22m[1m[22m[2m │ gzip:   1.15 kB[22m
[2m[WebServer] [22m[2mdist/[22m[2massets/[22m[36mPhInfo-DfXM6WP2.js                                                                        [39m[1m[2m    2.78 kB[22m[1m[22m[2m │ gzip:   1.21 kB[22m
[2m[WebServer] [22m[2mdist/[22m[2massets/[22m[36mPhPower-BluSf-fj.js                                                                       [39m[1m[2m    2.78 kB[22m[1m[22m[2m │ gzip:   1.27 kB[22m
[2m[WebServer] [22m[2mdist/[22m[2massets/[22m[36mindex-BcT1Rs4y.js                                                                         [39m[1m[2m    2.78 kB[22m[1m[22m[2m │ gzip:   1.00 kB[22m
[2m[WebServer] [22m[2mdist/[22m[2massets/[22m[36mPhDesktop-WP8uWM_0.js                                                                     [39m[1m[2m    2.79 kB[22m[1m[22m[2m │ gzip:   1.11 kB[22m
[2m[WebServer] [22m[2mdist/[22m[2massets/[22m[36mPhArrowsLeftRight-B_xNg8kN.js                                                             [39m[1m[2m    2.80 kB[22m[1m[22m[2m │ gzip:   1.17 kB[22m
[2m[WebServer] [22m[2mdist/[22m[2massets/[22m[36mExploreOverallStats-CbhSe3KA.js                                                           [39m[1m[2m    2.80 kB[22m[1m[22m[2m │ gzip:   1.30 kB[22m
[2m[WebServer] [22m[2mdist/[22m[2massets/[22m[36mPhArrowCircleDown-gbV2vaLb.js                                                             [39m[1m[2m    2.81 kB[22m[1m[22m[2m │ gzip:   1.17 kB[22m
[2m[WebServer] [22m[2mdist/[22m[2massets/[22m[36mPhQuestionMark-CSwZELrx.js                                                                [39m[1m[2m    2.84 kB[22m[1m[22m[2m │ gzip:   1.30 kB[22m
[2m[WebServer] [22m[2mdist/[22m[2massets/[22m[36mBookWidget-DUfdlGvS.js                                                                    [39m[1m[2m    2.85 kB[22m[1m[22m[2m │ gzip:   1.25 kB[22m
[2m[WebServer] [22m[2mdist/[22m[2massets/[22m[36mAssetsFilter-GOmnLanO.js                                                                  [39m[1m[2m    2.86 kB[22m[1m[22m[2m │ gzip:   1.32 kB[22m
[2m[WebServer] [22m[2mdist/[22m[2massets/[22m[36mSlippageTolerance-B3NIq9FI.js                                                             [39m[1m[2m    2.88 kB[22m[1m[22m[2m │ gzip:   1.38 kB[22m
[2m[WebServer] [22m[2mdist/[22m[2massets/[22m[36mTermsAndConditions-Dfkssrft.js                                                            [39m[1m[2m    2.88 kB[22m[1m[22m[2m │ gzip:   1.25 kB[22m
[2m[WebServer] [22m[2mdist/[22m[2massets/[22m[36makk-CTRhvYi6.js                                                                           [39m[1m[2m    2.92 kB[22m[1m[22m[2m │ gzip:   1.17 kB[22m
[2m[WebServer] [22m[2mdist/[22m[2massets/[22m[36mPhArrowSquareOut-DVcJDuOr.js                                                              [39m[1m[2m    2.93 kB[22m[1m[22m[2m │ gzip:   1.25 kB[22m
[2m[WebServer] [22m[2mdist/[22m[2massets/[22m[36mPhArrowsDownUp-BCeS_76Q.js                                                                [39m[1m[2m    2.93 kB[22m[1m[22m[2m │ gzip:   1.17 kB[22m
[2m[WebServer] [22m[2mdist/[22m[2massets/[22m[36museNetworkFormatter-BVOiLjhW.js                                                           [39m[1m[2m    2.93 kB[22m[1m[22m[2m │ gzip:   1.29 kB[22m
[2m[WebServer] [22m[2mdist/[22m[2massets/[22m[36mPhCreditCard-BOcBt0Ep.js                                                                  [39m[1m[2m    2.93 kB[22m[1m[22m[2m │ gzip:   1.15 kB[22m
[2m[WebServer] [22m[2mdist/[22m[2massets/[22m[36mPhBank-jlfK89TU.js                                                                        [39m[1m[2m    2.94 kB[22m[1m[22m[2m │ gzip:   1.24 kB[22m
[2m[WebServer] [22m[2mdist/[22m[2massets/[22m[36mSelectNodeDialog-BSrGcUeM.js                                                              [39m[1m[2m    2.95 kB[22m[1m[22m[2m │ gzip:   1.33 kB[22m
[2m[WebServer] [22m[2mdist/[22m[2massets/[22m[36mindex-DqnCHQ4G.js                                                                         [39m[1m[2m    2.96 kB[22m[1m[22m[2m │ gzip:   0.99 kB[22m
[2m[WebServer] [22m[2mdist/[22m[2massets/[22m[36mOrderBook-DxZnNbmC.js                                                                     [39m[1m[2m    2.96 kB[22m[1m[22m[2m │ gzip:   1.24 kB[22m
[2m[WebServer] [22m[2mdist/[22m[2massets/[22m[36mPhVault-BvVEorLF.js                                                                       [39m[1m[2m    2.97 kB[22m[1m[22m[2m │ gzip:   1.19 kB[22m
[2m[WebServer] [22m[2mdist/[22m[2massets/[22m[36mindex-CmRwnosV.js                                                                         [39m[1m[2m    2.98 kB[22m[1m[22m[2m │ gzip:   1.03 kB[22m
[2m[WebServer] [22m[2mdist/[22m[2massets/[22m[36mPhCompass-BVxuDmKI.js                                                                     [39m[1m[2m    2.98 kB[22m[1m[22m[2m │ gzip:   1.27 kB[22m
[2m[WebServer] [22m[2mdist/[22m[2massets/[22m[36mDepositOptions-CngFJKMv.js                                                                [39m[1m[2m    2.99 kB[22m[1m[22m[2m │ gzip:   1.38 kB[22m
[2m[WebServer] [22m[2mdist/[22m[2massets/[22m[36mindex-CQsz-N38.js                                                                         [39m[1m[2m    2.99 kB[22m[1m[22m[2m │ gzip:   1.18 kB[22m
[2m[WebServer] [22m[2mdist/[22m[2massets/[22m[36mBlockedRotatePhone-4tkwBMZ7.js                                                            [39m[1m[2m    2.99 kB[22m[1m[22m[2m │ gzip:   1.64 kB[22m
[2m[WebServer] [22m[2mdist/[22m[2massets/[22m[36mindex-BDcZZBSt.js                                                                         [39m[1m[2m    3.00 kB[22m[1m[22m[2m │ gzip:   1.21 kB[22m
[2m[WebServer] [22m[2mdist/[22m[2massets/[22m[36mTransactionDetails-B4CiZ2Rz.js                                                            [39m[1m[2m    3.01 kB[22m[1m[22m[2m │ gzip:   1.24 kB[22m
[2m[WebServer] [22m[2mdist/[22m[2massets/[22m[36mConfirm-jO5kIHzm.js                                                                       [39m[1m[2m    3.02 kB[22m[1m[22m[2m │ gzip:   1.45 kB[22m
[2m[WebServer] [22m[2mdist/[22m[2massets/[22m[36mWithdrawDialog-DEM3JO6r.js                                                                [39m[1m[2m    3.04 kB[22m[1m[22m[2m │ gzip:   1.46 kB[22m
[2m[WebServer] [22m[2mdist/[22m[2massets/[22m[36mindex-CPw-9F-0.js                                                                         [39m[1m[2m    3.04 kB[22m[1m[22m[2m │ gzip:   1.19 kB[22m
[2m[WebServer] [22m[2mdist/[22m[2massets/[22m[36mTransactionDetails-CBPqQ2K0.js                                                            [39m[1m[2m    3.07 kB[22m[1m[22m[2m │ gzip:   1.14 kB[22m
[2m[WebServer] [22m[2mdist/[22m[2massets/[22m[36mClaimDialog-6BqRqF7G.js                                                                   [39m[1m[2m    3.09 kB[22m[1m[22m[2m │ gzip:   1.37 kB[22m
[2m[WebServer] [22m[2mdist/[22m[2massets/[22m[36mPhPaperPlaneRight-ChjuDsGR.js                                                             [39m[1m[2m    3.10 kB[22m[1m[22m[2m │ gzip:   1.43 kB[22m
[2m[WebServer] [22m[2mdist/[22m[2massets/[22m[36mindex-DtCiqp0K.js                                                                         [39m[1m[2m    3.10 kB[22m[1m[22m[2m │ gzip:   1.21 kB[22m
[2m[WebServer] [22m[2mdist/[22m[2massets/[22m[36museChartSpec-BXyZlsLJ.js                                                                  [39m[1m[2m    3.11 kB[22m[1m[22m[2m │ gzip:   1.20 kB[22m
[2m[WebServer] [22m[2mdist/[22m[2massets/[22m[36mPhTrash-CxOOqvnh.js                                                                       [39m[1m[2m    3.12 kB[22m[1m[22m[2m │ gzip:   1.18 kB[22m
[2m[WebServer] [22m[2mdist/[22m[2massets/[22m[36mContainer-BiD7FGPG.js                                                                     [39m[1m[2m    3.15 kB[22m[1m[22m[2m │ gzip:   1.50 kB[22m
[2m[WebServer] [22m[2mdist/[22m[2massets/[22m[36mindex-abf25722-D3uKUJIO.js                                                                [39m[1m[2m    3.18 kB[22m[1m[22m[2m │ gzip:   1.63 kB[22m
[2m[WebServer] [22m[2mdist/[22m[2massets/[22m[36mAllOrders-Ni8YiKnm.js                                                                     [39m[1m[2m    3.18 kB[22m[1m[22m[2m │ gzip:   1.34 kB[22m
[2m[WebServer] [22m[2mdist/[22m[2massets/[22m[36mStatisticsDialog-kIcvv2il.js                                                              [39m[1m[2m    3.18 kB[22m[1m[22m[2m │ gzip:   1.29 kB[22m
[2m[WebServer] [22m[2mdist/[22m[2massets/[22m[36mConfirmBridgeTransaction-DTJ8cqXX.js                                                      [39m[1m[2m    3.21 kB[22m[1m[22m[2m │ gzip:   1.42 kB[22m
[2m[WebServer] [22m[2mdist/[22m[2massets/[22m[36mInput.vue_vue_type_style_index_0_scoped_b265acb2_lang-9Nks4_ND.js                         [39m[1m[2m    3.22 kB[22m[1m[22m[2m │ gzip:   1.18 kB[22m
[2m[WebServer] [22m[2mdist/[22m[2massets/[22m[36mPool-CwlGj3dr.js                                                                          [39m[1m[2m    3.22 kB[22m[1m[22m[2m │ gzip:   1.29 kB[22m
[2m[WebServer] [22m[2mdist/[22m[2massets/[22m[36mGuidance-BTrpUxi0.js                                                                      [39m[1m[2m    3.23 kB[22m[1m[22m[2m │ gzip:   1.23 kB[22m
[2m[WebServer] [22m[2mdist/[22m[2massets/[22m[36mPhCurrencyDollar-DT3RluYJ.js                                                              [39m[1m[2m    3.24 kB[22m[1m[22m[2m │ gzip:   1.32 kB[22m
[2m[WebServer] [22m[2mdist/[22m[2massets/[22m[36mTransferNotification-DhFiHd6t.js                                                          [39m[1m[2m    3.26 kB[22m[1m[22m[2m │ gzip:   1.57 kB[22m
[2m[WebServer] [22m[2mdist/[22m[2massets/[22m[36mTransactionHashView-BevefO5X.js                                                           [39m[1m[2m    3.29 kB[22m[1m[22m[2m │ gzip:   1.52 kB[22m
[2m[WebServer] [22m[2mdist/[22m[2massets/[22m[36mPhQuestion-DeQL0FRC.js                                                                    [39m[1m[2m    3.32 kB[22m[1m[22m[2m │ gzip:   1.45 kB[22m
[2m[WebServer] [22m[2mdist/[22m[2massets/[22m[36mList-BMoJ7Frv.js                                                                          [39m[1m[2m    3.35 kB[22m[1m[22m[2m │ gzip:   1.42 kB[22m
[2m[WebServer] [22m[2mdist/[22m[2massets/[22m[36mWalletAccount-CDcHQyaW.js                                                                 [39m[1m[2m    3.41 kB[22m[1m[22m[2m │ gzip:   1.58 kB[22m
[2m[WebServer] [22m[2mdist/[22m[2massets/[22m[36mPhImage-BTIdlTqQ.js                                                                       [39m[1m[2m    3.44 kB[22m[1m[22m[2m │ gzip:   1.44 kB[22m
[2m[WebServer] [22m[2mdist/[22m[2massets/[22m[36mindex-BLQI_El1.js                                                                         [39m[1m[2m    3.44 kB[22m[1m[22m[2m │ gzip:   1.50 kB[22m
[2m[WebServer] [22m[2mdist/[22m[2massets/[22m[36mSoraCard-DPX7Kvao.js                                                                      [39m[1m[2m    3.51 kB[22m[1m[22m[2m │ gzip:   1.50 kB[22m
[2m[WebServer] [22m[2mdist/[22m[2massets/[22m[36mMoonpay.vue_vue_type_script_setup_true_lang-C98Z_-vT.js                                   [39m[1m[2m    3.53 kB[22m[1m[22m[2m │ gzip:   1.47 kB[22m
[2m[WebServer] [22m[2mdist/[22m[2massets/[22m[36mTokenLogo.vue_vue_type_style_index_0_scoped_3f040e9e_lang-DM4Axfnj.js                     [39m[1m[2m    3.57 kB[22m[1m[22m[2m │ gzip:   1.75 kB[22m
[2m[WebServer] [22m[2mdist/[22m[2massets/[22m[36mMintDialog-DMabh-Cg.js                                                                    [39m[1m[2m    3.58 kB[22m[1m[22m[2m │ gzip:   1.74 kB[22m
[2m[WebServer] [22m[2mdist/[22m[2massets/[22m[36mInput-BBgby_XH.js                                                                         [39m[1m[2m    3.62 kB[22m[1m[22m[2m │ gzip:   1.30 kB[22m
[2m[WebServer] [22m[2mdist/[22m[2massets/[22m[36mburnXor-C7Hb02Tn.js                                                                       [39m[1m[2m    3.71 kB[22m[1m[22m[2m │ gzip:   1.32 kB[22m
[2m[WebServer] [22m[2mdist/[22m[2massets/[22m[36mindex-qKRHlFDN.js                                                                         [39m[1m[2m    3.73 kB[22m[1m[22m[2m │ gzip:   1.49 kB[22m
[2m[WebServer] [22m[2mdist/[22m[2massets/[22m[36mRotatePhoneDialog-Nc5MAwAc.js                                                             [39m[1m[2m    3.74 kB[22m[1m[22m[2m │ gzip:   1.31 kB[22m
[2m[WebServer] [22m[2mdist/[22m[2massets/[22m[36mDashboard-BhZHPYFL.js                                                                     [39m[1m[2m    3.77 kB[22m[1m[22m[2m │ gzip:   1.80 kB[22m
[2m[WebServer] [22m[2mdist/[22m[2massets/[22m[36museMoonpayBridge-D-Gyiqzw.js                                                              [39m[1m[2m    3.78 kB[22m[1m[22m[2m │ gzip:   1.65 kB[22m
[2m[WebServer] [22m[2mdist/[22m[2massets/[22m[36mTransactionDetails-BbvX__z3.js                                                            [39m[1m[2m    3.82 kB[22m[1m[22m[2m │ gzip:   1.60 kB[22m
[2m[WebServer] [22m[2mdist/[22m[2massets/[22m[36mAddAssetDetailsCard.vue_vue_type_style_index_1_scoped_85549e8f_lang-CdJ844BB.js           [39m[1m[2m    3.83 kB[22m[1m[22m[2m │ gzip:   1.42 kB[22m
[2m[WebServer] [22m[2mdist/[22m[2massets/[22m[36mPhArrowsClockwise-BGC-OSch.js                                                             [39m[1m[2m    3.87 kB[22m[1m[22m[2m │ gzip:   1.60 kB[22m
[2m[WebServer] [22m[2mdist/[22m[2massets/[22m[36mPhWarning-S0Lsie3G.js                                                                     [39m[1m[2m    3.91 kB[22m[1m[22m[2m │ gzip:   1.49 kB[22m
[2m[WebServer] [22m[2mdist/[22m[2massets/[22m[36mConfirm-D2wDFJtd.js                                                                       [39m[1m[2m    3.92 kB[22m[1m[22m[2m │ gzip:   1.64 kB[22m
[2m[WebServer] [22m[2mdist/[22m[2massets/[22m[36mindex-CrXeOVxb.js                                                                         [39m[1m[2m    3.94 kB[22m[1m[22m[2m │ gzip:   1.48 kB[22m
[2m[WebServer] [22m[2mdist/[22m[2massets/[22m[36mBurnDialog-DLxhKwIh.js                                                                    [39m[1m[2m    3.95 kB[22m[1m[22m[2m │ gzip:   1.87 kB[22m
[2m[WebServer] [22m[2mdist/[22m[2massets/[22m[36mFormattedAmount.vue_vue_type_style_index_0_scoped_92310684_lang-DMs5tEi1.js               [39m[1m[2m    3.95 kB[22m[1m[22m[2m │ gzip:   1.60 kB[22m
[2m[WebServer] [22m[2mdist/[22m[2massets/[22m[36mAlertList-cYqiqo0n.js                                                                     [39m[1m[2m    3.99 kB[22m[1m[22m[2m │ gzip:   1.85 kB[22m
[2m[WebServer] [22m[2mdist/[22m[2massets/[22m[36mClaimRewardsDialog-HZcvgLPH.js                                                            [39m[1m[2m    4.07 kB[22m[1m[22m[2m │ gzip:   1.88 kB[22m
[2m[WebServer] [22m[2mdist/[22m[2massets/[22m[36mindex-B7Dzd9Oj.js                                                                         [39m[1m[2m    4.07 kB[22m[1m[22m[2m │ gzip:   1.54 kB[22m
[2m[WebServer] [22m[2mdist/[22m[2massets/[22m[36mindex-DURj4sW7.js                                                                         [39m[1m[2m    4.11 kB[22m[1m[22m[2m │ gzip:   1.74 kB[22m
[2m[WebServer] [22m[2mdist/[22m[2massets/[22m[36mSelectAsset-C6y09eOH.js                                                                   [39m[1m[2m    4.12 kB[22m[1m[22m[2m │ gzip:   1.93 kB[22m
[2m[WebServer] [22m[2mdist/[22m[2massets/[22m[36mTvlChart.vue_vue_type_script_setup_true_lang-BmM74yGV.js                                  [39m[1m[2m    4.12 kB[22m[1m[22m[2m │ gzip:   1.93 kB[22m
[2m[WebServer] [22m[2mdist/[22m[2massets/[22m[36mindex-Dy7uHmMH.js                                                                         [39m[1m[2m    4.13 kB[22m[1m[22m[2m │ gzip:   1.23 kB[22m
[2m[WebServer] [22m[2mdist/[22m[2massets/[22m[36mPairListPopover-BzL_voEG.js                                                               [39m[1m[2m    4.15 kB[22m[1m[22m[2m │ gzip:   1.65 kB[22m
[2m[WebServer] [22m[2mdist/[22m[2massets/[22m[36mEmail-BZtKKd4_.js                                                                         [39m[1m[2m    4.16 kB[22m[1m[22m[2m │ gzip:   1.81 kB[22m
[2m[WebServer] [22m[2mdist/[22m[2massets/[22m[36mPhIdentificationCard-C2UaC_jE.js                                                          [39m[1m[2m    4.22 kB[22m[1m[22m[2m │ gzip:   1.65 kB[22m
[2m[WebServer] [22m[2mdist/[22m[2massets/[22m[36mDistribution-BFBsQ5oc.js                                                                  [39m[1m[2m    4.25 kB[22m[1m[22m[2m │ gzip:   1.65 kB[22m
[2m[WebServer] [22m[2mdist/[22m[2massets/[22m[36mswap-BGxHWc_O.js                                                                          [39m[1m[2m    4.27 kB[22m[1m[22m[2m │ gzip:   1.47 kB[22m
[2m[WebServer] [22m[2mdist/[22m[2massets/[22m[36mConnectionView-DkZNKdFA.js                                                                [39m[1m[2m    4.28 kB[22m[1m[22m[2m │ gzip:   1.42 kB[22m
[2m[WebServer] [22m[2mdist/[22m[2massets/[22m[36mSoraCardIntroPage-BoWx9Uv3.js                                                             [39m[1m[2m    4.39 kB[22m[1m[22m[2m │ gzip:   1.88 kB[22m
[2m[WebServer] [22m[2mdist/[22m[2massets/[22m[36mBase-DrjLMqhx.js                                                                          [39m[1m[2m    4.39 kB[22m[1m[22m[2m │ gzip:   1.97 kB[22m
[2m[WebServer] [22m[2mdist/[22m[2massets/[22m[36mHistoryOrderWidget-DQI5xvYs.js                                                            [39m[1m[2m    4.40 kB[22m[1m[22m[2m │ gzip:   1.82 kB[22m
[2m[WebServer] [22m[2mdist/[22m[2massets/[22m[36museDemeterPage-CCtJONmF.js                                                                [39m[1m[2m    4.41 kB[22m[1m[22m[2m │ gzip:   1.83 kB[22m
[2m[WebServer] [22m[2mdist/[22m[2massets/[22m[36mPhSpinner-CA-B2ona.js                                                                     [39m[1m[2m    4.45 kB[22m[1m[22m[2m │ gzip:   1.64 kB[22m
[2m[WebServer] [22m[2mdist/[22m[2massets/[22m[36mBurnDialog-Cxsx4693.js                                                                    [39m[1m[2m    4.52 kB[22m[1m[22m[2m │ gzip:   2.09 kB[22m
[2m[WebServer] [22m[2mdist/[22m[2massets/[22m[36mValidatorsDialog-BSJB9tEq.js                                                              [39m[1m[2m    4.52 kB[22m[1m[22m[2m │ gzip:   2.03 kB[22m
[2m[WebServer] [22m[2mdist/[22m[2massets/[22m[36mAmountTable-VRG8n3Hg.js                                                                   [39m[1m[2m    4.54 kB[22m[1m[22m[2m │ gzip:   1.80 kB[22m
[2m[WebServer] [22m[2mdist/[22m[2massets/[22m[36mConfirmationInfo-B1xQsrgP.js                                                              [39m[1m[2m    4.55 kB[22m[1m[22m[2m │ gzip:   1.91 kB[22m
[2m[WebServer] [22m[2mdist/[22m[2massets/[22m[36mNodeInfo.vue_vue_type_script_setup_true_lang-G4pB8qC0.js                                  [39m[1m[2m    4.59 kB[22m[1m[22m[2m │ gzip:   1.98 kB[22m
[2m[WebServer] [22m[2mdist/[22m[2massets/[22m[36museSoraStaking-C9h7dj6R.js                                                                [39m[1m[2m    4.66 kB[22m[1m[22m[2m │ gzip:   1.59 kB[22m
[2m[WebServer] [22m[2mdist/[22m[2massets/[22m[36mBarChart.vue_vue_type_script_setup_true_lang-BrmiBzmp.js                                  [39m[1m[2m    4.68 kB[22m[1m[22m[2m │ gzip:   2.13 kB[22m
[2m[WebServer] [22m[2mdist/[22m[2massets/[22m[36mNetworkStats-BuaEHzAt.js                                                                  [39m[1m[2m    4.69 kB[22m[1m[22m[2m │ gzip:   2.02 kB[22m
[2m[WebServer] [22m[2mdist/[22m[2massets/[22m[36mindex-B2NQ0tCB.js                                                                         [39m[1m[2m    4.70 kB[22m[1m[22m[2m │ gzip:   1.45 kB[22m
[2m[WebServer] [22m[2mdist/[22m[2massets/[22m[36mExchangeController-crxi50W0.js                                                            [39m[1m[2m    4.80 kB[22m[1m[22m[2m │ gzip:   1.89 kB[22m
[2m[WebServer] [22m[2mdist/[22m[2massets/[22m[36mindex-DgO0hzWx.js                                                                         [39m[1m[2m    4.81 kB[22m[1m[22m[2m │ gzip:   1.98 kB[22m
[2m[WebServer] [22m[2mdist/[22m[2massets/[22m[36mduration-sE6lMJIp.js                                                                      [39m[1m[2m    4.82 kB[22m[1m[22m[2m │ gzip:   1.74 kB[22m
[2m[WebServer] [22m[2mdist/[22m[2massets/[22m[36mSendTokenDialog-7mAld7_N.js                                                               [39m[1m[2m    4.84 kB[22m[1m[22m[2m │ gzip:   2.18 kB[22m
[2m[WebServer] [22m[2mdist/[22m[2massets/[22m[36mStaking-NS7eg-J2.js                                                                       [39m[1m[2m    4.89 kB[22m[1m[22m[2m │ gzip:   2.00 kB[22m
[2m[WebServer] [22m[2mdist/[22m[2massets/[22m[36mPhLightbulb-50ul1RGY.js                                                                   [39m[1m[2m    4.92 kB[22m[1m[22m[2m │ gzip:   1.88 kB[22m
[2m[WebServer] [22m[2mdist/[22m[2massets/[22m[36mPhQrCode-BSmfZrGC.js                                                                      [39m[1m[2m    4.92 kB[22m[1m[22m[2m │ gzip:   1.46 kB[22m
[2m[WebServer] [22m[2mdist/[22m[2massets/[22m[36museOrderBook-DZx3MrzL.js                                                                  [39m[1m[2m    5.05 kB[22m[1m[22m[2m │ gzip:   2.19 kB[22m
[2m[WebServer] [22m[2mdist/[22m[2massets/[22m[36mindex-D66EaqPo.js                                                                         [39m[1m[2m    5.26 kB[22m[1m[22m[2m │ gzip:   1.60 kB[22m
[2m[WebServer] [22m[2mdist/[22m[2massets/[22m[36mpis-DxV7mtKk.js                                                                           [39m[1m[2m    5.26 kB[22m[1m[22m[2m │ gzip:   2.35 kB[22m
[2m[WebServer] [22m[2mdist/[22m[2massets/[22m[36mStakeDialog-D2A2_UrG.js                                                                   [39m[1m[2m    5.27 kB[22m[1m[22m[2m │ gzip:   2.31 kB[22m
[2m[WebServer] [22m[2mdist/[22m[2massets/[22m[36mPool-CW6sxU0u.js                                                                          [39m[1m[2m    5.32 kB[22m[1m[22m[2m │ gzip:   2.08 kB[22m
[2m[WebServer] [22m[2mdist/[22m[2massets/[22m[36mPhPuzzlePiece-WR8BSxzn.js                                                                 [39m[1m[2m    5.37 kB[22m[1m[22m[2m │ gzip:   1.98 kB[22m
[2m[WebServer] [22m[2mdist/[22m[2massets/[22m[36mRepayDebtDialog-Braj0Ij4.js                                                               [39m[1m[2m    5.38 kB[22m[1m[22m[2m │ gzip:   2.36 kB[22m
[2m[WebServer] [22m[2mdist/[22m[2massets/[22m[36mzh_TW-Ff6ovPoI.js                                                                         [39m[1m[2m    5.39 kB[22m[1m[22m[2m │ gzip:   2.81 kB[22m
[2m[WebServer] [22m[2mdist/[22m[2massets/[22m[36mzh_CN-DDeUamix.js                                                                         [39m[1m[2m    5.46 kB[22m[1m[22m[2m │ gzip:   2.90 kB[22m
[2m[WebServer] [22m[2mdist/[22m[2massets/[22m[36mCreateAlert-B6sxt039.js                                                                   [39m[1m[2m    5.48 kB[22m[1m[22m[2m │ gzip:   2.33 kB[22m
[2m[WebServer] [22m[2mdist/[22m[2massets/[22m[36mSwap-BkvRb3dj.js                                                                          [39m[1m[2m    5.49 kB[22m[1m[22m[2m │ gzip:   1.82 kB[22m
[2m[WebServer] [22m[2mdist/[22m[2massets/[22m[36mMoonpayHistory-B4GJSxj8.js                                                                [39m[1m[2m    5.50 kB[22m[1m[22m[2m │ gzip:   2.39 kB[22m
[2m[WebServer] [22m[2mdist/[22m[2massets/[22m[36mCloseVaultDialog-DKEV5AWt.js                                                              [39m[1m[2m    5.54 kB[22m[1m[22m[2m │ gzip:   2.13 kB[22m
[2m[WebServer] [22m[2mdist/[22m[2massets/[22m[36mPendingRewardsDialog-CpvvCHPd.js                                                          [39m[1m[2m    5.57 kB[22m[1m[22m[2m │ gzip:   2.48 kB[22m
[2m[WebServer] [22m[2mdist/[22m[2massets/[22m[36mPoolCard-Cp33Tpap.js                                                                      [39m[1m[2m    5.60 kB[22m[1m[22m[2m │ gzip:   2.06 kB[22m
[2m[WebServer] [22m[2mdist/[22m[2massets/[22m[36mBorrowMoreDialog-BE3lwCgj.js                                                              [39m[1m[2m    5.62 kB[22m[1m[22m[2m │ gzip:   2.41 kB[22m
[2m[WebServer] [22m[2mdist/[22m[2massets/[22m[36mPhone-qPB-ztUs.js                                                                         [39m[1m[2m    5.63 kB[22m[1m[22m[2m │ gzip:   2.29 kB[22m
[2m[WebServer] [22m[2mdist/[22m[2massets/[22m[36mindex-CAHtIc_A.js                                                                         [39m[1m[2m    5.64 kB[22m[1m[22m[2m │ gzip:   1.54 kB[22m
[2m[WebServer] [22m[2mdist/[22m[2massets/[22m[36mReferralBonding-DOITPKc-.js                                                               [39m[1m[2m    5.65 kB[22m[1m[22m[2m │ gzip:   2.15 kB[22m
[2m[WebServer] [22m[2mdist/[22m[2massets/[22m[36mPhGlobe-CqATMjoP.js                                                                       [39m[1m[2m    5.72 kB[22m[1m[22m[2m │ gzip:   1.93 kB[22m
[2m[WebServer] [22m[2mdist/[22m[2massets/[22m[36mVaultDetailsHistory-BPFdj-2F.js                                                           [39m[1m[2m    5.73 kB[22m[1m[22m[2m │ gzip:   2.34 kB[22m
[2m[WebServer] [22m[2mdist/[22m[2massets/[22m[36mTokenInput-evXVIjnW.js                                                                    [39m[1m[2m    5.76 kB[22m[1m[22m[2m │ gzip:   2.36 kB[22m
[2m[WebServer] [22m[2mdist/[22m[2massets/[22m[36mAssetList-DCqM2Pl7.js                                                                     [39m[1m[2m    5.77 kB[22m[1m[22m[2m │ gzip:   2.46 kB[22m
[2m[WebServer] [22m[2mdist/[22m[2massets/[22m[36mCalculatorDialog-DxarFSGM.js                                                              [39m[1m[2m    5.78 kB[22m[1m[22m[2m │ gzip:   2.33 kB[22m
[2m[WebServer] [22m[2mdist/[22m[2massets/[22m[36mAssetOwner-BhlUq6D-.js                                                                    [39m[1m[2m    5.84 kB[22m[1m[22m[2m │ gzip:   2.20 kB[22m
[2m[WebServer] [22m[2mdist/[22m[2massets/[22m[36mam-BSilcSQW.js                                                                            [39m[1m[2m    5.86 kB[22m[1m[22m[2m │ gzip:   2.55 kB[22m
[2m[WebServer] [22m[2mdist/[22m[2massets/[22m[36mdv-BSilcSQW.js                                                                            [39m[1m[2m    5.86 kB[22m[1m[22m[2m │ gzip:   2.55 kB[22m
[2m[WebServer] [22m[2mdist/[22m[2massets/[22m[36mdz-BSilcSQW.js                                                                            [39m[1m[2m    5.86 kB[22m[1m[22m[2m │ gzip:   2.55 kB[22m
[2m[WebServer] [22m[2mdist/[22m[2massets/[22m[36mmn-BSilcSQW.js                                                                            [39m[1m[2m    5.86 kB[22m[1m[22m[2m │ gzip:   2.55 kB[22m
[2m[WebServer] [22m[2mdist/[22m[2massets/[22m[36mpointSystem-Du5NrHFB.js                                                                   [39m[1m[2m    5.86 kB[22m[1m[22m[2m │ gzip:   1.59 kB[22m
[2m[WebServer] [22m[2mdist/[22m[2massets/[22m[36mValidatorsList-B_hQKUYf.js                                                                [39m[1m[2m    5.90 kB[22m[1m[22m[2m │ gzip:   2.35 kB[22m
[2m[WebServer] [22m[2mdist/[22m[2massets/[22m[36mfeatures-Co2-eELo.js                                                                      [39m[1m[2m    5.94 kB[22m[1m[22m[2m │ gzip:   2.36 kB[22m
[2m[WebServer] [22m[2mdist/[22m[2massets/[22m[36mAddCollateralDialog-CsPefXse.js                                                           [39m[1m[2m    6.03 kB[22m[1m[22m[2m │ gzip:   2.48 kB[22m
[2m[WebServer] [22m[2mdist/[22m[2massets/[22m[36mBooks-Cq9XbTBP.js                                                                         [39m[1m[2m    6.03 kB[22m[1m[22m[2m │ gzip:   2.13 kB[22m
[2m[WebServer] [22m[2mdist/[22m[2massets/[22m[36mbrowser-8396eed5-DTIjfk8g.js                                                              [39m[1m[2m    6.05 kB[22m[1m[22m[2m │ gzip:   2.54 kB[22m
[2m[WebServer] [22m[2mdist/[22m[2massets/[22m[36mBridgeTransactionsHistory-BJi7X3ht.js                                                     [39m[1m[2m    6.10 kB[22m[1m[22m[2m │ gzip:   2.69 kB[22m
[2m[WebServer] [22m[2mdist/[22m[2massets/[22m[36mOrderTable.vue_vue_type_style_index_0_lang-Ct8wR8_2.js                                    [39m[1m[2m    6.12 kB[22m[1m[22m[2m │ gzip:   2.39 kB[22m
[2m[WebServer] [22m[2mdist/[22m[2massets/[22m[36mSupplyChart.vue_vue_type_script_setup_true_lang-gFuvJpOp.js                               [39m[1m[2m    6.25 kB[22m[1m[22m[2m │ gzip:   2.82 kB[22m
[2m[WebServer] [22m[2mdist/[22m[2massets/[22m[36mindex-hO1bw8HL.js                                                                         [39m[1m[2m    6.28 kB[22m[1m[22m[2m │ gzip:   1.94 kB[22m
[2m[WebServer] [22m[2mdist/[22m[2massets/[22m[36mnl-CMNuP9WE.js                                                                            [39m[1m[2m    6.28 kB[22m[1m[22m[2m │ gzip:   2.84 kB[22m
[2m[WebServer] [22m[2mdist/[22m[2massets/[22m[36mid-6JTa1eXY.js                                                                            [39m[1m[2m    6.28 kB[22m[1m[22m[2m │ gzip:   2.70 kB[22m
[2m[WebServer] [22m[2mdist/[22m[2massets/[22m[36mba-Ca5vPaDr.js                                                                            [39m[1m[2m    6.35 kB[22m[1m[22m[2m │ gzip:   2.92 kB[22m
[2m[WebServer] [22m[2mdist/[22m[2massets/[22m[36mcs-CdQlsVX5.js                                                                            [39m[1m[2m    6.37 kB[22m[1m[22m[2m │ gzip:   3.06 kB[22m
[2m[WebServer] [22m[2mdist/[22m[2massets/[22m[36mpl-5_bHIPAJ.js                                                                            [39m[1m[2m    6.39 kB[22m[1m[22m[2m │ gzip:   3.04 kB[22m
[2m[WebServer] [22m[2mdist/[22m[2massets/[22m[36mit-CSy2f2yl.js                                                                            [39m[1m[2m    6.42 kB[22m[1m[22m[2m │ gzip:   2.86 kB[22m
[2m[WebServer] [22m[2mdist/[22m[2massets/[22m[36mindex-CC4PYhlY.js                                                                         [39m[1m[2m    6.51 kB[22m[1m[22m[2m │ gzip:   2.02 kB[22m
[2m[WebServer] [22m[2mdist/[22m[2massets/[22m[36makk-DMu5ur6n.js                                                                           [39m[1m[2m    6.52 kB[22m[1m[22m[2m │ gzip:   2.45 kB[22m
[2m[WebServer] [22m[2mdist/[22m[2massets/[22m[36mes-BsKgED0p.js                                                                            [39m[1m[2m    6.54 kB[22m[1m[22m[2m │ gzip:   2.88 kB[22m
[2m[WebServer] [22m[2mdist/[22m[2massets/[22m[36mreceive-CeG7Kl6I.js                                                                       [39m[1m[2m    6.64 kB[22m[1m[22m[2m │ gzip:   2.40 kB[22m
[2m[WebServer] [22m[2mdist/[22m[2massets/[22m[36mindex-5262c4fa-KSxw5FDk.js                                                                [39m[1m[2m    6.74 kB[22m[1m[22m[2m │ gzip:   2.57 kB[22m
[2m[WebServer] [22m[2mdist/[22m[2massets/[22m[36mForm-C9UVU3xz.js                                                                          [39m[1m[2m    6.76 kB[22m[1m[22m[2m │ gzip:   2.74 kB[22m
[2m[WebServer] [22m[2mdist/[22m[2massets/[22m[36mPointSystemV2-bv0CjYnE.js                                                                 [39m[1m[2m    6.84 kB[22m[1m[22m[2m │ gzip:   2.86 kB[22m
[2m[WebServer] [22m[2mdist/[22m[2massets/[22m[36mfr-COjWWrgt.js                                                                            [39m[1m[2m    6.87 kB[22m[1m[22m[2m │ gzip:   2.98 kB[22m
[2m[WebServer] [22m[2mdist/[22m[2massets/[22m[36mde-B7XiGKBL.js                                                                            [39m[1m[2m    6.88 kB[22m[1m[22m[2m │ gzip:   3.04 kB[22m
[2m[WebServer] [22m[2mdist/[22m[2massets/[22m[36mKycView-CZ-T4z9q.js                                                                       [39m[1m[2m    6.89 kB[22m[1m[22m[2m │ gzip:   3.12 kB[22m
[2m[WebServer] [22m[2mdist/[22m[2massets/[22m[36mhe-ZSU1B8r1.js                                                                            [39m[1m[2m    7.06 kB[22m[1m[22m[2m │ gzip:   2.84 kB[22m
[2m[WebServer] [22m[2mdist/[22m[2massets/[22m[36mindex-CqwC5j07.js                                                                         [39m[1m[2m    7.11 kB[22m[1m[22m[2m │ gzip:   2.32 kB[22m
[2m[WebServer] [22m[2mdist/[22m[2massets/[22m[36mpointSystem-DF7ENFek.js                                                                   [39m[1m[2m    7.14 kB[22m[1m[22m[2m │ gzip:   2.18 kB[22m
[2m[WebServer] [22m[2mdist/[22m[2massets/[22m[36mCedeStore.vue_vue_type_script_setup_true_lang-SrKzQduT.js                                 [39m[1m[2m    7.28 kB[22m[1m[22m[2m │ gzip:   3.13 kB[22m
[2m[WebServer] [22m[2mdist/[22m[2massets/[22m[36mStakeDialog-CRiOCsCY.js                                                                   [39m[1m[2m    7.34 kB[22m[1m[22m[2m │ gzip:   2.78 kB[22m
[2m[WebServer] [22m[2mdist/[22m[2massets/[22m[36mPointSystem-CWKWto3C.js                                                                   [39m[1m[2m    7.36 kB[22m[1m[22m[2m │ gzip:   2.51 kB[22m
[2m[WebServer] [22m[2mdist/[22m[2massets/[22m[36mvi-BtGW5hrU.js                                                                            [39m[1m[2m    7.41 kB[22m[1m[22m[2m │ gzip:   3.02 kB[22m
[2m[WebServer] [22m[2mdist/[22m[2massets/[22m[36mindex-54bb8b52-GtNOT33R.js                                                                [39m[1m[2m    7.43 kB[22m[1m[22m[2m │ gzip:   3.20 kB[22m
[2m[WebServer] [22m[2mdist/[22m[2massets/[22m[36mBurn-CDXyWPEk.js                                                                          [39m[1m[2m    7.56 kB[22m[1m[22m[2m │ gzip:   3.45 kB[22m
[2m[WebServer] [22m[2mdist/[22m[2massets/[22m[36mForm-CuQ87x1r.js                                                                          [39m[1m[2m    7.67 kB[22m[1m[22m[2m │ gzip:   3.02 kB[22m
[2m[WebServer] [22m[2mdist/[22m[2massets/[22m[36mar-ByvMEM7V.js                                                                            [39m[1m[2m    7.74 kB[22m[1m[22m[2m │ gzip:   3.06 kB[22m
[2m[WebServer] [22m[2mdist/[22m[2massets/[22m[36mWalletAvatar.vue_vue_type_script_setup_true_lang-DE2pJseN.js                              [39m[1m[2m    8.03 kB[22m[1m[22m[2m │ gzip:   3.86 kB[22m
[2m[WebServer] [22m[2mdist/[22m[2massets/[22m[36mSelectToken-CEdv5vMQ.js                                                                   [39m[1m[2m    8.49 kB[22m[1m[22m[2m │ gzip:   2.98 kB[22m
[2m[WebServer] [22m[2mdist/[22m[2massets/[22m[36mur-DIeoJtvR.js                                                                            [39m[1m[2m    8.67 kB[22m[1m[22m[2m │ gzip:   3.18 kB[22m
[2m[WebServer] [22m[2mdist/[22m[2massets/[22m[36muk-DL4OSMfh.js                                                                            [39m[1m[2m    8.99 kB[22m[1m[22m[2m │ gzip:   3.36 kB[22m
[2m[WebServer] [22m[2mdist/[22m[2massets/[22m[36mForm-DXL7AZO_.js                                                                          [39m[1m[2m    9.00 kB[22m[1m[22m[2m │ gzip:   3.62 kB[22m
[2m[WebServer] [22m[2mdist/[22m[2massets/[22m[36mExploreCollaterals-CRxkI4y6.js                                                            [39m[1m[2m    9.01 kB[22m[1m[22m[2m │ gzip:   3.07 kB[22m
[2m[WebServer] [22m[2mdist/[22m[2massets/[22m[36mCreateVaultDialog-DR8c9XAU.js                                                             [39m[1m[2m    9.02 kB[22m[1m[22m[2m │ gzip:   3.23 kB[22m
[2m[WebServer] [22m[2mdist/[22m[2massets/[22m[36mtt-BbBaNIlx.js                                                                            [39m[1m[2m    9.05 kB[22m[1m[22m[2m │ gzip:   3.31 kB[22m
[2m[WebServer] [22m[2mdist/[22m[2massets/[22m[36msr-BpXKoQkc.js                                                                            [39m[1m[2m    9.16 kB[22m[1m[22m[2m │ gzip:   3.46 kB[22m
[2m[WebServer] [22m[2mdist/[22m[2massets/[22m[36mOverview-ByCrPJfj.js                                                                      [39m[1m[2m    9.19 kB[22m[1m[22m[2m │ gzip:   3.06 kB[22m
[2m[WebServer] [22m[2mdist/[22m[2massets/[22m[36mTransactions-7B6W-dSs.js                                                                  [39m[1m[2m    9.31 kB[22m[1m[22m[2m │ gzip:   3.27 kB[22m
[2m[WebServer] [22m[2mdist/[22m[2massets/[22m[36mkk-BOtkyk9x.js                                                                            [39m[1m[2m    9.53 kB[22m[1m[22m[2m │ gzip:   3.42 kB[22m
[2m[WebServer] [22m[2mdist/[22m[2massets/[22m[36mRewards-B1OXYAin.js                                                                       [39m[1m[2m    9.54 kB[22m[1m[22m[2m │ gzip:   3.45 kB[22m
[2m[WebServer] [22m[2mdist/[22m[2massets/[22m[36mPools-B1gxVLHU.js                                                                         [39m[1m[2m    9.57 kB[22m[1m[22m[2m │ gzip:   3.41 kB[22m
[2m[WebServer] [22m[2mdist/[22m[2massets/[22m[36mTokens-VqjVBxGr.js                                                                        [39m[1m[2m    9.59 kB[22m[1m[22m[2m │ gzip:   3.07 kB[22m
[2m[WebServer] [22m[2mdist/[22m[2massets/[22m[36mindex-CHJdW4ia.js                                                                         [39m[1m[2m    9.72 kB[22m[1m[22m[2m │ gzip:   3.15 kB[22m
[2m[WebServer] [22m[2mdist/[22m[2massets/[22m[36mDemeter-BXxyZQ6S.js                                                                       [39m[1m[2m    9.82 kB[22m[1m[22m[2m │ gzip:   3.69 kB[22m
[2m[WebServer] [22m[2mdist/[22m[2massets/[22m[36mru-D3XklJMK.js                                                                            [39m[1m[2m    9.84 kB[22m[1m[22m[2m │ gzip:   3.57 kB[22m
[2m[WebServer] [22m[2mdist/[22m[2massets/[22m[36mWeb3-CTkRELx1.js                                                                          [39m[1m[2m    9.95 kB[22m[1m[22m[2m │ gzip:   3.37 kB[22m
[2m[WebServer] [22m[2mdist/[22m[2massets/[22m[36mindex-CxMOYxq2.js                                                                         [39m[1m[2m   10.10 kB[22m[1m[22m[2m │ gzip:   2.76 kB[22m
[2m[WebServer] [22m[2mdist/[22m[2massets/[22m[36mAssetOwnerDetails-BJCNAR2j.js                                                             [39m[1m[2m   10.64 kB[22m[1m[22m[2m │ gzip:   3.21 kB[22m
[2m[WebServer] [22m[2mdist/[22m[2massets/[22m[36mReferralProgram-BgNMzPDG.js                                                               [39m[1m[2m   10.64 kB[22m[1m[22m[2m │ gzip:   3.78 kB[22m
[2m[WebServer] [22m[2mdist/[22m[2massets/[22m[36memail-Cf4a_6vF.js                                                                         [39m[1m[2m   10.80 kB[22m[1m[22m[2m │ gzip:   2.89 kB[22m
[2m[WebServer] [22m[2mdist/[22m[2massets/[22m[36mth-BnuOQ5AD.js                                                                            [39m[1m[2m   11.12 kB[22m[1m[22m[2m │ gzip:   3.20 kB[22m
[2m[WebServer] [22m[2mdist/[22m[2massets/[22m[36mVaults-DZmoskRd.js                                                                        [39m[1m[2m   11.22 kB[22m[1m[22m[2m │ gzip:   3.82 kB[22m
[2m[WebServer] [22m[2mdist/[22m[2massets/[22m[36mBridgeTransaction-eq85JxRD.js                                                             [39m[1m[2m   12.03 kB[22m[1m[22m[2m │ gzip:   3.72 kB[22m
[2m[WebServer] [22m[2mdist/[22m[2massets/[22m[36mPhSealCheck-BEjFjmKA.js                                                                   [39m[1m[2m   12.10 kB[22m[1m[22m[2m │ gzip:   4.05 kB[22m
[2m[WebServer] [22m[2mdist/[22m[2massets/[22m[36mkm-DT2yTApu.js                                                                            [39m[1m[2m   12.12 kB[22m[1m[22m[2m │ gzip:   3.30 kB[22m
[2m[WebServer] [22m[2mdist/[22m[2massets/[22m[36mVaultDetails-BP7wws42.js                                                                  [39m[1m[2m   12.93 kB[22m[1m[22m[2m │ gzip:   3.57 kB[22m
[2m[WebServer] [22m[2mdist/[22m[2massets/[22m[36mdata-capture-CjJpLi8b.js                                                                  [39m[1m[2m   12.99 kB[22m[1m[22m[2m │ gzip:   3.78 kB[22m
[2m[WebServer] [22m[2mdist/[22m[2massets/[22m[36mSwapController-Bx8Sh0gq.js                                                                [39m[1m[2m   13.65 kB[22m[1m[22m[2m │ gzip:   3.90 kB[22m
[2m[WebServer] [22m[2mdist/[22m[2massets/[22m[36mmy-RyldNI0y.js                                                                            [39m[1m[2m   13.68 kB[22m[1m[22m[2m │ gzip:   3.38 kB[22m
[2m[WebServer] [22m[2mdist/[22m[2massets/[22m[36mBridge-CBC8bQ70.js                                                                        [39m[1m[2m   14.52 kB[22m[1m[22m[2m │ gzip:   5.04 kB[22m
[2m[WebServer] [22m[2mdist/[22m[2massets/[22m[36mBuySell-CWH5jS_I.js                                                                       [39m[1m[2m   15.62 kB[22m[1m[22m[2m │ gzip:   5.22 kB[22m
[2m[WebServer] [22m[2mdist/[22m[2massets/[22m[36murl-6cb53b95-BhAAk_S0.js                                                                  [39m[1m[2m   15.87 kB[22m[1m[22m[2m │ gzip:   6.23 kB[22m
[2m[WebServer] [22m[2mdist/[22m[2massets/[22m[36mpay-with-exchange-UqfKsSEQ.js                                                             [39m[1m[2m   15.88 kB[22m[1m[22m[2m │ gzip:   4.18 kB[22m
[2m[WebServer] [22m[2mdist/[22m[2massets/[22m[36msocials-01lLP4Xl.js                                                                       [39m[1m[2m   17.55 kB[22m[1m[22m[2m │ gzip:   4.61 kB[22m
[2m[WebServer] [22m[2mdist/[22m[2massets/[22m[36mproperty-DG_zVZHr.js                                                                      [39m[1m[2m   17.74 kB[22m[1m[22m[2m │ gzip:   6.49 kB[22m
[2m[WebServer] [22m[2mdist/[22m[2massets/[22m[36mConnectionView.vue_vue_type_script_lang--Uhrh1lb.js                                       [39m[1m[2m   18.48 kB[22m[1m[22m[2m │ gzip:   4.87 kB[22m
[2m[WebServer] [22m[2mdist/[22m[2massets/[22m[36mPriceChart-Cff8bBFD.js                                                                    [39m[1m[2m   20.64 kB[22m[1m[22m[2m │ gzip:   7.16 kB[22m
[2m[WebServer] [22m[2mdist/[22m[2massets/[22m[36membedded-wallet-BMdVX6Yy.js                                                               [39m[1m[2m   20.67 kB[22m[1m[22m[2m │ gzip:   5.38 kB[22m
[2m[WebServer] [22m[2mdist/[22m[2massets/[22m[36mPolkaswap.vue_vue_type_script_setup_true_lang-CiNXRWsC.js                                 [39m[1m[2m   21.34 kB[22m[1m[22m[2m │ gzip:   9.54 kB[22m
[2m[WebServer] [22m[2mdist/[22m[2massets/[22m[36mindex-C8TEZ2Wp.js                                                                         [39m[1m[2m   26.65 kB[22m[1m[22m[2m │ gzip:   7.77 kB[22m
[2m[WebServer] [22m[2mdist/[22m[2massets/[22m[36monramp-DBfwGxEH.js                                                                        [39m[1m[2m   27.08 kB[22m[1m[22m[2m │ gzip:   6.32 kB[22m
[2m[WebServer] [22m[2mdist/[22m[2massets/[22m[36massert-990dca8c-BdlTdbuF.js                                                               [39m[1m[2m   30.74 kB[22m[1m[22m[2m │ gzip:   9.95 kB[22m
[2m[WebServer] [22m[2mdist/[22m[2massets/[22m[36mindex-DpEYBU1T.js                                                                         [39m[1m[2m   31.15 kB[22m[1m[22m[2m │ gzip:  12.01 kB[22m
[2m[WebServer] [22m[2mdist/[22m[2massets/[22m[36msora-app-right-DixGLWmG.js                                                                [39m[1m[2m   31.96 kB[22m[1m[22m[2m │ gzip:   2.58 kB[22m
[2m[WebServer] [22m[2mdist/[22m[2massets/[22m[36mindex-D_kf_bA1.js                                                                         [39m[1m[2m   33.19 kB[22m[1m[22m[2m │ gzip:  10.27 kB[22m
[2m[WebServer] [22m[2mdist/[22m[2massets/[22m[36msend-CfyhxyuC.js                                                                          [39m[1m[2m   33.41 kB[22m[1m[22m[2m │ gzip:   7.58 kB[22m
[2m[WebServer] [22m[2mdist/[22m[2massets/[22m[36mAllWithdrawsDialog-BcR1ZJYg.js                                                            [39m[1m[2m   37.53 kB[22m[1m[22m[2m │ gzip:  12.55 kB[22m
[2m[WebServer] [22m[2mdist/[22m[2massets/[22m[36mw3m-modal-ekQa3BvV.js                                                                     [39m[1m[2m   44.82 kB[22m[1m[22m[2m │ gzip:  10.28 kB[22m
[2m[WebServer] [22m[2mdist/[22m[2massets/[22m[36mindex-D_ZVYPtv.js                                                                         [39m[1m[2m   46.00 kB[22m[1m[22m[2m │ gzip:  13.93 kB[22m
[2m[WebServer] [22m[2mdist/[22m[2massets/[22m[36mindex-7d1bf759-Dx39tN0o.js                                                                [39m[1m[2m   46.37 kB[22m[1m[22m[2m │ gzip:  15.25 kB[22m
[2m[WebServer] [22m[2mdist/[22m[2massets/[22m[36mindex-42ed9c78-v_UCltwj.js                                                                [39m[1m[2m   48.11 kB[22m[1m[22m[2m │ gzip:  11.84 kB[22m
[2m[WebServer] [22m[2mdist/[22m[2massets/[22m[36mswaps-BnPp2UKM.js                                                                         [39m[1m[2m   54.87 kB[22m[1m[22m[2m │ gzip:   9.94 kB[22m
[2m[WebServer] [22m[2mdist/[22m[2massets/[22m[36mindex-BjhVuBUc.js                                                                         [39m[1m[2m   55.67 kB[22m[1m[22m[2m │ gzip:  17.42 kB[22m
[2m[WebServer] [22m[2mdist/[22m[2massets/[22m[36minternal-BRcV_jzD.js                                                                      [39m[1m[2m   64.25 kB[22m[1m[22m[2m │ gzip:  21.54 kB[22m
[2m[WebServer] [22m[2mdist/[22m[2massets/[22m[36mzh_CN-BYutbPqv.js                                                                         [39m[1m[2m   68.98 kB[22m[1m[22m[2m │ gzip:  26.88 kB[22m
[2m[WebServer] [22m[2mdist/[22m[2massets/[22m[36mindex-ab54ff39-C_lBtw9n.js                                                                [39m[1m[2m   71.56 kB[22m[1m[22m[2m │ gzip:  23.09 kB[22m
[2m[WebServer] [22m[2mdist/[22m[2massets/[22m[36mbasic-BvSN6ar6.js                                                                         [39m[1m[2m   71.81 kB[22m[1m[22m[2m │ gzip:  14.80 kB[22m
[2m[WebServer] [22m[2mdist/[22m[2massets/[22m[36mzh_TW-Bj4wxPlG.js                                                                         [39m[1m[2m   72.12 kB[22m[1m[22m[2m │ gzip:  26.84 kB[22m
[2m[WebServer] [22m[2mdist/[22m[2massets/[22m[36mGrid-DbyU_BmJ.js                                                                          [39m[1m[2m   73.09 kB[22m[1m[22m[2m │ gzip:  23.55 kB[22m
[2m[WebServer] [22m[2mdist/[22m[2massets/[22m[36mpis-ByW8jfEv.js                                                                           [39m[1m[2m   74.38 kB[22m[1m[22m[2m │ gzip:  25.19 kB[22m
[2m[WebServer] [22m[2mdist/[22m[2massets/[22m[36mmn-Eh6O4Z_L.js                                                                            [39m[1m[2m   75.91 kB[22m[1m[22m[2m │ gzip:  26.27 kB[22m
[2m[WebServer] [22m[2mdist/[22m[2massets/[22m[36mid-BW6yVlTJ.js                                                                            [39m[1m[2m   77.95 kB[22m[1m[22m[2m │ gzip:  25.97 kB[22m
[2m[WebServer] [22m[2mdist/[22m[2massets/[22m[36mam-Ifj1XNYb.js                                                                            [39m[1m[2m   79.04 kB[22m[1m[22m[2m │ gzip:  27.25 kB[22m
[2m[WebServer] [22m[2mdist/[22m[2massets/[22m[36mcs-CxkuXlvG.js                                                                            [39m[1m[2m   80.17 kB[22m[1m[22m[2m │ gzip:  28.67 kB[22m
[2m[WebServer] [22m[2mdist/[22m[2massets/[22m[36mnl-T8Rv_BBm.js                                                                            [39m[1m[2m   80.60 kB[22m[1m[22m[2m │ gzip:  28.07 kB[22m
[2m[WebServer] [22m[2mdist/[22m[2massets/[22m[36mit-DkpbGXla.js                                                                            [39m[1m[2m   81.76 kB[22m[1m[22m[2m │ gzip:  27.66 kB[22m
[2m[WebServer] [22m[2mdist/[22m[2massets/[22m[36mpl-DktMBilx.js                                                                            [39m[1m[2m   82.00 kB[22m[1m[22m[2m │ gzip:  28.78 kB[22m
[2m[WebServer] [22m[2mdist/[22m[2massets/[22m[36mes-UUpuzJCs.js                                                                            [39m[1m[2m   82.84 kB[22m[1m[22m[2m │ gzip:  28.03 kB[22m
[2m[WebServer] [22m[2mdist/[22m[2massets/[22m[36mdv-Bm5lY0Pw.js                                                                            [39m[1m[2m   83.35 kB[22m[1m[22m[2m │ gzip:  26.93 kB[22m
[2m[WebServer] [22m[2mdist/[22m[2massets/[22m[36mfr-CxFFTRPH.js                                                                            [39m[1m[2m   84.74 kB[22m[1m[22m[2m │ gzip:  28.27 kB[22m
[2m[WebServer] [22m[2mdist/[22m[2massets/[22m[36mde-DVrm3dot.js                                                                            [39m[1m[2m   85.49 kB[22m[1m[22m[2m │ gzip:  28.95 kB[22m
[2m[WebServer] [22m[2mdist/[22m[2massets/[22m[36mba-lZBiQOg2.js                                                                            [39m[1m[2m   85.57 kB[22m[1m[22m[2m │ gzip:  28.03 kB[22m
[2m[WebServer] [22m[2mdist/[22m[2massets/[22m[36mhe-pbRnpjfT.js                                                                            [39m[1m[2m   90.85 kB[22m[1m[22m[2m │ gzip:  28.59 kB[22m
[2m[WebServer] [22m[2mdist/[22m[2massets/[22m[36mvi-4X9DL5ev.js                                                                            [39m[1m[2m   93.12 kB[22m[1m[22m[2m │ gzip:  27.97 kB[22m
[2m[WebServer] [22m[2mdist/[22m[2massets/[22m[36mar-DCnZtaGQ.js                                                                            [39m[1m[2m   95.70 kB[22m[1m[22m[2m │ gzip:  29.08 kB[22m
[2m[WebServer] [22m[2mdist/[22m[2massets/[22m[36mmy-DBvtQKBt.js                                                                            [39m[1m[2m   96.82 kB[22m[1m[22m[2m │ gzip:  28.75 kB[22m
[2m[WebServer] [22m[2mdist/[22m[2massets/[22m[36mdz-BiwM5LAj.js                                                                            [39m[1m[2m   99.86 kB[22m[1m[22m[2m │ gzip:  27.36 kB[22m
[2m[WebServer] [22m[2mdist/[22m[2massets/[22m[36mtt-C63OPbeT.js                                                                            [39m[1m[2m  104.81 kB[22m[1m[22m[2m │ gzip:  29.76 kB[22m
[2m[WebServer] [22m[2mdist/[22m[2massets/[22m[36msr-BTWzPvD9.js                                                                            [39m[1m[2m  106.56 kB[22m[1m[22m[2m │ gzip:  32.78 kB[22m
[2m[WebServer] [22m[2mdist/[22m[2massets/[22m[36mur-DrmSAxNO.js                                                                            [39m[1m[2m  111.43 kB[22m[1m[22m[2m │ gzip:  30.33 kB[22m
[2m[WebServer] [22m[2mdist/[22m[2massets/[22m[36muk-DRPQM52O.js                                                                            [39m[1m[2m  112.02 kB[22m[1m[22m[2m │ gzip:  31.37 kB[22m
[2m[WebServer] [22m[2mdist/[22m[2massets/[22m[36mkk-BwnJOEIM.js                                                                            [39m[1m[2m  115.73 kB[22m[1m[22m[2m │ gzip:  31.33 kB[22m
[2m[WebServer] [22m[2mdist/[22m[2massets/[22m[36mru-B8MMv6Bs.js                                                                            [39m[1m[2m  118.90 kB[22m[1m[22m[2m │ gzip:  32.81 kB[22m
[2m[WebServer] [22m[2mdist/[22m[2massets/[22m[36mlodash-CL3GsA_l.js                                                                        [39m[1m[2m  130.56 kB[22m[1m[22m[2m │ gzip:  46.57 kB[22m
[2m[WebServer] [22m[2mdist/[22m[2massets/[22m[36mth-BpJXOMye.js                                                                            [39m[1m[2m  144.87 kB[22m[1m[22m[2m │ gzip:  31.45 kB[22m
[2m[WebServer] [22m[2mdist/[22m[2massets/[22m[36mindex-DtQBgnfa.js                                                                         [39m[1m[2m  154.17 kB[22m[1m[22m[2m │ gzip:  29.99 kB[22m
[2m[WebServer] [22m[2mdist/[22m[2massets/[22m[36mkm-BwWHv8Zs.js                                                                            [39m[1m[2m  157.76 kB[22m[1m[22m[2m │ gzip:  33.55 kB[22m
[2m[WebServer] [22m[2mdist/[22m[2massets/[22m[36mindex-ztFoXArH.js                                                                         [39m[1m[2m  193.02 kB[22m[1m[22m[2m │ gzip:  61.19 kB[22m
[2m[WebServer] [22m[2mdist/[22m[2massets/[22m[36mcore-CsbHLm5y.js                                                                          [39m[1m[2m  216.27 kB[22m[1m[22m[2m │ gzip:  70.68 kB[22m
[2m[WebServer] [22m[2mdist/[22m[2massets/[22m[36mSoraWallet-DUWIjkav.js                                                                    [39m[1m[2m  540.33 kB[22m[1m[22m[2m │ gzip: 146.67 kB[22m
[2m[WebServer] [22m[2mdist/[22m[2massets/[22m[36mwallet-stack-Dl3b4bzc.js                                                                  [39m[1m[2m  858.47 kB[22m[1m[22m[2m │ gzip: 257.63 kB[22m
[2m[WebServer] [22m[2mdist/[22m[2massets/[22m[36mecharts-BSFAXdo2.js                                                                       [39m[1m[2m1,150.54 kB[22m[1m[22m[2m │ gzip: 379.44 kB[22m
[2m[WebServer] [22m[2mdist/[22m[2massets/[22m[36mCedeStore-aMEU2i0r.js                                                                     [39m[1m[2m1,432.78 kB[22m[1m[22m[2m │ gzip: 378.80 kB[22m
[2m[WebServer] [22m[2mdist/[22m[2massets/[22m[36mpolkadot-HF1t2buM.js                                                                      [39m[1m[2m2,422.48 kB[22m[1m[22m[2m │ gzip: 841.89 kB[22m
[2m[WebServer] [22m[2mdist/[22m[2massets/[22m[36mindex-bo3QFPmz.js                                                                         [39m[1m[2m2,914.32 kB[22m[1m[22m[2m │ gzip: 827.02 kB[22m
[2m[WebServer] [22m[32m✓ built in 27.71s[39m
[2m[WebServer] [22m[ipfs-preview] Serving dist from /Users/mtakemiya/dev/polkaswap-exchange-web/dist
[2m[WebServer] [22m[ipfs-preview] Available at http://127.0.0.1:4173/ipfs/polkaswap-e2e/
[2m[WebServer] [22m[ipfs-preview] GET / -> 200 (0ms)

Running 2 tests using 1 worker

[2m[WebServer] [22m[ipfs-preview] GET /ipfs/polkaswap-e2e/ -> 200 (3ms) [text/html; charset=utf-8]
[2m[WebServer] [22m[ipfs-preview] GET /ipfs/polkaswap-e2e/assets/index-BCEgWbwL.css -> 200 (3ms) [text/css; charset=utf-8]
[2m[WebServer] [22m[ipfs-preview] GET /ipfs/polkaswap-e2e/assets/lodash-CL3GsA_l.js -> 200 (4ms) [application/javascript; charset=utf-8]
[2m[WebServer] [22m[ipfs-preview] GET /ipfs/polkaswap-e2e/assets/wallet-stack-Dl3b4bzc.js -> 200 (9ms) [application/javascript; charset=utf-8]
[2m[WebServer] [22m[ipfs-preview] GET /ipfs/polkaswap-e2e/assets/echarts-BSFAXdo2.js -> 200 (10ms) [application/javascript; charset=utf-8]
[2m[WebServer] [22m[ipfs-preview] GET /ipfs/polkaswap-e2e/assets/polkadot-HF1t2buM.js -> 200 (13ms) [application/javascript; charset=utf-8]
[2m[WebServer] [22m[ipfs-preview] GET /ipfs/polkaswap-e2e/assets/index-bo3QFPmz.js -> 200 (16ms) [application/javascript; charset=utf-8]
[2m[WebServer] [22m[ipfs-preview] GET /ipfs/polkaswap-e2e/assets/internal-BRcV_jzD.js -> 200 (2ms) [application/javascript; charset=utf-8]
[2m[WebServer] [22m[ipfs-preview] GET /ipfs/polkaswap-e2e/assets/duration-sE6lMJIp.js -> 200 (1ms) [application/javascript; charset=utf-8]
[2m[WebServer] [22m[ipfs-preview] GET /ipfs/polkaswap-e2e/assets/internal-fqa9z_3o.css -> 200 (1ms) [text/css; charset=utf-8]
[2m[WebServer] [22m[ipfs-preview] GET /ipfs/polkaswap-e2e/assets/core-CsbHLm5y.js -> 200 (3ms) [application/javascript; charset=utf-8]
[2m[WebServer] [22m[ipfs-preview] GET /ipfs/polkaswap-e2e/assets/BridgeContainer-BWrMuaam.js -> 200 (1ms) [application/javascript; charset=utf-8]
[2m[WebServer] [22m[ipfs-preview] GET /ipfs/polkaswap-e2e/assets/useSubscriptions-2Q-XBI40.js -> 200 (1ms) [application/javascript; charset=utf-8]
[2m[WebServer] [22m[ipfs-preview] GET /ipfs/polkaswap-e2e/assets/index-CqwC5j07.js -> 200 (1ms) [application/javascript; charset=utf-8]
[2m[WebServer] [22m[ipfs-preview] GET /ipfs/polkaswap-e2e/assets/walletCore-D3R7QC-f.js -> 200 (1ms) [application/javascript; charset=utf-8]
[2m[WebServer] [22m[ipfs-preview] GET /ipfs/polkaswap-e2e/assets/useWeb3Connection-BtWtC38D.js -> 200 (0ms) [application/javascript; charset=utf-8]
[2m[WebServer] [22m[ipfs-preview] GET /ipfs/polkaswap-e2e/assets/useWalletConnect-D1Zwv977.js -> 200 (1ms) [application/javascript; charset=utf-8]
[2m[WebServer] [22m[ipfs-preview] GET /ipfs/polkaswap-e2e/assets/Bridge-ClgbT6TM.css -> 200 (2ms) [text/css; charset=utf-8]
[2m[WebServer] [22m[ipfs-preview] GET /ipfs/polkaswap-e2e/assets/Bridge-CBC8bQ70.js -> 200 (2ms) [application/javascript; charset=utf-8]
[2m[WebServer] [22m[ipfs-preview] GET /ipfs/polkaswap-e2e/assets/useBridgeCore-CemqqE6B.js -> 200 (2ms) [application/javascript; charset=utf-8]
[2m[WebServer] [22m[ipfs-preview] GET /ipfs/polkaswap-e2e/assets/useFormattedAmount-BQ_zSYF-.js -> 200 (2ms) [application/javascript; charset=utf-8]
[2m[WebServer] [22m[ipfs-preview] GET /ipfs/polkaswap-e2e/assets/useNetworkFormatter-BVOiLjhW.js -> 200 (2ms) [application/javascript; charset=utf-8]
[2m[WebServer] [22m[ipfs-preview] GET /ipfs/polkaswap-e2e/assets/useNetworkFeeDialog-B2p4_cNu.js -> 200 (1ms) [application/javascript; charset=utf-8]
[2m[WebServer] [22m[ipfs-preview] GET /ipfs/polkaswap-e2e/assets/useConfirmDialog-B3sOq7co.js -> 200 (1ms) [application/javascript; charset=utf-8]
[2m[WebServer] [22m[ipfs-preview] GET /ipfs/polkaswap-e2e/assets/useTokenSelect-eNWuAeeQ.js -> 200 (1ms) [application/javascript; charset=utf-8]
[2m[WebServer] [22m[ipfs-preview] GET /ipfs/polkaswap-e2e/assets/empty-tn0RQdqM.css -> 200 (1ms) [text/css; charset=utf-8]
  ✘  1 [chromium] › tests/e2e/ui/bridge-moonpay.spec.ts:9:5 › renders the bridge form shell and CTA (17.7s)
[2m[WebServer] [22m[ipfs-preview] GET /ipfs/polkaswap-e2e/ -> 200 (2ms) [text/html; charset=utf-8]
[2m[WebServer] [22m[ipfs-preview] GET /ipfs/polkaswap-e2e/assets/lodash-CL3GsA_l.js -> 200 (2ms) [application/javascript; charset=utf-8]
[2m[WebServer] [22m[ipfs-preview] GET /ipfs/polkaswap-e2e/assets/index-BCEgWbwL.css -> 200 (2ms) [text/css; charset=utf-8]
[2m[WebServer] [22m[ipfs-preview] GET /ipfs/polkaswap-e2e/assets/echarts-BSFAXdo2.js -> 200 (9ms) [application/javascript; charset=utf-8]
[2m[WebServer] [22m[ipfs-preview] GET /ipfs/polkaswap-e2e/assets/wallet-stack-Dl3b4bzc.js -> 200 (10ms) [application/javascript; charset=utf-8]
[2m[WebServer] [22m[ipfs-preview] GET /ipfs/polkaswap-e2e/assets/index-bo3QFPmz.js -> 200 (22ms) [application/javascript; charset=utf-8]
[2m[WebServer] [22m[ipfs-preview] GET /ipfs/polkaswap-e2e/assets/polkadot-HF1t2buM.js -> 200 (19ms) [application/javascript; charset=utf-8]
[2m[WebServer] [22m[ipfs-preview] GET /ipfs/polkaswap-e2e/assets/duration-sE6lMJIp.js -> 200 (3ms) [application/javascript; charset=utf-8]
[2m[WebServer] [22m[ipfs-preview] GET /ipfs/polkaswap-e2e/assets/internal-fqa9z_3o.css -> 200 (5ms) [text/css; charset=utf-8]
[2m[WebServer] [22m[ipfs-preview] GET /ipfs/polkaswap-e2e/assets/internal-BRcV_jzD.js -> 200 (6ms) [application/javascript; charset=utf-8]
[2m[WebServer] [22m[ipfs-preview] GET /ipfs/polkaswap-e2e/assets/core-CsbHLm5y.js -> 200 (6ms) [application/javascript; charset=utf-8]
[2m[WebServer] [22m[ipfs-preview] GET /ipfs/polkaswap-e2e/assets/DepositOptions-CngFJKMv.js -> 200 (4ms) [application/javascript; charset=utf-8]
[2m[WebServer] [22m[ipfs-preview] GET /ipfs/polkaswap-e2e/assets/CedeStore.vue_vue_type_script_setup_true_lang-SrKzQduT.js -> 200 (2ms) [application/javascript; charset=utf-8]
[2m[WebServer] [22m[ipfs-preview] GET /ipfs/polkaswap-e2e/assets/DepositOptions-BNBmI_Cy.css -> 200 (1ms) [text/css; charset=utf-8]
[2m[WebServer] [22m[ipfs-preview] GET /ipfs/polkaswap-e2e/assets/Moonpay.vue_vue_type_script_setup_true_lang-C98Z_-vT.js -> 200 (1ms) [application/javascript; charset=utf-8]
[2m[WebServer] [22m[ipfs-preview] GET /ipfs/polkaswap-e2e/assets/useWeb3Connection-BtWtC38D.js -> 200 (1ms) [application/javascript; charset=utf-8]
[2m[WebServer] [22m[ipfs-preview] GET /ipfs/polkaswap-e2e/assets/useWalletConnect-D1Zwv977.js -> 200 (0ms) [application/javascript; charset=utf-8]
[2m[WebServer] [22m[ipfs-preview] GET /ipfs/polkaswap-e2e/assets/empty-tn0RQdqM.css -> 200 (2ms) [text/css; charset=utf-8]
  ✘  2 [chromium] › tests/e2e/ui/bridge-moonpay.spec.ts:35:5 › shows MoonPay purchase option on the deposit page (16.3s)


  1) [chromium] › tests/e2e/ui/bridge-moonpay.spec.ts:9:5 › renders the bridge form shell and CTA ──

    Error: [2mexpect([22m[31mlocator[39m[2m).[22mtoBeVisible[2m([22m[2m)[22m failed

    Locator: locator('.header')
    Expected: visible
    Timeout: 15000ms
    Error: element(s) not found

    Call log:
    [2m  - Expect "toBeVisible" with timeout 15000ms[22m
    [2m  - waiting for locator('.header')[22m


       at support/ipfs.ts:189

      187 |   const menu = page.locator('.app-menu');
      188 |
    > 189 |   await expect(header).toBeVisible({ timeout: 15_000 });
          |                        ^
      190 |   await expect(menu).toBeVisible({ timeout: 15_000 });
      191 | }
      192 |
        at ensureAppLoaded (/Users/mtakemiya/dev/polkaswap-exchange-web/tests/e2e/ui/support/ipfs.ts:189:24)
        at /Users/mtakemiya/dev/polkaswap-exchange-web/tests/e2e/ui/bridge-moonpay.spec.ts:13:24

    attachment #1: screenshot (image/png) ──────────────────────────────────────────────────────────
    test-results/bridge-moonpay-renders-the-bridge-form-shell-and-CTA-chromium/test-failed-1.png
    ────────────────────────────────────────────────────────────────────────────────────────────────

    attachment #2: video (video/webm) ──────────────────────────────────────────────────────────────
    test-results/bridge-moonpay-renders-the-bridge-form-shell-and-CTA-chromium/video.webm
    ────────────────────────────────────────────────────────────────────────────────────────────────

    attachment #3: trace (application/zip) ─────────────────────────────────────────────────────────
    test-results/bridge-moonpay-renders-the-bridge-form-shell-and-CTA-chromium/trace.zip
    Usage:

        yarn playwright show-trace test-results/bridge-moonpay-renders-the-bridge-form-shell-and-CTA-chromium/trace.zip

    ────────────────────────────────────────────────────────────────────────────────────────────────

  2) [chromium] › tests/e2e/ui/bridge-moonpay.spec.ts:35:5 › shows MoonPay purchase option on the deposit page 

    Error: [2mexpect([22m[31mlocator[39m[2m).[22mtoBeVisible[2m([22m[2m)[22m failed

    Locator: locator('.header')
    Expected: visible
    Timeout: 15000ms
    Error: element(s) not found

    Call log:
    [2m  - Expect "toBeVisible" with timeout 15000ms[22m
    [2m  - waiting for locator('.header')[22m


       at support/ipfs.ts:189

      187 |   const menu = page.locator('.app-menu');
      188 |
    > 189 |   await expect(header).toBeVisible({ timeout: 15_000 });
          |                        ^
      190 |   await expect(menu).toBeVisible({ timeout: 15_000 });
      191 | }
      192 |
        at ensureAppLoaded (/Users/mtakemiya/dev/polkaswap-exchange-web/tests/e2e/ui/support/ipfs.ts:189:24)
        at /Users/mtakemiya/dev/polkaswap-exchange-web/tests/e2e/ui/bridge-moonpay.spec.ts:39:24

    attachment #1: screenshot (image/png) ──────────────────────────────────────────────────────────
    test-results/bridge-moonpay-shows-MoonP-1f605--option-on-the-deposit-page-chromium/test-failed-1.png
    ────────────────────────────────────────────────────────────────────────────────────────────────

    attachment #2: video (video/webm) ──────────────────────────────────────────────────────────────
    test-results/bridge-moonpay-shows-MoonP-1f605--option-on-the-deposit-page-chromium/video.webm
    ────────────────────────────────────────────────────────────────────────────────────────────────

    attachment #3: trace (application/zip) ─────────────────────────────────────────────────────────
    test-results/bridge-moonpay-shows-MoonP-1f605--option-on-the-deposit-page-chromium/trace.zip
    Usage:

        yarn playwright show-trace test-results/bridge-moonpay-shows-MoonP-1f605--option-on-the-deposit-page-chromium/trace.zip

    ────────────────────────────────────────────────────────────────────────────────────────────────

  2 failed
    [chromium] › tests/e2e/ui/bridge-moonpay.spec.ts:9:5 › renders the bridge form shell and CTA ───
    [chromium] › tests/e2e/ui/bridge-moonpay.spec.ts:35:5 › shows MoonPay purchase option on the deposit page 
