Checking IPFS CLI availability...
ipfs version 0.38.1
Ensuring local workspaces are built...
Building @soramitsu-ui/ui...
➤ YN0000: · Yarn 4.10.3
➤ YN0000: ┌ Project validation
➤ YN0057: │ @wallet: Resolutions field will be ignored
➤ YN0000: └ Completed
➤ YN0000: ┌ Resolution step
➤ YN0000: └ Completed in 0s 273ms
➤ YN0000: ┌ Post-resolution validation
➤ YN0060: │ @polkadot/api is listed by your project with version 16.4.8 (p295948), which doesn't satisfy what @open-web3/orml-api-derive requests (^8.12.2).
➤ YN0060: │ @polkadot/api is listed by your project with version 16.4.8 (p5731bb), which doesn't satisfy what @open-web3/orml-types and other dependencies request (^8.12.2).
➤ YN0002: │ @sora-substrate/sdk@workspace:packages/sora2-substrate-js-library/packages/sdk doesn't provide @polkadot/api (p3c1709), requested by @sora-substrate/connection.
➤ YN0002: │ @sora-substrate/sdk@workspace:packages/sora2-substrate-js-library/packages/sdk doesn't provide @polkadot/rpc-provider (p8a4d4f), requested by @sora-substrate/connection.
➤ YN0086: │ Some peer dependencies are incorrectly met by your project; run yarn explain peer-requirements <hash> for details, where <hash> is the six-letter p-prefixed code.
➤ YN0086: │ Some peer dependencies are incorrectly met by dependencies; run yarn explain peer-requirements for details.
➤ YN0000: └ Completed
➤ YN0000: ┌ Fetch step
➤ YN0000: └ Completed in 1s 566ms
➤ YN0000: ┌ Link step
➤ YN0000: └ Completed in 0s 456ms
➤ YN0000: · Done with warnings in 2s 366ms
Running `yarn build` in @soramitsu-ui/ui.
vite v7.1.9 building for production...
transforming...
✓ 588 modules transformed.
rendering chunks...
dist/ui.css    80.98 kB
dist/lib.mjs  468.32 kB │ map: 899.16 kB
dist/ui.css    80.98 kB
dist/lib.cjs  477.82 kB │ map: 900.86 kB
✓ built in 1.89s

[1mapi-extractor 7.53.1 [36m - https://api-extractor.com/[39m
[22m
Using configuration from ./api-extractor.json
Analysis will use the bundled TypeScript version 5.8.2

API Extractor completed successfully
▲ [WARNING] The condition "types" here will never be used as it comes after both "import" and "require" [package.json]

    package.json:21:6:
      21 │       "types": "./dist/lib.d.ts"
         ╵       ~~~~~~~

  The "import" condition comes earlier and will be used for all "import" statements:

    package.json:19:6:
      19 │       "import": "./dist/lib.mjs",
         ╵       ~~~~~~~~

  The "require" condition comes earlier and will be used for all "require" calls:

    package.json:20:6:
      20 │       "require": "./dist/lib.cjs",
         ╵       ~~~~~~~~~

"triggerRef" is imported from external module "vue" but never used in "src/util/index.ts", "src/components/Accordion/api.ts", "src/components/BodyScrollLockProvider/index.ts", "src/components/Notifications/SNotificationsProvider.ts", "src/components/Toasts/api.ts", "src/components/Toasts/SToastsProvider.ts", "src/components/NavigationMenu/api.ts", "src/composables/prop-type-filter.ts", "src/components/Table/STableColumn.ts", "src/composables/popper.ts", "src/components/Popover/SPopover.ts", "~icons/uil/minus", "~icons/uil/check", "src/components/Notifications/composables.ts", "src/components/Card/SCard.vue?vue&type=script&setup=true&lang.ts", "src/components/Accordion/SAccordionItem.vue?vue&type=script&setup=true&lang.ts", "src/components/Select/SSelectButton.vue?vue&type=script&setup=true&lang.ts", "src/components/Badge/SBadge.vue?vue&type=script&setup=true&lang.ts", "src/components/Spinner/SSpinner.vue?vue&type=script&setup=true&lang.ts", "src/components/Modal/SModalCard.vue?vue&type=script&setup=true&lang.ts", "src/components/Row/SRow.vue?vue&type=script&setup=true&lang.ts", "src/components/TextField/STextField.vue?vue&type=script&setup=true&lang.ts", "src/components/Switch/SSwitch.vue?vue&type=script&setup=true&lang.ts", "src/components/ProgressBar/SProgressBar.vue?vue&type=script&setup=true&lang.ts", "src/components/Tooltip/STooltip.vue?vue&type=script&setup=true&lang.ts", "src/components/Transitions/SCollapseTransition.vue?vue&type=script&setup=true&lang.ts", "src/components/Col/SCol.vue?vue&type=script&setup=true&lang.ts", "src/components/Link/SLink.vue?vue&type=script&setup=true&lang.ts", "src/components/Alert/SAlert.vue?vue&type=script&setup=true&lang.ts", "src/components/Tabs/STabsPanel.vue?vue&type=script&setup=true&lang.ts", "src/components/Button/SButton.vue?vue&type=script&setup=true&lang.ts", "src/components/Tabs/STab.vue?vue&type=script&setup=true&lang.ts", "../icons/icomoon/notifications-info-24.svg", "../icons/icomoon/notifications-alert-triangle-24.svg", "../icons/icomoon/status-success-clr-16.svg", "../icons/icomoon/basic-close-24.svg", "../icons/icomoon/notifications-x-octagon-24.svg", "../icons/icomoon/basic-circle-checked-24.svg", "../icons/icomoon/arrow-right-16.svg", "../icons/icomoon/arrow-top-16.svg", "../icons/icomoon/arrows-chevron-right-xs-24.svg", "../icons/icomoon/status-error-ic-16.svg", "../icons/icomoon/chevrons-right-16.svg", "../icons/icomoon/arrows-chevron-left-xs-24.svg", "../icons/icomoon/arrows-chevron-down-rounded-24.svg", "../icons/icomoon/chevrons-left-16.svg", "../icons/icomoon/arrows-chevron-right-24.svg", "../icons/icomoon/arrows-chevron-left-24.svg", "../icons/icomoon/arrows-chevron-bottom-24.svg", "../icons/icomoon/basic-check-mark-24.svg", "../icons/icomoon/basic-external-link-24.svg", "../icons/icomoon/basic-search-24.svg", "../icons/icomoon/notifications-question-circle-24.svg", "../icons/icomoon/chevron-bottom-16.svg", "../icons/icomoon/basic-copy-24.svg", "~icons/majesticons/eye-line", "~icons/majesticons/eye-off-line", "~icons/ri/alert-fill", "src/components/Select/SSelectChevron.ts", "src/components/NavigationMenu/SNavigationSubmenu.vue?vue&type=script&setup=true&lang.ts", "src/components/Select/SSelect.vue?vue&type=script&setup=true&lang.ts", "src/composables/conditional-scope.ts", "src/components/Notifications/SUseNotification.vue?vue&type=script&setup=true&lang.ts", "src/components/Toasts/SToastsDisplay.vue?vue&type=script&setup=true&lang.ts", "src/composables/passive-model.ts", "src/components/NavigationMenu/SNavigationMenu.vue?vue&type=script&setup=true&lang.ts", "src/components/Pagination/SPagination.vue?vue&type=script&setup=true&lang.ts", "src/components/Accordion/SAccordion.vue?vue&type=script&setup=true&lang.ts", "src/components/Checkbox/SCheckboxSolo.vue?vue&type=script&setup=true&lang.ts", "src/components/Popover/util.ts", "src/components/Popover/SPopoverWrappedTransition.vue?vue&type=script&setup=true&lang.ts", "src/components/Radio/util.ts", "src/components/Radio/SRadioGroup.vue?vue&type=script&setup=true&lang.ts", "src/components/Table/use-row-select.ts", "src/components/Table/use-flex-columns-widths.ts", "src/components/Table/use-column-sort.ts", "src/composables/focus-trap.ts", "src/components/Table/use-table-heights.ts", "src/components/Table/use-column-expand.ts", "src/components/Modal/util.ts", "src/components/Modal/SModal.vue?vue&type=script&setup=true&lang.ts", "src/components/NavigationMenu/SNavigationMenuItemBody.vue?vue&type=script&setup=true&lang.ts", "src/components/Table/STableCellDefault.vue?vue&type=script&setup=true&lang.ts", "src/components/Select/SSelectChip.vue?vue&type=script&setup=true&lang.ts", "src/components/Table/STableCellSelection.vue?vue&type=script&setup=true&lang.ts", "src/components/Table/STableCellExpand.vue?vue&type=script&setup=true&lang.ts", "src/components/Table/STableCellDetails.vue?vue&type=script&setup=true&lang.ts", "src/components/Notifications/SNotificationBodyTimeline.vue?vue&type=script&setup=true&lang.ts", "src/components/Notifications/SNotificationBody.vue?vue&type=script&setup=true&lang.ts", "src/components/DatePicker/SDatePickerPanelTime.vue?vue&type=script&setup=true&lang.ts", "src/components/DatePicker/SDatePickerPanelOptions.vue?vue&type=script&setup=true&lang.ts", "src/components/Table/STableCard.vue?vue&type=script&setup=true&lang.ts", "src/components/DatePicker/SDatePickerPanelCustom.vue?vue&type=script&setup=true&lang.ts", "~icons/mdi/check", "src/components/Select/SSelectOption.vue?vue&type=script&setup=true&lang.ts", "src/components/Select/use-model.ts", "src/components/Select/SSelectBase.vue?vue&type=script&setup=true&lang.ts", "src/components/Select/SSelectDropdown.vue?vue&type=script&setup=true&lang.ts", "src/components/DatePicker/SDatePickerTableYears.vue?vue&type=script&setup=true&lang.ts", "src/components/DatePicker/SDatePickerTableMonths.vue?vue&type=script&setup=true&lang.ts", "src/components/DatePicker/SDatePickerTableDate.vue?vue&type=script&setup=true&lang.ts", "src/components/DatePicker/SDatePickerPanelMonths.vue?vue&type=script&setup=true&lang.ts", "src/components/Checkbox/SCheckboxAtom.ts", "src/components/Radio/SRadioAtom.ts", "src/components/Select/SSelectInput.vue?vue&type=script&setup=true&lang.ts", "src/components/NavigationMenu/SNavigationMenuItem.vue?vue&type=script&setup=true&lang.ts", "src/components/Select/SDropdown.vue?vue&type=script&setup=true&lang.ts", "src/components/Table/STable.vue?vue&type=script&setup=true&lang.ts", "src/components/Radio/SRadioBody.ts", "src/components/Radio/SRadio.vue?vue&type=script&setup=true&lang.ts", "src/components/DatePicker/SDatePickerPanelDate.vue?vue&type=script&setup=true&lang.ts", "src/components/DatePicker/SDatePickerPanelCalendars.vue?vue&type=script&setup=true&lang.ts" and "src/components/DatePicker/SDatePicker.vue?vue&type=script&setup=true&lang.ts".
Building @wallet...
➤ YN0000: · Yarn 4.10.3
➤ YN0000: ┌ Project validation
➤ YN0057: │ @wallet: Resolutions field will be ignored
➤ YN0000: └ Completed
➤ YN0000: ┌ Resolution step
➤ YN0000: └ Completed in 0s 278ms
➤ YN0000: ┌ Post-resolution validation
➤ YN0060: │ @polkadot/api is listed by your project with version 16.4.8 (p295948), which doesn't satisfy what @open-web3/orml-api-derive requests (^8.12.2).
➤ YN0060: │ @polkadot/api is listed by your project with version 16.4.8 (p5731bb), which doesn't satisfy what @open-web3/orml-types and other dependencies request (^8.12.2).
➤ YN0002: │ @sora-substrate/sdk@workspace:packages/sora2-substrate-js-library/packages/sdk doesn't provide @polkadot/api (p3c1709), requested by @sora-substrate/connection.
➤ YN0002: │ @sora-substrate/sdk@workspace:packages/sora2-substrate-js-library/packages/sdk doesn't provide @polkadot/rpc-provider (p8a4d4f), requested by @sora-substrate/connection.
➤ YN0086: │ Some peer dependencies are incorrectly met by your project; run yarn explain peer-requirements <hash> for details, where <hash> is the six-letter p-prefixed code.
➤ YN0086: │ Some peer dependencies are incorrectly met by dependencies; run yarn explain peer-requirements for details.
➤ YN0000: └ Completed
➤ YN0000: ┌ Fetch step
➤ YN0000: └ Completed in 1s 516ms
➤ YN0000: ┌ Link step
➤ YN0000: └ Completed in 0s 435ms
➤ YN0000: · Done with warnings in 2s 296ms
Running `yarn build` in @wallet.
vite v7.1.9 building for production...
transforming...
✓ 2229 modules transformed.
rendering chunks...

[vite:dts] Start generate declaration files...
computing gzip size...
lib/soraneo-wallet-web.css               153.53 kB │ gzip:  27.15 kB
lib/NavigationUtil-kj9LEOOd.mjs            0.14 kB │ gzip:   0.15 kB │ map:     0.44 kB
lib/features-B8PTEVz1.mjs                  0.19 kB │ gzip:   0.16 kB │ map:     0.10 kB
lib/if-defined-DgIoGpc1.mjs                0.23 kB │ gzip:   0.21 kB │ map:     0.47 kB
lib/transactions-C1zuCUFy.mjs              1.17 kB │ gzip:   0.66 kB │ map:     2.88 kB
lib/soraneo-wallet-web.esm.js              1.21 kB │ gzip:   0.66 kB │ map:     0.11 kB
lib/index-DHXThdsr.mjs                     1.49 kB │ gzip:   0.79 kB │ map:     3.85 kB
lib/index-CtnKIPdU.mjs                     1.62 kB │ gzip:   0.80 kB │ map:     4.21 kB
lib/index-CkAsfbcC.mjs                     1.66 kB │ gzip:   0.86 kB │ map:     4.41 kB
lib/index-C3dyjDT6.mjs                     1.82 kB │ gzip:   0.86 kB │ map:     4.49 kB
lib/PhCaretLeft-DxHc6565.mjs               2.26 kB │ gzip:   1.05 kB │ map:     4.72 kB
lib/PhCaretDown-DFNaFmRw.mjs               2.32 kB │ gzip:   1.08 kB │ map:     4.77 kB
lib/PhCaretRight-7GAiRJ8J.mjs              2.33 kB │ gzip:   1.07 kB │ map:     4.80 kB
lib/PhCaretUp-D9kvRzrn.mjs                 2.40 kB │ gzip:   1.06 kB │ map:     4.88 kB
lib/PhArrowUpRight-CfrM36sP.mjs            2.45 kB │ gzip:   1.14 kB │ map:     4.91 kB
lib/PhArrowDown-BsZyHQWf.mjs               2.48 kB │ gzip:   1.14 kB │ map:     4.96 kB
lib/PhPlus-CfcjievD.mjs                    2.48 kB │ gzip:   1.09 kB │ map:     4.93 kB
lib/PhCheck-Bwyiisgd.mjs                   2.48 kB │ gzip:   1.10 kB │ map:     4.94 kB
lib/PhArrowRight-AjmjK_gm.mjs              2.49 kB │ gzip:   1.13 kB │ map:     4.97 kB
lib/index-QY0kGHxV.mjs                     2.49 kB │ gzip:   1.16 kB │ map:     7.39 kB
lib/PhArrowLeft-CpXYUpPp.mjs               2.50 kB │ gzip:   1.13 kB │ map:     4.96 kB
lib/PhArrowUp-EAgxjcbt.mjs                 2.55 kB │ gzip:   1.13 kB │ map:     5.01 kB
lib/PhBrowser-BqJG0DeS.mjs                 2.59 kB │ gzip:   1.10 kB │ map:     5.05 kB
lib/PhMagnifyingGlass-C_94V0TO.mjs         2.59 kB │ gzip:   1.20 kB │ map:     5.05 kB
lib/PhDotsThree-BCq-tIF9.mjs               2.63 kB │ gzip:   1.07 kB │ map:     5.05 kB
lib/PhCopy-CZYfmAmY.mjs                    2.74 kB │ gzip:   1.12 kB │ map:     5.23 kB
lib/PhFunnelSimple-C6FntZyX.mjs            2.74 kB │ gzip:   1.13 kB │ map:     5.22 kB
lib/PhClock-BAIesiKA.mjs                   2.75 kB │ gzip:   1.15 kB │ map:     5.19 kB
lib/PhWarningCircle-CklLObE4.mjs           2.81 kB │ gzip:   1.17 kB │ map:     5.29 kB
lib/ref-CBFqMm98.mjs                       2.86 kB │ gzip:   1.15 kB │ map:     6.85 kB
lib/PhX-BDM6EX-C.mjs                       2.87 kB │ gzip:   1.19 kB │ map:     5.33 kB
lib/index-B_f-pGMG.mjs                     2.89 kB │ gzip:   1.16 kB │ map:     6.27 kB
lib/PhDeviceMobile-BD1JGVOH.mjs            2.95 kB │ gzip:   1.19 kB │ map:     5.42 kB
lib/PhArrowClockwise-DeofPuYY.mjs          2.97 kB │ gzip:   1.31 kB │ map:     5.44 kB
lib/PhUser-DrzTxCyK.mjs                    3.05 kB │ gzip:   1.39 kB │ map:     5.52 kB
lib/PhEnvelope-k_dIWnrF.mjs                3.06 kB │ gzip:   1.30 kB │ map:     5.51 kB
lib/PhCircleHalf-D1s_W4Jt.mjs              3.09 kB │ gzip:   1.33 kB │ map:     5.56 kB
lib/index-Cv1k-Ah8.mjs                     3.11 kB │ gzip:   1.11 kB │ map:     6.55 kB
lib/PhSignOut-DL8EaBKM.mjs                 3.14 kB │ gzip:   1.28 kB │ map:     5.62 kB
lib/PhInfo-DF7z_GWO.mjs                    3.15 kB │ gzip:   1.34 kB │ map:     5.61 kB
lib/PhPower-Boepyf4c.mjs                   3.15 kB │ gzip:   1.40 kB │ map:     5.62 kB
lib/PhDesktop-ziY7BnOv.mjs                 3.16 kB │ gzip:   1.24 kB │ map:     5.65 kB
lib/PhArrowsLeftRight-CK8YrZaj.mjs         3.19 kB │ gzip:   1.30 kB │ map:     5.68 kB
lib/PhArrowCircleDown-_bhIfrrQ.mjs         3.20 kB │ gzip:   1.30 kB │ map:     5.66 kB
lib/PhQuestionMark-vgo1QrBV.mjs            3.22 kB │ gzip:   1.43 kB │ map:     5.67 kB
lib/index-v0YluuaR.mjs                     3.31 kB │ gzip:   1.08 kB │ map:     7.09 kB
lib/PhArrowSquareOut-CO2dzGO7.mjs          3.31 kB │ gzip:   1.38 kB │ map:     5.79 kB
lib/PhArrowsDownUp-XkMC-P50.mjs            3.31 kB │ gzip:   1.31 kB │ map:     5.76 kB
lib/PhBank-Y7Zrsb3J.mjs                    3.31 kB │ gzip:   1.37 kB │ map:     5.78 kB
lib/PhCreditCard-BTQFCckb.mjs              3.31 kB │ gzip:   1.28 kB │ map:     5.79 kB
lib/index-CAs464gf.mjs                     3.34 kB │ gzip:   1.14 kB │ map:     7.21 kB
lib/PhVault-Cgdw6Etk.mjs                   3.34 kB │ gzip:   1.33 kB │ map:     5.81 kB
lib/index-BVAmJpRL.mjs                     3.34 kB │ gzip:   1.29 kB │ map:     7.29 kB
lib/PhCompass-B60wSfS7.mjs                 3.36 kB │ gzip:   1.40 kB │ map:     5.85 kB
lib/index-C3cWfp_y.mjs                     3.38 kB │ gzip:   1.29 kB │ map:     7.36 kB
lib/index-CnQvofHo.mjs                     3.41 kB │ gzip:   1.31 kB │ map:     7.86 kB
lib/PhPaperPlaneRight-DOGNdJUk.mjs         3.48 kB │ gzip:   1.56 kB │ map:     5.95 kB
lib/PhTrash-t6nVROi_.mjs                   3.49 kB │ gzip:   1.31 kB │ map:     5.94 kB
lib/index-DIEZAM9s.mjs                     3.60 kB │ gzip:   1.32 kB │ map:     8.01 kB
lib/PhCurrencyDollar-CfqevE2k.mjs          3.63 kB │ gzip:   1.45 kB │ map:     6.12 kB
lib/HelpersUtil-OM-sIAZ4.mjs               3.65 kB │ gzip:   1.42 kB │ map:     9.14 kB
lib/PhQuestion-CuPBJSNs.mjs                3.69 kB │ gzip:   1.58 kB │ map:     6.12 kB
lib/PhImage-cLhWkUuL.mjs                   3.81 kB │ gzip:   1.57 kB │ map:     6.27 kB
lib/PhArrowsClockwise-aqooHTiu.mjs         4.25 kB │ gzip:   1.73 kB │ map:     6.72 kB
lib/index-Bm191EPQ.mjs                     4.26 kB │ gzip:   1.79 kB │ map:     9.03 kB
lib/PhWarning-BkC8kh25.mjs                 4.28 kB │ gzip:   1.62 kB │ map:     6.75 kB
lib/index-Bo6-RJS-.mjs                     4.51 kB │ gzip:   1.32 kB │ map:     8.99 kB
lib/index-CiCPU9Xw.mjs                     4.51 kB │ gzip:   1.63 kB │ map:    10.47 kB
lib/PhIdentificationCard-n2gJrqpT.mjs      4.61 kB │ gzip:   1.78 kB │ map:     7.07 kB
lib/index-C_3Q9jmZ.mjs                     4.66 kB │ gzip:   1.68 kB │ map:    10.33 kB
lib/PhSpinner-Cc3COXLJ.mjs                 4.83 kB │ gzip:   1.78 kB │ map:     7.27 kB
lib/index-CC0ezhfo.mjs                     4.95 kB │ gzip:   1.92 kB │ map:    13.77 kB
lib/index-D9i8epM-.mjs                     5.10 kB │ gzip:   2.06 kB │ map:     7.98 kB
lib/index-CWcWl0ld.mjs                     5.14 kB │ gzip:   1.57 kB │ map:    10.27 kB
lib/PhLightbulb-BY-9nyxw.mjs               5.29 kB │ gzip:   2.01 kB │ map:     7.78 kB
lib/PhQrCode-BtcK_9SE.mjs                  5.30 kB │ gzip:   1.59 kB │ map:     7.78 kB
lib/index-rCcPKS-v.mjs                     5.62 kB │ gzip:   1.88 kB │ map:    14.55 kB
lib/PhPuzzlePiece-DK-qkZQo.mjs             5.75 kB │ gzip:   2.11 kB │ map:     8.23 kB
lib/PhGlobe-CZ8kP8Lj.mjs                   6.09 kB │ gzip:   2.06 kB │ map:     8.51 kB
lib/index-CbYcNY2E.mjs                     6.16 kB │ gzip:   1.67 kB │ map:    11.92 kB
lib/ExchangeController-BOCYJt5l.mjs        6.85 kB │ gzip:   2.25 kB │ map:    18.19 kB
lib/index-Dmgyii2r.mjs                     6.90 kB │ gzip:   2.06 kB │ map:    13.99 kB
lib/index-BikJzTW8.mjs                     7.29 kB │ gzip:   2.16 kB │ map:    16.09 kB
lib/receive-BVWuKFYu.mjs                   7.31 kB │ gzip:   2.49 kB │ map:    16.95 kB
lib/ReownAuthentication-B5DQwg8Q.mjs       7.84 kB │ gzip:   2.64 kB │ map:    20.74 kB
lib/index-CfslrrAo.mjs                    11.65 kB │ gzip:   3.42 kB │ map:    29.18 kB
lib/PhSealCheck-xYugI_kV.mjs              12.48 kB │ gzip:   4.19 kB │ map:    14.93 kB
lib/email-BFoaD9uD.mjs                    12.94 kB │ gzip:   3.07 kB │ map:    32.27 kB
lib/data-capture-DR6rHBqT.mjs             14.57 kB │ gzip:   3.92 kB │ map:    31.42 kB
lib/pay-with-exchange-Da_kghOX.mjs        17.39 kB │ gzip:   4.30 kB │ map:    38.13 kB
lib/index-DMAsU8oi.mjs                    17.70 kB │ gzip:   4.11 kB │ map:    35.85 kB
lib/SwapController-DzClRee6.mjs           18.07 kB │ gzip:   4.48 kB │ map:    50.36 kB
lib/socials-NVzLa2jo.mjs                  20.35 kB │ gzip:   4.89 kB │ map:    48.48 kB
lib/embedded-wallet-b2AXXcbR.mjs          23.26 kB │ gzip:   5.59 kB │ map:    53.65 kB
lib/property-CZ5dXgER.mjs                 23.44 kB │ gzip:   7.26 kB │ map:    50.45 kB
lib/onramp-CelqYLVO.mjs                   30.41 kB │ gzip:   6.54 kB │ map:    71.82 kB
lib/index-ayDJ1GZG.mjs                    31.13 kB │ gzip:   8.16 kB │ map:    75.15 kB
lib/index-BSuSVzou.mjs                    33.30 kB │ gzip:   8.52 kB │ map:    83.01 kB
lib/send-BuPsit-Z.mjs                     37.72 kB │ gzip:   7.90 kB │ map:    85.85 kB
lib/index-JGxzc-ta.mjs                    46.37 kB │ gzip:  14.03 kB │ map:    58.62 kB
lib/index-CZQgiEVa.mjs                    46.39 kB │ gzip:  13.82 kB │ map:   147.24 kB
lib/w3m-modal-CAV-9eiK.mjs                50.64 kB │ gzip:  10.71 kB │ map:   114.03 kB
lib/index-D1vJKCDW.mjs                    55.88 kB │ gzip:  16.76 kB │ map:   100.47 kB
lib/swaps-DfC-2lOG.mjs                    59.98 kB │ gzip:  10.33 kB │ map:   124.78 kB
lib/index-qx1qb7fz.mjs                   258.33 kB │ gzip:  46.15 kB │ map:   622.21 kB
lib/index-DYc2oKhZ.mjs                   297.35 kB │ gzip:  80.87 kB │ map: 1,162.32 kB
lib/index-CgrbEUSl.mjs                 1,645.63 kB │ gzip: 649.97 kB │ map: 3,419.30 kB
[vite:dts] Declaration files built in 8503ms.

lib/soraneo-wallet-web.css       153.53 kB │ gzip:  27.15 kB
lib/soraneo-wallet-web.umd.js  2,555.41 kB │ gzip: 888.21 kB │ map: 6,843.76 kB
✓ built in 13.36s
DEPRECATION WARNING [import]: Sass @import rules are deprecated and will be removed in Dart Sass 3.0.0.

More info and automated migrator: https://sass-lang.com/d/import

  ╷
2 │             @import "@/styles/_variables.scss";
  │                     ^^^^^^^^^^^^^^^^^^^^^^^^^^
  ╵
    src/components/NotificationEnablingPage.vue 2:21  root stylesheet

DEPRECATION WARNING [import]: Sass @import rules are deprecated and will be removed in Dart Sass 3.0.0.

More info and automated migrator: https://sass-lang.com/d/import

  ╷
3 │             @import "@/styles/_layout.scss";
  │                     ^^^^^^^^^^^^^^^^^^^^^^^
  ╵
    src/components/NotificationEnablingPage.vue 3:21  root stylesheet

DEPRECATION WARNING [import]: Sass @import rules are deprecated and will be removed in Dart Sass 3.0.0.

More info and automated migrator: https://sass-lang.com/d/import

  ╷
4 │             @import "@/styles/_mixins.scss";
  │                     ^^^^^^^^^^^^^^^^^^^^^^^
  ╵
    src/components/NotificationEnablingPage.vue 4:21  root stylesheet

DEPRECATION WARNING [import]: Sass @import rules are deprecated and will be removed in Dart Sass 3.0.0.

More info and automated migrator: https://sass-lang.com/d/import

  ╷
2 │             @import "@/styles/_variables.scss";
  │                     ^^^^^^^^^^^^^^^^^^^^^^^^^^
  ╵
    src/components/AssetList.vue 2:21  root stylesheet

DEPRECATION WARNING [import]: Sass @import rules are deprecated and will be removed in Dart Sass 3.0.0.

More info and automated migrator: https://sass-lang.com/d/import

  ╷
3 │             @import "@/styles/_layout.scss";
  │                     ^^^^^^^^^^^^^^^^^^^^^^^
  ╵
    src/components/AssetList.vue 3:21  root stylesheet

DEPRECATION WARNING [import]: Sass @import rules are deprecated and will be removed in Dart Sass 3.0.0.

More info and automated migrator: https://sass-lang.com/d/import

  ╷
4 │             @import "@/styles/_mixins.scss";
  │                     ^^^^^^^^^^^^^^^^^^^^^^^
  ╵
    src/components/AssetList.vue 4:21  root stylesheet

DEPRECATION WARNING [import]: Sass @import rules are deprecated and will be removed in Dart Sass 3.0.0.

More info and automated migrator: https://sass-lang.com/d/import

  ╷
2 │             @import "@/styles/_variables.scss";
  │                     ^^^^^^^^^^^^^^^^^^^^^^^^^^
  ╵
    src/components/AssetListItem.vue 2:21  root stylesheet

DEPRECATION WARNING [import]: Sass @import rules are deprecated and will be removed in Dart Sass 3.0.0.

More info and automated migrator: https://sass-lang.com/d/import

  ╷
3 │             @import "@/styles/_layout.scss";
  │                     ^^^^^^^^^^^^^^^^^^^^^^^
  ╵
    src/components/AssetListItem.vue 3:21  root stylesheet

DEPRECATION WARNING [import]: Sass @import rules are deprecated and will be removed in Dart Sass 3.0.0.

More info and automated migrator: https://sass-lang.com/d/import

  ╷
4 │             @import "@/styles/_mixins.scss";
  │                     ^^^^^^^^^^^^^^^^^^^^^^^
  ╵
    src/components/AssetListItem.vue 4:21  root stylesheet

DEPRECATION WARNING [import]: Sass @import rules are deprecated and will be removed in Dart Sass 3.0.0.

More info and automated migrator: https://sass-lang.com/d/import

  ╷
2 │             @import "@/styles/_variables.scss";
  │                     ^^^^^^^^^^^^^^^^^^^^^^^^^^
  ╵
    src/components/AssetListItem.vue 2:21  root stylesheet

DEPRECATION WARNING [import]: Sass @import rules are deprecated and will be removed in Dart Sass 3.0.0.

More info and automated migrator: https://sass-lang.com/d/import

  ╷
3 │             @import "@/styles/_layout.scss";
  │                     ^^^^^^^^^^^^^^^^^^^^^^^
  ╵
    src/components/AssetListItem.vue 3:21  root stylesheet

DEPRECATION WARNING [import]: Sass @import rules are deprecated and will be removed in Dart Sass 3.0.0.

More info and automated migrator: https://sass-lang.com/d/import

  ╷
4 │             @import "@/styles/_mixins.scss";
  │                     ^^^^^^^^^^^^^^^^^^^^^^^
  ╵
    src/components/AssetListItem.vue 4:21  root stylesheet

DEPRECATION WARNING [import]: Sass @import rules are deprecated and will be removed in Dart Sass 3.0.0.

More info and automated migrator: https://sass-lang.com/d/import

  ╷
2 │             @import "@/styles/_variables.scss";
  │                     ^^^^^^^^^^^^^^^^^^^^^^^^^^
  ╵
    src/components/TransactionHashView.vue 2:21  root stylesheet

DEPRECATION WARNING [import]: Sass @import rules are deprecated and will be removed in Dart Sass 3.0.0.

More info and automated migrator: https://sass-lang.com/d/import

  ╷
3 │             @import "@/styles/_layout.scss";
  │                     ^^^^^^^^^^^^^^^^^^^^^^^
  ╵
    src/components/TransactionHashView.vue 3:21  root stylesheet

DEPRECATION WARNING [import]: Sass @import rules are deprecated and will be removed in Dart Sass 3.0.0.

More info and automated migrator: https://sass-lang.com/d/import

  ╷
4 │             @import "@/styles/_mixins.scss";
  │                     ^^^^^^^^^^^^^^^^^^^^^^^
  ╵
    src/components/TransactionHashView.vue 4:21  root stylesheet

DEPRECATION WARNING [import]: Sass @import rules are deprecated and will be removed in Dart Sass 3.0.0.

More info and automated migrator: https://sass-lang.com/d/import

  ╷
2 │             @import "@/styles/_variables.scss";
  │                     ^^^^^^^^^^^^^^^^^^^^^^^^^^
  ╵
    src/components/WalletBase.vue 2:21  root stylesheet

DEPRECATION WARNING [import]: Sass @import rules are deprecated and will be removed in Dart Sass 3.0.0.

More info and automated migrator: https://sass-lang.com/d/import

  ╷
3 │             @import "@/styles/_layout.scss";
  │                     ^^^^^^^^^^^^^^^^^^^^^^^
  ╵
    src/components/WalletBase.vue 3:21  root stylesheet

DEPRECATION WARNING [import]: Sass @import rules are deprecated and will be removed in Dart Sass 3.0.0.

More info and automated migrator: https://sass-lang.com/d/import

  ╷
4 │             @import "@/styles/_mixins.scss";
  │                     ^^^^^^^^^^^^^^^^^^^^^^^
  ╵
    src/components/WalletBase.vue 4:21  root stylesheet

DEPRECATION WARNING [import]: Sass @import rules are deprecated and will be removed in Dart Sass 3.0.0.

More info and automated migrator: https://sass-lang.com/d/import

  ╷
2 │             @import "@/styles/_variables.scss";
  │                     ^^^^^^^^^^^^^^^^^^^^^^^^^^
  ╵
    src/components/WalletBase.vue 2:21  root stylesheet

DEPRECATION WARNING [import]: Sass @import rules are deprecated and will be removed in Dart Sass 3.0.0.

More info and automated migrator: https://sass-lang.com/d/import

  ╷
3 │             @import "@/styles/_layout.scss";
  │                     ^^^^^^^^^^^^^^^^^^^^^^^
  ╵
    src/components/WalletBase.vue 3:21  root stylesheet

DEPRECATION WARNING [import]: Sass @import rules are deprecated and will be removed in Dart Sass 3.0.0.

More info and automated migrator: https://sass-lang.com/d/import

  ╷
4 │             @import "@/styles/_mixins.scss";
  │                     ^^^^^^^^^^^^^^^^^^^^^^^
  ╵
    src/components/WalletBase.vue 4:21  root stylesheet

DEPRECATION WARNING [import]: Sass @import rules are deprecated and will be removed in Dart Sass 3.0.0.

More info and automated migrator: https://sass-lang.com/d/import

  ╷
2 │             @import "@/styles/_variables.scss";
  │                     ^^^^^^^^^^^^^^^^^^^^^^^^^^
  ╵
    src/components/shared/ExternalLink.vue 2:21  root stylesheet

DEPRECATION WARNING [import]: Sass @import rules are deprecated and will be removed in Dart Sass 3.0.0.

More info and automated migrator: https://sass-lang.com/d/import

  ╷
3 │             @import "@/styles/_layout.scss";
  │                     ^^^^^^^^^^^^^^^^^^^^^^^
  ╵
    src/components/shared/ExternalLink.vue 3:21  root stylesheet

DEPRECATION WARNING [import]: Sass @import rules are deprecated and will be removed in Dart Sass 3.0.0.

More info and automated migrator: https://sass-lang.com/d/import

  ╷
4 │             @import "@/styles/_mixins.scss";
  │                     ^^^^^^^^^^^^^^^^^^^^^^^
  ╵
    src/components/shared/ExternalLink.vue 4:21  root stylesheet

DEPRECATION WARNING [import]: Sass @import rules are deprecated and will be removed in Dart Sass 3.0.0.

More info and automated migrator: https://sass-lang.com/d/import

  ╷
2 │             @import "@/styles/_variables.scss";
  │                     ^^^^^^^^^^^^^^^^^^^^^^^^^^
  ╵
    src/components/HistoryPagination.vue 2:21  root stylesheet

DEPRECATION WARNING [import]: Sass @import rules are deprecated and will be removed in Dart Sass 3.0.0.

More info and automated migrator: https://sass-lang.com/d/import

  ╷
3 │             @import "@/styles/_layout.scss";
  │                     ^^^^^^^^^^^^^^^^^^^^^^^
  ╵
    src/components/HistoryPagination.vue 3:21  root stylesheet

DEPRECATION WARNING [import]: Sass @import rules are deprecated and will be removed in Dart Sass 3.0.0.

More info and automated migrator: https://sass-lang.com/d/import

  ╷
4 │             @import "@/styles/_mixins.scss";
  │                     ^^^^^^^^^^^^^^^^^^^^^^^
  ╵
    src/components/HistoryPagination.vue 4:21  root stylesheet

DEPRECATION WARNING [import]: Sass @import rules are deprecated and will be removed in Dart Sass 3.0.0.

More info and automated migrator: https://sass-lang.com/d/import

  ╷
2 │             @import "@/styles/_variables.scss";
  │                     ^^^^^^^^^^^^^^^^^^^^^^^^^^
  ╵
    src/components/FileUploader.vue 2:21  root stylesheet

DEPRECATION WARNING [import]: Sass @import rules are deprecated and will be removed in Dart Sass 3.0.0.

More info and automated migrator: https://sass-lang.com/d/import

  ╷
3 │             @import "@/styles/_layout.scss";
  │                     ^^^^^^^^^^^^^^^^^^^^^^^
  ╵
    src/components/FileUploader.vue 3:21  root stylesheet

DEPRECATION WARNING [import]: Sass @import rules are deprecated and will be removed in Dart Sass 3.0.0.

More info and automated migrator: https://sass-lang.com/d/import

  ╷
4 │             @import "@/styles/_mixins.scss";
  │                     ^^^^^^^^^^^^^^^^^^^^^^^
  ╵
    src/components/FileUploader.vue 4:21  root stylesheet

DEPRECATION WARNING [import]: Sass @import rules are deprecated and will be removed in Dart Sass 3.0.0.

More info and automated migrator: https://sass-lang.com/d/import

  ╷
2 │             @import "@/styles/_variables.scss";
  │                     ^^^^^^^^^^^^^^^^^^^^^^^^^^
  ╵
    src/components/FormattedAmount.vue 2:21  root stylesheet

DEPRECATION WARNING [import]: Sass @import rules are deprecated and will be removed in Dart Sass 3.0.0.

More info and automated migrator: https://sass-lang.com/d/import

  ╷
3 │             @import "@/styles/_layout.scss";
  │                     ^^^^^^^^^^^^^^^^^^^^^^^
  ╵
    src/components/FormattedAmount.vue 3:21  root stylesheet

DEPRECATION WARNING [import]: Sass @import rules are deprecated and will be removed in Dart Sass 3.0.0.

More info and automated migrator: https://sass-lang.com/d/import

  ╷
4 │             @import "@/styles/_mixins.scss";
  │                     ^^^^^^^^^^^^^^^^^^^^^^^
  ╵
    src/components/FormattedAmount.vue 4:21  root stylesheet

DEPRECATION WARNING [import]: Sass @import rules are deprecated and will be removed in Dart Sass 3.0.0.

More info and automated migrator: https://sass-lang.com/d/import

  ╷
2 │             @import "@/styles/_variables.scss";
  │                     ^^^^^^^^^^^^^^^^^^^^^^^^^^
  ╵
    src/components/Connection/List/ConnectionItems.vue 2:21  root stylesheet

DEPRECATION WARNING [import]: Sass @import rules are deprecated and will be removed in Dart Sass 3.0.0.

More info and automated migrator: https://sass-lang.com/d/import

  ╷
3 │             @import "@/styles/_layout.scss";
  │                     ^^^^^^^^^^^^^^^^^^^^^^^
  ╵
    src/components/Connection/List/ConnectionItems.vue 3:21  root stylesheet

DEPRECATION WARNING [import]: Sass @import rules are deprecated and will be removed in Dart Sass 3.0.0.

More info and automated migrator: https://sass-lang.com/d/import

  ╷
4 │             @import "@/styles/_mixins.scss";
  │                     ^^^^^^^^^^^^^^^^^^^^^^^
  ╵
    src/components/Connection/List/ConnectionItems.vue 4:21  root stylesheet

DEPRECATION WARNING [import]: Sass @import rules are deprecated and will be removed in Dart Sass 3.0.0.

More info and automated migrator: https://sass-lang.com/d/import

  ╷
2 │             @import "@/styles/_variables.scss";
  │                     ^^^^^^^^^^^^^^^^^^^^^^^^^^
  ╵
    src/components/TokenAddress.vue 2:21  root stylesheet

DEPRECATION WARNING [import]: Sass @import rules are deprecated and will be removed in Dart Sass 3.0.0.

More info and automated migrator: https://sass-lang.com/d/import

  ╷
3 │             @import "@/styles/_layout.scss";
  │                     ^^^^^^^^^^^^^^^^^^^^^^^
  ╵
    src/components/TokenAddress.vue 3:21  root stylesheet

DEPRECATION WARNING [import]: Sass @import rules are deprecated and will be removed in Dart Sass 3.0.0.

More info and automated migrator: https://sass-lang.com/d/import

  ╷
4 │             @import "@/styles/_mixins.scss";
  │                     ^^^^^^^^^^^^^^^^^^^^^^^
  ╵
    src/components/TokenAddress.vue 4:21  root stylesheet

DEPRECATION WARNING [import]: Sass @import rules are deprecated and will be removed in Dart Sass 3.0.0.

More info and automated migrator: https://sass-lang.com/d/import

  ╷
2 │             @import "@/styles/_variables.scss";
  │                     ^^^^^^^^^^^^^^^^^^^^^^^^^^
  ╵
    src/components/shared/AssetsFilter.vue 2:21  root stylesheet

DEPRECATION WARNING [import]: Sass @import rules are deprecated and will be removed in Dart Sass 3.0.0.

More info and automated migrator: https://sass-lang.com/d/import

  ╷
3 │             @import "@/styles/_layout.scss";
  │                     ^^^^^^^^^^^^^^^^^^^^^^^
  ╵
    src/components/shared/AssetsFilter.vue 3:21  root stylesheet

DEPRECATION WARNING [import]: Sass @import rules are deprecated and will be removed in Dart Sass 3.0.0.

More info and automated migrator: https://sass-lang.com/d/import

  ╷
4 │             @import "@/styles/_mixins.scss";
  │                     ^^^^^^^^^^^^^^^^^^^^^^^
  ╵
    src/components/shared/AssetsFilter.vue 4:21  root stylesheet

DEPRECATION WARNING [import]: Sass @import rules are deprecated and will be removed in Dart Sass 3.0.0.

More info and automated migrator: https://sass-lang.com/d/import

  ╷
2 │             @import "@/styles/_variables.scss";
  │                     ^^^^^^^^^^^^^^^^^^^^^^^^^^
  ╵
    src/components/shared/AssetsFilter.vue 2:21  root stylesheet

DEPRECATION WARNING [import]: Sass @import rules are deprecated and will be removed in Dart Sass 3.0.0.

More info and automated migrator: https://sass-lang.com/d/import

  ╷
3 │             @import "@/styles/_layout.scss";
  │                     ^^^^^^^^^^^^^^^^^^^^^^^
  ╵
    src/components/shared/AssetsFilter.vue 3:21  root stylesheet

DEPRECATION WARNING [import]: Sass @import rules are deprecated and will be removed in Dart Sass 3.0.0.

More info and automated migrator: https://sass-lang.com/d/import

  ╷
4 │             @import "@/styles/_mixins.scss";
  │                     ^^^^^^^^^^^^^^^^^^^^^^^
  ╵
    src/components/shared/AssetsFilter.vue 4:21  root stylesheet

DEPRECATION WARNING [import]: Sass @import rules are deprecated and will be removed in Dart Sass 3.0.0.

More info and automated migrator: https://sass-lang.com/d/import

  ╷
2 │             @import "@/styles/_variables.scss";
  │                     ^^^^^^^^^^^^^^^^^^^^^^^^^^
  ╵
    src/components/SimpleNotification.vue 2:21  root stylesheet

DEPRECATION WARNING [import]: Sass @import rules are deprecated and will be removed in Dart Sass 3.0.0.

More info and automated migrator: https://sass-lang.com/d/import

  ╷
3 │             @import "@/styles/_layout.scss";
  │                     ^^^^^^^^^^^^^^^^^^^^^^^
  ╵
    src/components/SimpleNotification.vue 3:21  root stylesheet

DEPRECATION WARNING [import]: Sass @import rules are deprecated and will be removed in Dart Sass 3.0.0.

More info and automated migrator: https://sass-lang.com/d/import

  ╷
4 │             @import "@/styles/_mixins.scss";
  │                     ^^^^^^^^^^^^^^^^^^^^^^^
  ╵
    src/components/SimpleNotification.vue 4:21  root stylesheet

DEPRECATION WARNING [import]: Sass @import rules are deprecated and will be removed in Dart Sass 3.0.0.

More info and automated migrator: https://sass-lang.com/d/import

  ╷
2 │             @import "@/styles/_variables.scss";
  │                     ^^^^^^^^^^^^^^^^^^^^^^^^^^
  ╵
    src/components/TokenLogo.vue 2:21  root stylesheet

DEPRECATION WARNING [import]: Sass @import rules are deprecated and will be removed in Dart Sass 3.0.0.

More info and automated migrator: https://sass-lang.com/d/import

  ╷
3 │             @import "@/styles/_layout.scss";
  │                     ^^^^^^^^^^^^^^^^^^^^^^^
  ╵
    src/components/TokenLogo.vue 3:21  root stylesheet

DEPRECATION WARNING [import]: Sass @import rules are deprecated and will be removed in Dart Sass 3.0.0.

More info and automated migrator: https://sass-lang.com/d/import

  ╷
4 │             @import "@/styles/_mixins.scss";
  │                     ^^^^^^^^^^^^^^^^^^^^^^^
  ╵
    src/components/TokenLogo.vue 4:21  root stylesheet

DEPRECATION WARNING [import]: Sass @import rules are deprecated and will be removed in Dart Sass 3.0.0.

More info and automated migrator: https://sass-lang.com/d/import

  ╷
2 │             @import "@/styles/_variables.scss";
  │                     ^^^^^^^^^^^^^^^^^^^^^^^^^^
  ╵
    src/components/Account/WalletAccount.vue 2:21  root stylesheet

DEPRECATION WARNING [import]: Sass @import rules are deprecated and will be removed in Dart Sass 3.0.0.

More info and automated migrator: https://sass-lang.com/d/import

  ╷
3 │             @import "@/styles/_layout.scss";
  │                     ^^^^^^^^^^^^^^^^^^^^^^^
  ╵
    src/components/Account/WalletAccount.vue 3:21  root stylesheet

DEPRECATION WARNING [import]: Sass @import rules are deprecated and will be removed in Dart Sass 3.0.0.

More info and automated migrator: https://sass-lang.com/d/import

  ╷
4 │             @import "@/styles/_mixins.scss";
  │                     ^^^^^^^^^^^^^^^^^^^^^^^
  ╵
    src/components/Account/WalletAccount.vue 4:21  root stylesheet

DEPRECATION WARNING [import]: Sass @import rules are deprecated and will be removed in Dart Sass 3.0.0.

More info and automated migrator: https://sass-lang.com/d/import

  ╷
2 │             @import "@/styles/_variables.scss";
  │                     ^^^^^^^^^^^^^^^^^^^^^^^^^^
  ╵
    src/components/FormattedAmountWithFiatValue.vue 2:21  root stylesheet

DEPRECATION WARNING [import]: Sass @import rules are deprecated and will be removed in Dart Sass 3.0.0.

More info and automated migrator: https://sass-lang.com/d/import

  ╷
3 │             @import "@/styles/_layout.scss";
  │                     ^^^^^^^^^^^^^^^^^^^^^^^
  ╵
    src/components/FormattedAmountWithFiatValue.vue 3:21  root stylesheet

DEPRECATION WARNING [import]: Sass @import rules are deprecated and will be removed in Dart Sass 3.0.0.

More info and automated migrator: https://sass-lang.com/d/import

  ╷
4 │             @import "@/styles/_mixins.scss";
  │                     ^^^^^^^^^^^^^^^^^^^^^^^
  ╵
    src/components/FormattedAmountWithFiatValue.vue 4:21  root stylesheet

DEPRECATION WARNING [import]: Sass @import rules are deprecated and will be removed in Dart Sass 3.0.0.

More info and automated migrator: https://sass-lang.com/d/import

  ╷
2 │             @import "@/styles/_variables.scss";
  │                     ^^^^^^^^^^^^^^^^^^^^^^^^^^
  ╵
    src/components/Account/AccountCard.vue 2:21  root stylesheet

DEPRECATION WARNING [import]: Sass @import rules are deprecated and will be removed in Dart Sass 3.0.0.

More info and automated migrator: https://sass-lang.com/d/import

  ╷
3 │             @import "@/styles/_layout.scss";
  │                     ^^^^^^^^^^^^^^^^^^^^^^^
  ╵
    src/components/Account/AccountCard.vue 3:21  root stylesheet

DEPRECATION WARNING [import]: Sass @import rules are deprecated and will be removed in Dart Sass 3.0.0.

More info and automated migrator: https://sass-lang.com/d/import

  ╷
4 │             @import "@/styles/_mixins.scss";
  │                     ^^^^^^^^^^^^^^^^^^^^^^^
  ╵
    src/components/Account/AccountCard.vue 4:21  root stylesheet

DEPRECATION WARNING [import]: Sass @import rules are deprecated and will be removed in Dart Sass 3.0.0.

More info and automated migrator: https://sass-lang.com/d/import

  ╷
2 │             @import "@/styles/_variables.scss";
  │                     ^^^^^^^^^^^^^^^^^^^^^^^^^^
  ╵
    src/components/Account/AccountCard.vue 2:21  root stylesheet

DEPRECATION WARNING [import]: Sass @import rules are deprecated and will be removed in Dart Sass 3.0.0.

More info and automated migrator: https://sass-lang.com/d/import

  ╷
3 │             @import "@/styles/_layout.scss";
  │                     ^^^^^^^^^^^^^^^^^^^^^^^
  ╵
    src/components/Account/AccountCard.vue 3:21  root stylesheet

DEPRECATION WARNING [import]: Sass @import rules are deprecated and will be removed in Dart Sass 3.0.0.

More info and automated migrator: https://sass-lang.com/d/import

  ╷
4 │             @import "@/styles/_mixins.scss";
  │                     ^^^^^^^^^^^^^^^^^^^^^^^
  ╵
    src/components/Account/AccountCard.vue 4:21  root stylesheet

DEPRECATION WARNING [import]: Sass @import rules are deprecated and will be removed in Dart Sass 3.0.0.

More info and automated migrator: https://sass-lang.com/d/import

  ╷
2 │             @import "@/styles/_variables.scss";
  │                     ^^^^^^^^^^^^^^^^^^^^^^^^^^
  ╵
    src/components/shared/FormattedAddress.vue 2:21  root stylesheet

DEPRECATION WARNING [import]: Sass @import rules are deprecated and will be removed in Dart Sass 3.0.0.

More info and automated migrator: https://sass-lang.com/d/import

  ╷
3 │             @import "@/styles/_layout.scss";
  │                     ^^^^^^^^^^^^^^^^^^^^^^^
  ╵
    src/components/shared/FormattedAddress.vue 3:21  root stylesheet

DEPRECATION WARNING [import]: Sass @import rules are deprecated and will be removed in Dart Sass 3.0.0.

More info and automated migrator: https://sass-lang.com/d/import

  ╷
4 │             @import "@/styles/_mixins.scss";
  │                     ^^^^^^^^^^^^^^^^^^^^^^^
  ╵
    src/components/shared/FormattedAddress.vue 4:21  root stylesheet

DEPRECATION WARNING [import]: Sass @import rules are deprecated and will be removed in Dart Sass 3.0.0.

More info and automated migrator: https://sass-lang.com/d/import

  ╷
2 │             @import "@/styles/_variables.scss";
  │                     ^^^^^^^^^^^^^^^^^^^^^^^^^^
  ╵
    src/components/shared/SyntheticSwitcher.vue 2:21  root stylesheet

DEPRECATION WARNING [import]: Sass @import rules are deprecated and will be removed in Dart Sass 3.0.0.

More info and automated migrator: https://sass-lang.com/d/import

  ╷
3 │             @import "@/styles/_layout.scss";
  │                     ^^^^^^^^^^^^^^^^^^^^^^^
  ╵
    src/components/shared/SyntheticSwitcher.vue 3:21  root stylesheet

DEPRECATION WARNING [import]: Sass @import rules are deprecated and will be removed in Dart Sass 3.0.0.

More info and automated migrator: https://sass-lang.com/d/import

  ╷
4 │             @import "@/styles/_mixins.scss";
  │                     ^^^^^^^^^^^^^^^^^^^^^^^
  ╵
    src/components/shared/SyntheticSwitcher.vue 4:21  root stylesheet

DEPRECATION WARNING [import]: Sass @import rules are deprecated and will be removed in Dart Sass 3.0.0.

More info and automated migrator: https://sass-lang.com/d/import

  ╷
2 │             @import "@/styles/_variables.scss";
  │                     ^^^^^^^^^^^^^^^^^^^^^^^^^^
  ╵
    src/components/AddressBook/Input.vue 2:21  root stylesheet

DEPRECATION WARNING [import]: Sass @import rules are deprecated and will be removed in Dart Sass 3.0.0.

More info and automated migrator: https://sass-lang.com/d/import

  ╷
3 │             @import "@/styles/_layout.scss";
  │                     ^^^^^^^^^^^^^^^^^^^^^^^
  ╵
    src/components/AddressBook/Input.vue 3:21  root stylesheet

DEPRECATION WARNING [import]: Sass @import rules are deprecated and will be removed in Dart Sass 3.0.0.

More info and automated migrator: https://sass-lang.com/d/import

  ╷
4 │             @import "@/styles/_mixins.scss";
  │                     ^^^^^^^^^^^^^^^^^^^^^^^
  ╵
    src/components/AddressBook/Input.vue 4:21  root stylesheet

DEPRECATION WARNING [import]: Sass @import rules are deprecated and will be removed in Dart Sass 3.0.0.

More info and automated migrator: https://sass-lang.com/d/import

  ╷
2 │             @import "@/styles/_variables.scss";
  │                     ^^^^^^^^^^^^^^^^^^^^^^^^^^
  ╵
    src/components/DialogBase.vue 2:21  root stylesheet

DEPRECATION WARNING [import]: Sass @import rules are deprecated and will be removed in Dart Sass 3.0.0.

More info and automated migrator: https://sass-lang.com/d/import

  ╷
3 │             @import "@/styles/_layout.scss";
  │                     ^^^^^^^^^^^^^^^^^^^^^^^
  ╵
    src/components/DialogBase.vue 3:21  root stylesheet

DEPRECATION WARNING [import]: Sass @import rules are deprecated and will be removed in Dart Sass 3.0.0.

More info and automated migrator: https://sass-lang.com/d/import

  ╷
4 │             @import "@/styles/_mixins.scss";
  │                     ^^^^^^^^^^^^^^^^^^^^^^^
  ╵
    src/components/DialogBase.vue 4:21  root stylesheet

DEPRECATION WARNING [import]: Sass @import rules are deprecated and will be removed in Dart Sass 3.0.0.

More info and automated migrator: https://sass-lang.com/d/import

  ╷
2 │             @import "@/styles/_variables.scss";
  │                     ^^^^^^^^^^^^^^^^^^^^^^^^^^
  ╵
    src/components/Connection/List/Extension.vue 2:21  root stylesheet

DEPRECATION WARNING [import]: Sass @import rules are deprecated and will be removed in Dart Sass 3.0.0.

More info and automated migrator: https://sass-lang.com/d/import

  ╷
3 │             @import "@/styles/_layout.scss";
  │                     ^^^^^^^^^^^^^^^^^^^^^^^
  ╵
    src/components/Connection/List/Extension.vue 3:21  root stylesheet

DEPRECATION WARNING [import]: Sass @import rules are deprecated and will be removed in Dart Sass 3.0.0.

More info and automated migrator: https://sass-lang.com/d/import

  ╷
4 │             @import "@/styles/_mixins.scss";
  │                     ^^^^^^^^^^^^^^^^^^^^^^^
  ╵
    src/components/Connection/List/Extension.vue 4:21  root stylesheet

DEPRECATION WARNING [import]: Sass @import rules are deprecated and will be removed in Dart Sass 3.0.0.

More info and automated migrator: https://sass-lang.com/d/import

  ╷
2 │             @import "@/styles/_variables.scss";
  │                     ^^^^^^^^^^^^^^^^^^^^^^^^^^
  ╵
    src/components/InfoLine.vue 2:21  root stylesheet

DEPRECATION WARNING [import]: Sass @import rules are deprecated and will be removed in Dart Sass 3.0.0.

More info and automated migrator: https://sass-lang.com/d/import

  ╷
3 │             @import "@/styles/_layout.scss";
  │                     ^^^^^^^^^^^^^^^^^^^^^^^
  ╵
    src/components/InfoLine.vue 3:21  root stylesheet

DEPRECATION WARNING [import]: Sass @import rules are deprecated and will be removed in Dart Sass 3.0.0.

More info and automated migrator: https://sass-lang.com/d/import

  ╷
4 │             @import "@/styles/_mixins.scss";
  │                     ^^^^^^^^^^^^^^^^^^^^^^^
  ╵
    src/components/InfoLine.vue 4:21  root stylesheet

DEPRECATION WARNING [import]: Sass @import rules are deprecated and will be removed in Dart Sass 3.0.0.

More info and automated migrator: https://sass-lang.com/d/import

  ╷
2 │             @import "@/styles/_variables.scss";
  │                     ^^^^^^^^^^^^^^^^^^^^^^^^^^
  ╵
    src/components/InfoLine.vue 2:21  root stylesheet

DEPRECATION WARNING [import]: Sass @import rules are deprecated and will be removed in Dart Sass 3.0.0.

More info and automated migrator: https://sass-lang.com/d/import

  ╷
3 │             @import "@/styles/_layout.scss";
  │                     ^^^^^^^^^^^^^^^^^^^^^^^
  ╵
    src/components/InfoLine.vue 3:21  root stylesheet

DEPRECATION WARNING [import]: Sass @import rules are deprecated and will be removed in Dart Sass 3.0.0.

More info and automated migrator: https://sass-lang.com/d/import

  ╷
4 │             @import "@/styles/_mixins.scss";
  │                     ^^^^^^^^^^^^^^^^^^^^^^^
  ╵
    src/components/InfoLine.vue 4:21  root stylesheet

DEPRECATION WARNING [import]: Sass @import rules are deprecated and will be removed in Dart Sass 3.0.0.

More info and automated migrator: https://sass-lang.com/d/import

  ╷
2 │             @import "@/styles/_variables.scss";
  │                     ^^^^^^^^^^^^^^^^^^^^^^^^^^
  ╵
    src/components/Input/SearchInput.vue 2:21  root stylesheet

DEPRECATION WARNING [import]: Sass @import rules are deprecated and will be removed in Dart Sass 3.0.0.

More info and automated migrator: https://sass-lang.com/d/import

  ╷
3 │             @import "@/styles/_layout.scss";
  │                     ^^^^^^^^^^^^^^^^^^^^^^^
  ╵
    src/components/Input/SearchInput.vue 3:21  root stylesheet

DEPRECATION WARNING [import]: Sass @import rules are deprecated and will be removed in Dart Sass 3.0.0.

More info and automated migrator: https://sass-lang.com/d/import

  ╷
4 │             @import "@/styles/_mixins.scss";
  │                     ^^^^^^^^^^^^^^^^^^^^^^^
  ╵
    src/components/Input/SearchInput.vue 4:21  root stylesheet

DEPRECATION WARNING [import]: Sass @import rules are deprecated and will be removed in Dart Sass 3.0.0.

More info and automated migrator: https://sass-lang.com/d/import

  ╷
2 │             @import "@/styles/_variables.scss";
  │                     ^^^^^^^^^^^^^^^^^^^^^^^^^^
  ╵
    src/components/NftDetails.vue 2:21  root stylesheet

DEPRECATION WARNING [import]: Sass @import rules are deprecated and will be removed in Dart Sass 3.0.0.

More info and automated migrator: https://sass-lang.com/d/import

  ╷
3 │             @import "@/styles/_layout.scss";
  │                     ^^^^^^^^^^^^^^^^^^^^^^^
  ╵
    src/components/NftDetails.vue 3:21  root stylesheet

DEPRECATION WARNING [import]: Sass @import rules are deprecated and will be removed in Dart Sass 3.0.0.

More info and automated migrator: https://sass-lang.com/d/import

  ╷
4 │             @import "@/styles/_mixins.scss";
  │                     ^^^^^^^^^^^^^^^^^^^^^^^
  ╵
    src/components/NftDetails.vue 4:21  root stylesheet

DEPRECATION WARNING [import]: Sass @import rules are deprecated and will be removed in Dart Sass 3.0.0.

More info and automated migrator: https://sass-lang.com/d/import

  ╷
2 │             @import "@/styles/_variables.scss";
  │                     ^^^^^^^^^^^^^^^^^^^^^^^^^^
  ╵
    src/components/AddAsset/AddAssetDetailsCard.vue 2:21  root stylesheet

DEPRECATION WARNING [import]: Sass @import rules are deprecated and will be removed in Dart Sass 3.0.0.

More info and automated migrator: https://sass-lang.com/d/import

  ╷
3 │             @import "@/styles/_layout.scss";
  │                     ^^^^^^^^^^^^^^^^^^^^^^^
  ╵
    src/components/AddAsset/AddAssetDetailsCard.vue 3:21  root stylesheet

DEPRECATION WARNING [import]: Sass @import rules are deprecated and will be removed in Dart Sass 3.0.0.

More info and automated migrator: https://sass-lang.com/d/import

  ╷
4 │             @import "@/styles/_mixins.scss";
  │                     ^^^^^^^^^^^^^^^^^^^^^^^
  ╵
    src/components/AddAsset/AddAssetDetailsCard.vue 4:21  root stylesheet

DEPRECATION WARNING [import]: Sass @import rules are deprecated and will be removed in Dart Sass 3.0.0.

More info and automated migrator: https://sass-lang.com/d/import

  ╷
2 │             @import "@/styles/_variables.scss";
  │                     ^^^^^^^^^^^^^^^^^^^^^^^^^^
  ╵
    src/components/AddAsset/AddAssetDetailsCard.vue 2:21  root stylesheet

DEPRECATION WARNING [import]: Sass @import rules are deprecated and will be removed in Dart Sass 3.0.0.

More info and automated migrator: https://sass-lang.com/d/import

  ╷
3 │             @import "@/styles/_layout.scss";
  │                     ^^^^^^^^^^^^^^^^^^^^^^^
  ╵
    src/components/AddAsset/AddAssetDetailsCard.vue 3:21  root stylesheet

DEPRECATION WARNING [import]: Sass @import rules are deprecated and will be removed in Dart Sass 3.0.0.

More info and automated migrator: https://sass-lang.com/d/import

  ╷
4 │             @import "@/styles/_mixins.scss";
  │                     ^^^^^^^^^^^^^^^^^^^^^^^
  ╵
    src/components/AddAsset/AddAssetDetailsCard.vue 4:21  root stylesheet

DEPRECATION WARNING [import]: Sass @import rules are deprecated and will be removed in Dart Sass 3.0.0.

More info and automated migrator: https://sass-lang.com/d/import

  ╷
2 │             @import "@/styles/_variables.scss";
  │                     ^^^^^^^^^^^^^^^^^^^^^^^^^^
  ╵
    src/components/ScrollBar.vue 2:21  root stylesheet

DEPRECATION WARNING [import]: Sass @import rules are deprecated and will be removed in Dart Sass 3.0.0.

More info and automated migrator: https://sass-lang.com/d/import

  ╷
3 │             @import "@/styles/_layout.scss";
  │                     ^^^^^^^^^^^^^^^^^^^^^^^
  ╵
    src/components/ScrollBar.vue 3:21  root stylesheet

DEPRECATION WARNING [import]: Sass @import rules are deprecated and will be removed in Dart Sass 3.0.0.

More info and automated migrator: https://sass-lang.com/d/import

  ╷
4 │             @import "@/styles/_mixins.scss";
  │                     ^^^^^^^^^^^^^^^^^^^^^^^
  ╵
    src/components/ScrollBar.vue 4:21  root stylesheet

DEPRECATION WARNING [import]: Sass @import rules are deprecated and will be removed in Dart Sass 3.0.0.

More info and automated migrator: https://sass-lang.com/d/import

  ╷
2 │             @import "@/styles/_variables.scss";
  │                     ^^^^^^^^^^^^^^^^^^^^^^^^^^
  ╵
    src/components/SelectAsset.vue 2:21  root stylesheet

DEPRECATION WARNING [import]: Sass @import rules are deprecated and will be removed in Dart Sass 3.0.0.

More info and automated migrator: https://sass-lang.com/d/import

  ╷
3 │             @import "@/styles/_layout.scss";
  │                     ^^^^^^^^^^^^^^^^^^^^^^^
  ╵
    src/components/SelectAsset.vue 3:21  root stylesheet

DEPRECATION WARNING [import]: Sass @import rules are deprecated and will be removed in Dart Sass 3.0.0.

More info and automated migrator: https://sass-lang.com/d/import

  ╷
4 │             @import "@/styles/_mixins.scss";
  │                     ^^^^^^^^^^^^^^^^^^^^^^^
  ╵
    src/components/SelectAsset.vue 4:21  root stylesheet

DEPRECATION WARNING [import]: Sass @import rules are deprecated and will be removed in Dart Sass 3.0.0.

More info and automated migrator: https://sass-lang.com/d/import

  ╷
2 │             @import "@/styles/_variables.scss";
  │                     ^^^^^^^^^^^^^^^^^^^^^^^^^^
  ╵
    src/components/ReceiveToken.vue 2:21  root stylesheet

DEPRECATION WARNING [import]: Sass @import rules are deprecated and will be removed in Dart Sass 3.0.0.

More info and automated migrator: https://sass-lang.com/d/import

  ╷
3 │             @import "@/styles/_layout.scss";
  │                     ^^^^^^^^^^^^^^^^^^^^^^^
  ╵
    src/components/ReceiveToken.vue 3:21  root stylesheet

DEPRECATION WARNING [import]: Sass @import rules are deprecated and will be removed in Dart Sass 3.0.0.

More info and automated migrator: https://sass-lang.com/d/import

  ╷
4 │             @import "@/styles/_mixins.scss";
  │                     ^^^^^^^^^^^^^^^^^^^^^^^
  ╵
    src/components/ReceiveToken.vue 4:21  root stylesheet

DEPRECATION WARNING [import]: Sass @import rules are deprecated and will be removed in Dart Sass 3.0.0.

More info and automated migrator: https://sass-lang.com/d/import

  ╷
2 │             @import "@/styles/_variables.scss";
  │                     ^^^^^^^^^^^^^^^^^^^^^^^^^^
  ╵
    src/components/AddAsset/AddAsset.vue 2:21  root stylesheet

DEPRECATION WARNING [import]: Sass @import rules are deprecated and will be removed in Dart Sass 3.0.0.

More info and automated migrator: https://sass-lang.com/d/import

  ╷
3 │             @import "@/styles/_layout.scss";
  │                     ^^^^^^^^^^^^^^^^^^^^^^^
  ╵
    src/components/AddAsset/AddAsset.vue 3:21  root stylesheet

DEPRECATION WARNING [import]: Sass @import rules are deprecated and will be removed in Dart Sass 3.0.0.

More info and automated migrator: https://sass-lang.com/d/import

  ╷
4 │             @import "@/styles/_mixins.scss";
  │                     ^^^^^^^^^^^^^^^^^^^^^^^
  ╵
    src/components/AddAsset/AddAsset.vue 4:21  root stylesheet

DEPRECATION WARNING [import]: Sass @import rules are deprecated and will be removed in Dart Sass 3.0.0.

More info and automated migrator: https://sass-lang.com/d/import

  ╷
2 │             @import "@/styles/_variables.scss";
  │                     ^^^^^^^^^^^^^^^^^^^^^^^^^^
  ╵
    src/components/CreateToken.vue 2:21  root stylesheet

DEPRECATION WARNING [import]: Sass @import rules are deprecated and will be removed in Dart Sass 3.0.0.

More info and automated migrator: https://sass-lang.com/d/import

  ╷
3 │             @import "@/styles/_layout.scss";
  │                     ^^^^^^^^^^^^^^^^^^^^^^^
  ╵
    src/components/CreateToken.vue 3:21  root stylesheet

DEPRECATION WARNING [import]: Sass @import rules are deprecated and will be removed in Dart Sass 3.0.0.

More info and automated migrator: https://sass-lang.com/d/import

  ╷
4 │             @import "@/styles/_mixins.scss";
  │                     ^^^^^^^^^^^^^^^^^^^^^^^
  ╵
    src/components/CreateToken.vue 4:21  root stylesheet

DEPRECATION WARNING [import]: Sass @import rules are deprecated and will be removed in Dart Sass 3.0.0.

More info and automated migrator: https://sass-lang.com/d/import

  ╷
2 │             @import "@/styles/_variables.scss";
  │                     ^^^^^^^^^^^^^^^^^^^^^^^^^^
  ╵
    src/components/WalletAssetDetails.vue 2:21  root stylesheet

DEPRECATION WARNING [import]: Sass @import rules are deprecated and will be removed in Dart Sass 3.0.0.

More info and automated migrator: https://sass-lang.com/d/import

  ╷
3 │             @import "@/styles/_layout.scss";
  │                     ^^^^^^^^^^^^^^^^^^^^^^^
  ╵
    src/components/WalletAssetDetails.vue 3:21  root stylesheet

DEPRECATION WARNING [import]: Sass @import rules are deprecated and will be removed in Dart Sass 3.0.0.

More info and automated migrator: https://sass-lang.com/d/import

  ╷
4 │             @import "@/styles/_mixins.scss";
  │                     ^^^^^^^^^^^^^^^^^^^^^^^
  ╵
    src/components/WalletAssetDetails.vue 4:21  root stylesheet

DEPRECATION WARNING [import]: Sass @import rules are deprecated and will be removed in Dart Sass 3.0.0.

More info and automated migrator: https://sass-lang.com/d/import

  ╷
2 │             @import "@/styles/_variables.scss";
  │                     ^^^^^^^^^^^^^^^^^^^^^^^^^^
  ╵
    src/components/WalletAssetDetails.vue 2:21  root stylesheet

DEPRECATION WARNING [import]: Sass @import rules are deprecated and will be removed in Dart Sass 3.0.0.

More info and automated migrator: https://sass-lang.com/d/import

  ╷
3 │             @import "@/styles/_layout.scss";
  │                     ^^^^^^^^^^^^^^^^^^^^^^^
  ╵
    src/components/WalletAssetDetails.vue 3:21  root stylesheet

DEPRECATION WARNING [import]: Sass @import rules are deprecated and will be removed in Dart Sass 3.0.0.

More info and automated migrator: https://sass-lang.com/d/import

  ╷
4 │             @import "@/styles/_mixins.scss";
  │                     ^^^^^^^^^^^^^^^^^^^^^^^
  ╵
    src/components/WalletAssetDetails.vue 4:21  root stylesheet

DEPRECATION WARNING [import]: Sass @import rules are deprecated and will be removed in Dart Sass 3.0.0.

More info and automated migrator: https://sass-lang.com/d/import

  ╷
2 │             @import "@/styles/_variables.scss";
  │                     ^^^^^^^^^^^^^^^^^^^^^^^^^^
  ╵
    src/components/WalletConnection.vue 2:21  root stylesheet

DEPRECATION WARNING [import]: Sass @import rules are deprecated and will be removed in Dart Sass 3.0.0.

More info and automated migrator: https://sass-lang.com/d/import

  ╷
3 │             @import "@/styles/_layout.scss";
  │                     ^^^^^^^^^^^^^^^^^^^^^^^
  ╵
    src/components/WalletConnection.vue 3:21  root stylesheet

DEPRECATION WARNING [import]: Sass @import rules are deprecated and will be removed in Dart Sass 3.0.0.

More info and automated migrator: https://sass-lang.com/d/import

  ╷
4 │             @import "@/styles/_mixins.scss";
  │                     ^^^^^^^^^^^^^^^^^^^^^^^
  ╵
    src/components/WalletConnection.vue 4:21  root stylesheet

DEPRECATION WARNING [import]: Sass @import rules are deprecated and will be removed in Dart Sass 3.0.0.

More info and automated migrator: https://sass-lang.com/d/import

  ╷
2 │             @import "@/styles/_variables.scss";
  │                     ^^^^^^^^^^^^^^^^^^^^^^^^^^
  ╵
    src/components/Account/ConfirmDialog.vue 2:21  root stylesheet

DEPRECATION WARNING [import]: Sass @import rules are deprecated and will be removed in Dart Sass 3.0.0.

More info and automated migrator: https://sass-lang.com/d/import

  ╷
3 │             @import "@/styles/_layout.scss";
  │                     ^^^^^^^^^^^^^^^^^^^^^^^
  ╵
    src/components/Account/ConfirmDialog.vue 3:21  root stylesheet

DEPRECATION WARNING [import]: Sass @import rules are deprecated and will be removed in Dart Sass 3.0.0.

More info and automated migrator: https://sass-lang.com/d/import

  ╷
4 │             @import "@/styles/_mixins.scss";
  │                     ^^^^^^^^^^^^^^^^^^^^^^^
  ╵
    src/components/Account/ConfirmDialog.vue 4:21  root stylesheet

DEPRECATION WARNING [import]: Sass @import rules are deprecated and will be removed in Dart Sass 3.0.0.

More info and automated migrator: https://sass-lang.com/d/import

  ╷
2 │             @import "@/styles/_variables.scss";
  │                     ^^^^^^^^^^^^^^^^^^^^^^^^^^
  ╵
    src/components/Wallet.vue 2:21  root stylesheet

DEPRECATION WARNING [import]: Sass @import rules are deprecated and will be removed in Dart Sass 3.0.0.

More info and automated migrator: https://sass-lang.com/d/import

  ╷
3 │             @import "@/styles/_layout.scss";
  │                     ^^^^^^^^^^^^^^^^^^^^^^^
  ╵
    src/components/Wallet.vue 3:21  root stylesheet

DEPRECATION WARNING [import]: Sass @import rules are deprecated and will be removed in Dart Sass 3.0.0.

More info and automated migrator: https://sass-lang.com/d/import

  ╷
4 │             @import "@/styles/_mixins.scss";
  │                     ^^^^^^^^^^^^^^^^^^^^^^^
  ╵
    src/components/Wallet.vue 4:21  root stylesheet

DEPRECATION WARNING [import]: Sass @import rules are deprecated and will be removed in Dart Sass 3.0.0.

More info and automated migrator: https://sass-lang.com/d/import

  ╷
2 │             @import "@/styles/_variables.scss";
  │                     ^^^^^^^^^^^^^^^^^^^^^^^^^^
  ╵
    src/components/Wallet.vue 2:21  root stylesheet

DEPRECATION WARNING [import]: Sass @import rules are deprecated and will be removed in Dart Sass 3.0.0.

More info and automated migrator: https://sass-lang.com/d/import

  ╷
3 │             @import "@/styles/_layout.scss";
  │                     ^^^^^^^^^^^^^^^^^^^^^^^
  ╵
    src/components/Wallet.vue 3:21  root stylesheet

DEPRECATION WARNING [import]: Sass @import rules are deprecated and will be removed in Dart Sass 3.0.0.

More info and automated migrator: https://sass-lang.com/d/import

  ╷
4 │             @import "@/styles/_mixins.scss";
  │                     ^^^^^^^^^^^^^^^^^^^^^^^
  ╵
    src/components/Wallet.vue 4:21  root stylesheet

DEPRECATION WARNING [import]: Sass @import rules are deprecated and will be removed in Dart Sass 3.0.0.

More info and automated migrator: https://sass-lang.com/d/import

  ╷
2 │             @import "@/styles/_variables.scss";
  │                     ^^^^^^^^^^^^^^^^^^^^^^^^^^
  ╵
    src/components/WalletSend.vue 2:21  root stylesheet

DEPRECATION WARNING [import]: Sass @import rules are deprecated and will be removed in Dart Sass 3.0.0.

More info and automated migrator: https://sass-lang.com/d/import

  ╷
3 │             @import "@/styles/_layout.scss";
  │                     ^^^^^^^^^^^^^^^^^^^^^^^
  ╵
    src/components/WalletSend.vue 3:21  root stylesheet

DEPRECATION WARNING [import]: Sass @import rules are deprecated and will be removed in Dart Sass 3.0.0.

More info and automated migrator: https://sass-lang.com/d/import

  ╷
4 │             @import "@/styles/_mixins.scss";
  │                     ^^^^^^^^^^^^^^^^^^^^^^^
  ╵
    src/components/WalletSend.vue 4:21  root stylesheet

DEPRECATION WARNING [import]: Sass @import rules are deprecated and will be removed in Dart Sass 3.0.0.

More info and automated migrator: https://sass-lang.com/d/import

  ╷
2 │             @import "@/styles/_variables.scss";
  │                     ^^^^^^^^^^^^^^^^^^^^^^^^^^
  ╵
    src/components/WalletSend.vue 2:21  root stylesheet

DEPRECATION WARNING [import]: Sass @import rules are deprecated and will be removed in Dart Sass 3.0.0.

More info and automated migrator: https://sass-lang.com/d/import

  ╷
3 │             @import "@/styles/_layout.scss";
  │                     ^^^^^^^^^^^^^^^^^^^^^^^
  ╵
    src/components/WalletSend.vue 3:21  root stylesheet

DEPRECATION WARNING [import]: Sass @import rules are deprecated and will be removed in Dart Sass 3.0.0.

More info and automated migrator: https://sass-lang.com/d/import

  ╷
4 │             @import "@/styles/_mixins.scss";
  │                     ^^^^^^^^^^^^^^^^^^^^^^^
  ╵
    src/components/WalletSend.vue 4:21  root stylesheet

DEPRECATION WARNING [import]: Sass @import rules are deprecated and will be removed in Dart Sass 3.0.0.

More info and automated migrator: https://sass-lang.com/d/import

  ╷
2 │             @import "@/styles/_variables.scss";
  │                     ^^^^^^^^^^^^^^^^^^^^^^^^^^
  ╵
    src/components/AddressBook/Contact.vue 2:21  root stylesheet

DEPRECATION WARNING [import]: Sass @import rules are deprecated and will be removed in Dart Sass 3.0.0.

More info and automated migrator: https://sass-lang.com/d/import

  ╷
3 │             @import "@/styles/_layout.scss";
  │                     ^^^^^^^^^^^^^^^^^^^^^^^
  ╵
    src/components/AddressBook/Contact.vue 3:21  root stylesheet

DEPRECATION WARNING [import]: Sass @import rules are deprecated and will be removed in Dart Sass 3.0.0.

More info and automated migrator: https://sass-lang.com/d/import

  ╷
4 │             @import "@/styles/_mixins.scss";
  │                     ^^^^^^^^^^^^^^^^^^^^^^^
  ╵
    src/components/AddressBook/Contact.vue 4:21  root stylesheet

DEPRECATION WARNING [import]: Sass @import rules are deprecated and will be removed in Dart Sass 3.0.0.

More info and automated migrator: https://sass-lang.com/d/import

  ╷
2 │             @import "@/styles/_variables.scss";
  │                     ^^^^^^^^^^^^^^^^^^^^^^^^^^
  ╵
    src/components/AddressBook/Contact.vue 2:21  root stylesheet

DEPRECATION WARNING [import]: Sass @import rules are deprecated and will be removed in Dart Sass 3.0.0.

More info and automated migrator: https://sass-lang.com/d/import

  ╷
3 │             @import "@/styles/_layout.scss";
  │                     ^^^^^^^^^^^^^^^^^^^^^^^
  ╵
    src/components/AddressBook/Contact.vue 3:21  root stylesheet

DEPRECATION WARNING [import]: Sass @import rules are deprecated and will be removed in Dart Sass 3.0.0.

More info and automated migrator: https://sass-lang.com/d/import

  ╷
4 │             @import "@/styles/_mixins.scss";
  │                     ^^^^^^^^^^^^^^^^^^^^^^^
  ╵
    src/components/AddressBook/Contact.vue 4:21  root stylesheet

DEPRECATION WARNING [import]: Sass @import rules are deprecated and will be removed in Dart Sass 3.0.0.

More info and automated migrator: https://sass-lang.com/d/import

  ╷
2 │             @import "@/styles/_variables.scss";
  │                     ^^^^^^^^^^^^^^^^^^^^^^^^^^
  ╵
    src/components/Account/Identity.vue 2:21  root stylesheet

DEPRECATION WARNING [import]: Sass @import rules are deprecated and will be removed in Dart Sass 3.0.0.

More info and automated migrator: https://sass-lang.com/d/import

  ╷
3 │             @import "@/styles/_layout.scss";
  │                     ^^^^^^^^^^^^^^^^^^^^^^^
  ╵
    src/components/Account/Identity.vue 3:21  root stylesheet

DEPRECATION WARNING [import]: Sass @import rules are deprecated and will be removed in Dart Sass 3.0.0.

More info and automated migrator: https://sass-lang.com/d/import

  ╷
4 │             @import "@/styles/_mixins.scss";
  │                     ^^^^^^^^^^^^^^^^^^^^^^^
  ╵
    src/components/Account/Identity.vue 4:21  root stylesheet

DEPRECATION WARNING [import]: Sass @import rules are deprecated and will be removed in Dart Sass 3.0.0.

More info and automated migrator: https://sass-lang.com/d/import

  ╷
2 │             @import "@/styles/_variables.scss";
  │                     ^^^^^^^^^^^^^^^^^^^^^^^^^^
  ╵
    src/components/WalletTransactionDetails.vue 2:21  root stylesheet

DEPRECATION WARNING [import]: Sass @import rules are deprecated and will be removed in Dart Sass 3.0.0.

More info and automated migrator: https://sass-lang.com/d/import

  ╷
3 │             @import "@/styles/_layout.scss";
  │                     ^^^^^^^^^^^^^^^^^^^^^^^
  ╵
    src/components/WalletTransactionDetails.vue 3:21  root stylesheet

DEPRECATION WARNING [import]: Sass @import rules are deprecated and will be removed in Dart Sass 3.0.0.

More info and automated migrator: https://sass-lang.com/d/import

  ╷
4 │             @import "@/styles/_mixins.scss";
  │                     ^^^^^^^^^^^^^^^^^^^^^^^
  ╵
    src/components/WalletTransactionDetails.vue 4:21  root stylesheet

DEPRECATION WARNING [import]: Sass @import rules are deprecated and will be removed in Dart Sass 3.0.0.

More info and automated migrator: https://sass-lang.com/d/import

  ╷
2 │             @import "@/styles/_variables.scss";
  │                     ^^^^^^^^^^^^^^^^^^^^^^^^^^
  ╵
    src/components/WalletTransactionDetails.vue 2:21  root stylesheet

DEPRECATION WARNING [import]: Sass @import rules are deprecated and will be removed in Dart Sass 3.0.0.

More info and automated migrator: https://sass-lang.com/d/import

  ╷
3 │             @import "@/styles/_layout.scss";
  │                     ^^^^^^^^^^^^^^^^^^^^^^^
  ╵
    src/components/WalletTransactionDetails.vue 3:21  root stylesheet

DEPRECATION WARNING [import]: Sass @import rules are deprecated and will be removed in Dart Sass 3.0.0.

More info and automated migrator: https://sass-lang.com/d/import

  ╷
4 │             @import "@/styles/_mixins.scss";
  │                     ^^^^^^^^^^^^^^^^^^^^^^^
  ╵
    src/components/WalletTransactionDetails.vue 4:21  root stylesheet

DEPRECATION WARNING [import]: Sass @import rules are deprecated and will be removed in Dart Sass 3.0.0.

More info and automated migrator: https://sass-lang.com/d/import

  ╷
2 │             @import "@/styles/_variables.scss";
  │                     ^^^^^^^^^^^^^^^^^^^^^^^^^^
  ╵
    src/components/AddressBook/List.vue 2:21  root stylesheet

DEPRECATION WARNING [import]: Sass @import rules are deprecated and will be removed in Dart Sass 3.0.0.

More info and automated migrator: https://sass-lang.com/d/import

  ╷
3 │             @import "@/styles/_layout.scss";
  │                     ^^^^^^^^^^^^^^^^^^^^^^^
  ╵
    src/components/AddressBook/List.vue 3:21  root stylesheet

DEPRECATION WARNING [import]: Sass @import rules are deprecated and will be removed in Dart Sass 3.0.0.

More info and automated migrator: https://sass-lang.com/d/import

  ╷
4 │             @import "@/styles/_mixins.scss";
  │                     ^^^^^^^^^^^^^^^^^^^^^^^
  ╵
    src/components/AddressBook/List.vue 4:21  root stylesheet

DEPRECATION WARNING [import]: Sass @import rules are deprecated and will be removed in Dart Sass 3.0.0.

More info and automated migrator: https://sass-lang.com/d/import

  ╷
2 │             @import "@/styles/_variables.scss";
  │                     ^^^^^^^^^^^^^^^^^^^^^^^^^^
  ╵
    src/components/AddressBook/List.vue 2:21  root stylesheet

DEPRECATION WARNING [import]: Sass @import rules are deprecated and will be removed in Dart Sass 3.0.0.

More info and automated migrator: https://sass-lang.com/d/import

  ╷
3 │             @import "@/styles/_layout.scss";
  │                     ^^^^^^^^^^^^^^^^^^^^^^^
  ╵
    src/components/AddressBook/List.vue 3:21  root stylesheet

DEPRECATION WARNING [import]: Sass @import rules are deprecated and will be removed in Dart Sass 3.0.0.

More info and automated migrator: https://sass-lang.com/d/import

  ╷
4 │             @import "@/styles/_mixins.scss";
  │                     ^^^^^^^^^^^^^^^^^^^^^^^
  ╵
    src/components/AddressBook/List.vue 4:21  root stylesheet

DEPRECATION WARNING [import]: Sass @import rules are deprecated and will be removed in Dart Sass 3.0.0.

More info and automated migrator: https://sass-lang.com/d/import

  ╷
2 │             @import "@/styles/_variables.scss";
  │                     ^^^^^^^^^^^^^^^^^^^^^^^^^^
  ╵
    src/components/Account/Settings/Option.vue 2:21  root stylesheet

DEPRECATION WARNING [import]: Sass @import rules are deprecated and will be removed in Dart Sass 3.0.0.

More info and automated migrator: https://sass-lang.com/d/import

  ╷
3 │             @import "@/styles/_layout.scss";
  │                     ^^^^^^^^^^^^^^^^^^^^^^^
  ╵
    src/components/Account/Settings/Option.vue 3:21  root stylesheet

DEPRECATION WARNING [import]: Sass @import rules are deprecated and will be removed in Dart Sass 3.0.0.

More info and automated migrator: https://sass-lang.com/d/import

  ╷
4 │             @import "@/styles/_mixins.scss";
  │                     ^^^^^^^^^^^^^^^^^^^^^^^
  ╵
    src/components/Account/Settings/Option.vue 4:21  root stylesheet

DEPRECATION WARNING [import]: Sass @import rules are deprecated and will be removed in Dart Sass 3.0.0.

More info and automated migrator: https://sass-lang.com/d/import

  ╷
2 │             @import "@/styles/_variables.scss";
  │                     ^^^^^^^^^^^^^^^^^^^^^^^^^^
  ╵
    src/components/Connection/Step/ExtensionList.vue 2:21  root stylesheet

DEPRECATION WARNING [import]: Sass @import rules are deprecated and will be removed in Dart Sass 3.0.0.

More info and automated migrator: https://sass-lang.com/d/import

  ╷
3 │             @import "@/styles/_layout.scss";
  │                     ^^^^^^^^^^^^^^^^^^^^^^^
  ╵
    src/components/Connection/Step/ExtensionList.vue 3:21  root stylesheet

DEPRECATION WARNING [import]: Sass @import rules are deprecated and will be removed in Dart Sass 3.0.0.

More info and automated migrator: https://sass-lang.com/d/import

  ╷
4 │             @import "@/styles/_mixins.scss";
  │                     ^^^^^^^^^^^^^^^^^^^^^^^
  ╵
    src/components/Connection/Step/ExtensionList.vue 4:21  root stylesheet

DEPRECATION WARNING [import]: Sass @import rules are deprecated and will be removed in Dart Sass 3.0.0.

More info and automated migrator: https://sass-lang.com/d/import

  ╷
2 │             @import "@/styles/_variables.scss";
  │                     ^^^^^^^^^^^^^^^^^^^^^^^^^^
  ╵
    src/components/Connection/Step/ImportAccount.vue 2:21  root stylesheet

DEPRECATION WARNING [import]: Sass @import rules are deprecated and will be removed in Dart Sass 3.0.0.

More info and automated migrator: https://sass-lang.com/d/import

  ╷
3 │             @import "@/styles/_layout.scss";
  │                     ^^^^^^^^^^^^^^^^^^^^^^^
  ╵
    src/components/Connection/Step/ImportAccount.vue 3:21  root stylesheet

DEPRECATION WARNING [import]: Sass @import rules are deprecated and will be removed in Dart Sass 3.0.0.

More info and automated migrator: https://sass-lang.com/d/import

  ╷
4 │             @import "@/styles/_mixins.scss";
  │                     ^^^^^^^^^^^^^^^^^^^^^^^
  ╵
    src/components/Connection/Step/ImportAccount.vue 4:21  root stylesheet

DEPRECATION WARNING [import]: Sass @import rules are deprecated and will be removed in Dart Sass 3.0.0.

More info and automated migrator: https://sass-lang.com/d/import

  ╷
2 │             @import "@/styles/_variables.scss";
  │                     ^^^^^^^^^^^^^^^^^^^^^^^^^^
  ╵
    src/components/Connection/Step/AccountList.vue 2:21  root stylesheet

DEPRECATION WARNING [import]: Sass @import rules are deprecated and will be removed in Dart Sass 3.0.0.

More info and automated migrator: https://sass-lang.com/d/import

  ╷
3 │             @import "@/styles/_layout.scss";
  │                     ^^^^^^^^^^^^^^^^^^^^^^^
  ╵
    src/components/Connection/Step/AccountList.vue 3:21  root stylesheet

DEPRECATION WARNING [import]: Sass @import rules are deprecated and will be removed in Dart Sass 3.0.0.

More info and automated migrator: https://sass-lang.com/d/import

  ╷
4 │             @import "@/styles/_mixins.scss";
  │                     ^^^^^^^^^^^^^^^^^^^^^^^
  ╵
    src/components/Connection/Step/AccountList.vue 4:21  root stylesheet

DEPRECATION WARNING [import]: Sass @import rules are deprecated and will be removed in Dart Sass 3.0.0.

More info and automated migrator: https://sass-lang.com/d/import

  ╷
2 │             @import "@/styles/_variables.scss";
  │                     ^^^^^^^^^^^^^^^^^^^^^^^^^^
  ╵
    src/components/Connection/Step/CreateAccount.vue 2:21  root stylesheet

DEPRECATION WARNING [import]: Sass @import rules are deprecated and will be removed in Dart Sass 3.0.0.

More info and automated migrator: https://sass-lang.com/d/import

  ╷
3 │             @import "@/styles/_layout.scss";
  │                     ^^^^^^^^^^^^^^^^^^^^^^^
  ╵
    src/components/Connection/Step/CreateAccount.vue 3:21  root stylesheet

DEPRECATION WARNING [import]: Sass @import rules are deprecated and will be removed in Dart Sass 3.0.0.

More info and automated migrator: https://sass-lang.com/d/import

  ╷
4 │             @import "@/styles/_mixins.scss";
  │                     ^^^^^^^^^^^^^^^^^^^^^^^
  ╵
    src/components/Connection/Step/CreateAccount.vue 4:21  root stylesheet

DEPRECATION WARNING [import]: Sass @import rules are deprecated and will be removed in Dart Sass 3.0.0.

More info and automated migrator: https://sass-lang.com/d/import

  ╷
2 │             @import "@/styles/_variables.scss";
  │                     ^^^^^^^^^^^^^^^^^^^^^^^^^^
  ╵
    src/components/AddAsset/AddAssetNftTab.vue 2:21  root stylesheet

DEPRECATION WARNING [import]: Sass @import rules are deprecated and will be removed in Dart Sass 3.0.0.

More info and automated migrator: https://sass-lang.com/d/import

  ╷
3 │             @import "@/styles/_layout.scss";
  │                     ^^^^^^^^^^^^^^^^^^^^^^^
  ╵
    src/components/AddAsset/AddAssetNftTab.vue 3:21  root stylesheet

DEPRECATION WARNING [import]: Sass @import rules are deprecated and will be removed in Dart Sass 3.0.0.

More info and automated migrator: https://sass-lang.com/d/import

  ╷
4 │             @import "@/styles/_mixins.scss";
  │                     ^^^^^^^^^^^^^^^^^^^^^^^
  ╵
    src/components/AddAsset/AddAssetNftTab.vue 4:21  root stylesheet

DEPRECATION WARNING [import]: Sass @import rules are deprecated and will be removed in Dart Sass 3.0.0.

More info and automated migrator: https://sass-lang.com/d/import

  ╷
2 │             @import "@/styles/_variables.scss";
  │                     ^^^^^^^^^^^^^^^^^^^^^^^^^^
  ╵
    src/components/AddAsset/AddAssetTokenTab.vue 2:21  root stylesheet

DEPRECATION WARNING [import]: Sass @import rules are deprecated and will be removed in Dart Sass 3.0.0.

More info and automated migrator: https://sass-lang.com/d/import

  ╷
3 │             @import "@/styles/_layout.scss";
  │                     ^^^^^^^^^^^^^^^^^^^^^^^
  ╵
    src/components/AddAsset/AddAssetTokenTab.vue 3:21  root stylesheet

DEPRECATION WARNING [import]: Sass @import rules are deprecated and will be removed in Dart Sass 3.0.0.

More info and automated migrator: https://sass-lang.com/d/import

  ╷
4 │             @import "@/styles/_mixins.scss";
  │                     ^^^^^^^^^^^^^^^^^^^^^^^
  ╵
    src/components/AddAsset/AddAssetTokenTab.vue 4:21  root stylesheet

DEPRECATION WARNING [import]: Sass @import rules are deprecated and will be removed in Dart Sass 3.0.0.

More info and automated migrator: https://sass-lang.com/d/import

  ╷
2 │             @import "@/styles/_variables.scss";
  │                     ^^^^^^^^^^^^^^^^^^^^^^^^^^
  ╵
    src/components/AddAsset/AddAssetTokenTab.vue 2:21  root stylesheet

DEPRECATION WARNING [import]: Sass @import rules are deprecated and will be removed in Dart Sass 3.0.0.

More info and automated migrator: https://sass-lang.com/d/import

  ╷
3 │             @import "@/styles/_layout.scss";
  │                     ^^^^^^^^^^^^^^^^^^^^^^^
  ╵
    src/components/AddAsset/AddAssetTokenTab.vue 3:21  root stylesheet

DEPRECATION WARNING [import]: Sass @import rules are deprecated and will be removed in Dart Sass 3.0.0.

More info and automated migrator: https://sass-lang.com/d/import

  ╷
4 │             @import "@/styles/_mixins.scss";
  │                     ^^^^^^^^^^^^^^^^^^^^^^^
  ╵
    src/components/AddAsset/AddAssetTokenTab.vue 4:21  root stylesheet

DEPRECATION WARNING [import]: Sass @import rules are deprecated and will be removed in Dart Sass 3.0.0.

More info and automated migrator: https://sass-lang.com/d/import

  ╷
2 │             @import "@/styles/_variables.scss";
  │                     ^^^^^^^^^^^^^^^^^^^^^^^^^^
  ╵
    src/components/CreateSimpleToken.vue 2:21  root stylesheet

DEPRECATION WARNING [import]: Sass @import rules are deprecated and will be removed in Dart Sass 3.0.0.

More info and automated migrator: https://sass-lang.com/d/import

  ╷
3 │             @import "@/styles/_layout.scss";
  │                     ^^^^^^^^^^^^^^^^^^^^^^^
  ╵
    src/components/CreateSimpleToken.vue 3:21  root stylesheet

DEPRECATION WARNING [import]: Sass @import rules are deprecated and will be removed in Dart Sass 3.0.0.

More info and automated migrator: https://sass-lang.com/d/import

  ╷
4 │             @import "@/styles/_mixins.scss";
  │                     ^^^^^^^^^^^^^^^^^^^^^^^
  ╵
    src/components/CreateSimpleToken.vue 4:21  root stylesheet

DEPRECATION WARNING [import]: Sass @import rules are deprecated and will be removed in Dart Sass 3.0.0.

More info and automated migrator: https://sass-lang.com/d/import

  ╷
2 │             @import "@/styles/_variables.scss";
  │                     ^^^^^^^^^^^^^^^^^^^^^^^^^^
  ╵
    src/components/Account/Settings/SignatureOption.vue 2:21  root stylesheet

DEPRECATION WARNING [import]: Sass @import rules are deprecated and will be removed in Dart Sass 3.0.0.

More info and automated migrator: https://sass-lang.com/d/import

  ╷
3 │             @import "@/styles/_layout.scss";
  │                     ^^^^^^^^^^^^^^^^^^^^^^^
  ╵
    src/components/Account/Settings/SignatureOption.vue 3:21  root stylesheet

DEPRECATION WARNING [import]: Sass @import rules are deprecated and will be removed in Dart Sass 3.0.0.

More info and automated migrator: https://sass-lang.com/d/import

  ╷
4 │             @import "@/styles/_mixins.scss";
  │                     ^^^^^^^^^^^^^^^^^^^^^^^
  ╵
    src/components/Account/Settings/SignatureOption.vue 4:21  root stylesheet

DEPRECATION WARNING [import]: Sass @import rules are deprecated and will be removed in Dart Sass 3.0.0.

More info and automated migrator: https://sass-lang.com/d/import

  ╷
2 │             @import "@/styles/_variables.scss";
  │                     ^^^^^^^^^^^^^^^^^^^^^^^^^^
  ╵
    src/components/Account/Settings/SignatureOption.vue 2:21  root stylesheet

DEPRECATION WARNING [import]: Sass @import rules are deprecated and will be removed in Dart Sass 3.0.0.

More info and automated migrator: https://sass-lang.com/d/import

  ╷
3 │             @import "@/styles/_layout.scss";
  │                     ^^^^^^^^^^^^^^^^^^^^^^^
  ╵
    src/components/Account/Settings/SignatureOption.vue 3:21  root stylesheet

DEPRECATION WARNING [import]: Sass @import rules are deprecated and will be removed in Dart Sass 3.0.0.

More info and automated migrator: https://sass-lang.com/d/import

  ╷
4 │             @import "@/styles/_mixins.scss";
  │                     ^^^^^^^^^^^^^^^^^^^^^^^
  ╵
    src/components/Account/Settings/SignatureOption.vue 4:21  root stylesheet

DEPRECATION WARNING [import]: Sass @import rules are deprecated and will be removed in Dart Sass 3.0.0.

More info and automated migrator: https://sass-lang.com/d/import

  ╷
2 │             @import "@/styles/_variables.scss";
  │                     ^^^^^^^^^^^^^^^^^^^^^^^^^^
  ╵
    src/components/QrCode/QrCode.vue 2:21  root stylesheet

DEPRECATION WARNING [import]: Sass @import rules are deprecated and will be removed in Dart Sass 3.0.0.

More info and automated migrator: https://sass-lang.com/d/import

  ╷
3 │             @import "@/styles/_layout.scss";
  │                     ^^^^^^^^^^^^^^^^^^^^^^^
  ╵
    src/components/QrCode/QrCode.vue 3:21  root stylesheet

DEPRECATION WARNING [import]: Sass @import rules are deprecated and will be removed in Dart Sass 3.0.0.

More info and automated migrator: https://sass-lang.com/d/import

  ╷
4 │             @import "@/styles/_mixins.scss";
  │                     ^^^^^^^^^^^^^^^^^^^^^^^
  ╵
    src/components/QrCode/QrCode.vue 4:21  root stylesheet

DEPRECATION WARNING [import]: Sass @import rules are deprecated and will be removed in Dart Sass 3.0.0.

More info and automated migrator: https://sass-lang.com/d/import

  ╷
2 │             @import "@/styles/_variables.scss";
  │                     ^^^^^^^^^^^^^^^^^^^^^^^^^^
  ╵
    src/components/Account/ActionsMenu.vue 2:21  root stylesheet

DEPRECATION WARNING [import]: Sass @import rules are deprecated and will be removed in Dart Sass 3.0.0.

More info and automated migrator: https://sass-lang.com/d/import

  ╷
3 │             @import "@/styles/_layout.scss";
  │                     ^^^^^^^^^^^^^^^^^^^^^^^
  ╵
    src/components/Account/ActionsMenu.vue 3:21  root stylesheet

DEPRECATION WARNING [import]: Sass @import rules are deprecated and will be removed in Dart Sass 3.0.0.

More info and automated migrator: https://sass-lang.com/d/import

  ╷
4 │             @import "@/styles/_mixins.scss";
  │                     ^^^^^^^^^^^^^^^^^^^^^^^
  ╵
    src/components/Account/ActionsMenu.vue 4:21  root stylesheet

DEPRECATION WARNING [import]: Sass @import rules are deprecated and will be removed in Dart Sass 3.0.0.

More info and automated migrator: https://sass-lang.com/d/import

  ╷
2 │             @import "@/styles/_variables.scss";
  │                     ^^^^^^^^^^^^^^^^^^^^^^^^^^
  ╵
    src/components/WalletHistory.vue 2:21  root stylesheet

DEPRECATION WARNING [import]: Sass @import rules are deprecated and will be removed in Dart Sass 3.0.0.

More info and automated migrator: https://sass-lang.com/d/import

  ╷
3 │             @import "@/styles/_layout.scss";
  │                     ^^^^^^^^^^^^^^^^^^^^^^^
  ╵
    src/components/WalletHistory.vue 3:21  root stylesheet

DEPRECATION WARNING [import]: Sass @import rules are deprecated and will be removed in Dart Sass 3.0.0.

More info and automated migrator: https://sass-lang.com/d/import

  ╷
4 │             @import "@/styles/_mixins.scss";
  │                     ^^^^^^^^^^^^^^^^^^^^^^^
  ╵
    src/components/WalletHistory.vue 4:21  root stylesheet

DEPRECATION WARNING [import]: Sass @import rules are deprecated and will be removed in Dart Sass 3.0.0.

More info and automated migrator: https://sass-lang.com/d/import

  ╷
2 │             @import "@/styles/_variables.scss";
  │                     ^^^^^^^^^^^^^^^^^^^^^^^^^^
  ╵
    src/components/WalletHistory.vue 2:21  root stylesheet

DEPRECATION WARNING [import]: Sass @import rules are deprecated and will be removed in Dart Sass 3.0.0.

More info and automated migrator: https://sass-lang.com/d/import

  ╷
3 │             @import "@/styles/_layout.scss";
  │                     ^^^^^^^^^^^^^^^^^^^^^^^
  ╵
    src/components/WalletHistory.vue 3:21  root stylesheet

DEPRECATION WARNING [import]: Sass @import rules are deprecated and will be removed in Dart Sass 3.0.0.

More info and automated migrator: https://sass-lang.com/d/import

  ╷
4 │             @import "@/styles/_mixins.scss";
  │                     ^^^^^^^^^^^^^^^^^^^^^^^
  ╵
    src/components/WalletHistory.vue 4:21  root stylesheet

DEPRECATION WARNING [import]: Sass @import rules are deprecated and will be removed in Dart Sass 3.0.0.

More info and automated migrator: https://sass-lang.com/d/import

  ╷
6 │ @import '../styles/icons';
  │         ^^^^^^^^^^^^^^^^^
  ╵
    src/components/WalletHistory.vue 6:9  root stylesheet

DEPRECATION WARNING [import]: Sass @import rules are deprecated and will be removed in Dart Sass 3.0.0.

More info and automated migrator: https://sass-lang.com/d/import

  ╷
2 │             @import "@/styles/_variables.scss";
  │                     ^^^^^^^^^^^^^^^^^^^^^^^^^^
  ╵
    src/components/QrCode/QrCodeScanButton.vue 2:21  root stylesheet

DEPRECATION WARNING [import]: Sass @import rules are deprecated and will be removed in Dart Sass 3.0.0.

More info and automated migrator: https://sass-lang.com/d/import

  ╷
3 │             @import "@/styles/_layout.scss";
  │                     ^^^^^^^^^^^^^^^^^^^^^^^
  ╵
    src/components/QrCode/QrCodeScanButton.vue 3:21  root stylesheet

DEPRECATION WARNING [import]: Sass @import rules are deprecated and will be removed in Dart Sass 3.0.0.

More info and automated migrator: https://sass-lang.com/d/import

  ╷
4 │             @import "@/styles/_mixins.scss";
  │                     ^^^^^^^^^^^^^^^^^^^^^^^
  ╵
    src/components/QrCode/QrCodeScanButton.vue 4:21  root stylesheet

DEPRECATION WARNING [import]: Sass @import rules are deprecated and will be removed in Dart Sass 3.0.0.

More info and automated migrator: https://sass-lang.com/d/import

  ╷
2 │             @import "@/styles/_variables.scss";
  │                     ^^^^^^^^^^^^^^^^^^^^^^^^^^
  ╵
    src/components/QrCode/QrCodeScanButton.vue 2:21  root stylesheet

DEPRECATION WARNING [import]: Sass @import rules are deprecated and will be removed in Dart Sass 3.0.0.

More info and automated migrator: https://sass-lang.com/d/import

  ╷
3 │             @import "@/styles/_layout.scss";
  │                     ^^^^^^^^^^^^^^^^^^^^^^^
  ╵
    src/components/QrCode/QrCodeScanButton.vue 3:21  root stylesheet

DEPRECATION WARNING [import]: Sass @import rules are deprecated and will be removed in Dart Sass 3.0.0.

More info and automated migrator: https://sass-lang.com/d/import

  ╷
4 │             @import "@/styles/_mixins.scss";
  │                     ^^^^^^^^^^^^^^^^^^^^^^^
  ╵
    src/components/QrCode/QrCodeScanButton.vue 4:21  root stylesheet

DEPRECATION WARNING [import]: Sass @import rules are deprecated and will be removed in Dart Sass 3.0.0.

More info and automated migrator: https://sass-lang.com/d/import

  ╷
2 │             @import "@/styles/_variables.scss";
  │                     ^^^^^^^^^^^^^^^^^^^^^^^^^^
  ╵
    src/components/CreateNftToken.vue 2:21  root stylesheet

DEPRECATION WARNING [import]: Sass @import rules are deprecated and will be removed in Dart Sass 3.0.0.

More info and automated migrator: https://sass-lang.com/d/import

  ╷
3 │             @import "@/styles/_layout.scss";
  │                     ^^^^^^^^^^^^^^^^^^^^^^^
  ╵
    src/components/CreateNftToken.vue 3:21  root stylesheet

DEPRECATION WARNING [import]: Sass @import rules are deprecated and will be removed in Dart Sass 3.0.0.

More info and automated migrator: https://sass-lang.com/d/import

  ╷
4 │             @import "@/styles/_mixins.scss";
  │                     ^^^^^^^^^^^^^^^^^^^^^^^
  ╵
    src/components/CreateNftToken.vue 4:21  root stylesheet

DEPRECATION WARNING [import]: Sass @import rules are deprecated and will be removed in Dart Sass 3.0.0.

More info and automated migrator: https://sass-lang.com/d/import

  ╷
2 │             @import "@/styles/_variables.scss";
  │                     ^^^^^^^^^^^^^^^^^^^^^^^^^^
  ╵
    src/components/CreateNftToken.vue 2:21  root stylesheet

DEPRECATION WARNING [import]: Sass @import rules are deprecated and will be removed in Dart Sass 3.0.0.

More info and automated migrator: https://sass-lang.com/d/import

  ╷
3 │             @import "@/styles/_layout.scss";
  │                     ^^^^^^^^^^^^^^^^^^^^^^^
  ╵
    src/components/CreateNftToken.vue 3:21  root stylesheet

DEPRECATION WARNING [import]: Sass @import rules are deprecated and will be removed in Dart Sass 3.0.0.

More info and automated migrator: https://sass-lang.com/d/import

  ╷
4 │             @import "@/styles/_mixins.scss";
  │                     ^^^^^^^^^^^^^^^^^^^^^^^
  ╵
    src/components/CreateNftToken.vue 4:21  root stylesheet

DEPRECATION WARNING [import]: Sass @import rules are deprecated and will be removed in Dart Sass 3.0.0.

More info and automated migrator: https://sass-lang.com/d/import

  ╷
2 │             @import "@/styles/_variables.scss";
  │                     ^^^^^^^^^^^^^^^^^^^^^^^^^^
  ╵
    src/components/Account/RenameDialog.vue 2:21  root stylesheet

DEPRECATION WARNING [import]: Sass @import rules are deprecated and will be removed in Dart Sass 3.0.0.

More info and automated migrator: https://sass-lang.com/d/import

  ╷
3 │             @import "@/styles/_layout.scss";
  │                     ^^^^^^^^^^^^^^^^^^^^^^^
  ╵
    src/components/Account/RenameDialog.vue 3:21  root stylesheet

DEPRECATION WARNING [import]: Sass @import rules are deprecated and will be removed in Dart Sass 3.0.0.

More info and automated migrator: https://sass-lang.com/d/import

  ╷
4 │             @import "@/styles/_mixins.scss";
  │                     ^^^^^^^^^^^^^^^^^^^^^^^
  ╵
    src/components/Account/RenameDialog.vue 4:21  root stylesheet

DEPRECATION WARNING [import]: Sass @import rules are deprecated and will be removed in Dart Sass 3.0.0.

More info and automated migrator: https://sass-lang.com/d/import

  ╷
2 │             @import "@/styles/_variables.scss";
  │                     ^^^^^^^^^^^^^^^^^^^^^^^^^^
  ╵
    src/components/Account/SettingsDialog.vue 2:21  root stylesheet

DEPRECATION WARNING [import]: Sass @import rules are deprecated and will be removed in Dart Sass 3.0.0.

More info and automated migrator: https://sass-lang.com/d/import

  ╷
3 │             @import "@/styles/_layout.scss";
  │                     ^^^^^^^^^^^^^^^^^^^^^^^
  ╵
    src/components/Account/SettingsDialog.vue 3:21  root stylesheet

DEPRECATION WARNING [import]: Sass @import rules are deprecated and will be removed in Dart Sass 3.0.0.

More info and automated migrator: https://sass-lang.com/d/import

  ╷
4 │             @import "@/styles/_mixins.scss";
  │                     ^^^^^^^^^^^^^^^^^^^^^^^
  ╵
    src/components/Account/SettingsDialog.vue 4:21  root stylesheet

DEPRECATION WARNING [import]: Sass @import rules are deprecated and will be removed in Dart Sass 3.0.0.

More info and automated migrator: https://sass-lang.com/d/import

  ╷
2 │             @import "@/styles/_variables.scss";
  │                     ^^^^^^^^^^^^^^^^^^^^^^^^^^
  ╵
    src/components/WalletAssets.vue 2:21  root stylesheet

DEPRECATION WARNING [import]: Sass @import rules are deprecated and will be removed in Dart Sass 3.0.0.

More info and automated migrator: https://sass-lang.com/d/import

  ╷
3 │             @import "@/styles/_layout.scss";
  │                     ^^^^^^^^^^^^^^^^^^^^^^^
  ╵
    src/components/WalletAssets.vue 3:21  root stylesheet

DEPRECATION WARNING [import]: Sass @import rules are deprecated and will be removed in Dart Sass 3.0.0.

More info and automated migrator: https://sass-lang.com/d/import

  ╷
4 │             @import "@/styles/_mixins.scss";
  │                     ^^^^^^^^^^^^^^^^^^^^^^^
  ╵
    src/components/WalletAssets.vue 4:21  root stylesheet

DEPRECATION WARNING [import]: Sass @import rules are deprecated and will be removed in Dart Sass 3.0.0.

More info and automated migrator: https://sass-lang.com/d/import

  ╷
2 │             @import "@/styles/_variables.scss";
  │                     ^^^^^^^^^^^^^^^^^^^^^^^^^^
  ╵
    src/components/WalletAssets.vue 2:21  root stylesheet

DEPRECATION WARNING [import]: Sass @import rules are deprecated and will be removed in Dart Sass 3.0.0.

More info and automated migrator: https://sass-lang.com/d/import

  ╷
3 │             @import "@/styles/_layout.scss";
  │                     ^^^^^^^^^^^^^^^^^^^^^^^
  ╵
    src/components/WalletAssets.vue 3:21  root stylesheet

DEPRECATION WARNING [import]: Sass @import rules are deprecated and will be removed in Dart Sass 3.0.0.

More info and automated migrator: https://sass-lang.com/d/import

  ╷
4 │             @import "@/styles/_mixins.scss";
  │                     ^^^^^^^^^^^^^^^^^^^^^^^
  ╵
    src/components/WalletAssets.vue 4:21  root stylesheet

DEPRECATION WARNING [import]: Sass @import rules are deprecated and will be removed in Dart Sass 3.0.0.

More info and automated migrator: https://sass-lang.com/d/import

  ╷
2 │             @import "@/styles/_variables.scss";
  │                     ^^^^^^^^^^^^^^^^^^^^^^^^^^
  ╵
    src/components/WalletAdarTxDetails.vue 2:21  root stylesheet

DEPRECATION WARNING [import]: Sass @import rules are deprecated and will be removed in Dart Sass 3.0.0.

More info and automated migrator: https://sass-lang.com/d/import

  ╷
3 │             @import "@/styles/_layout.scss";
  │                     ^^^^^^^^^^^^^^^^^^^^^^^
  ╵
    src/components/WalletAdarTxDetails.vue 3:21  root stylesheet

DEPRECATION WARNING [import]: Sass @import rules are deprecated and will be removed in Dart Sass 3.0.0.

More info and automated migrator: https://sass-lang.com/d/import

  ╷
4 │             @import "@/styles/_mixins.scss";
  │                     ^^^^^^^^^^^^^^^^^^^^^^^
  ╵
    src/components/WalletAdarTxDetails.vue 4:21  root stylesheet

DEPRECATION WARNING [import]: Sass @import rules are deprecated and will be removed in Dart Sass 3.0.0.

More info and automated migrator: https://sass-lang.com/d/import

  ╷
2 │             @import "@/styles/_variables.scss";
  │                     ^^^^^^^^^^^^^^^^^^^^^^^^^^
  ╵
    src/components/WalletAdarTxDetails.vue 2:21  root stylesheet

DEPRECATION WARNING [import]: Sass @import rules are deprecated and will be removed in Dart Sass 3.0.0.

More info and automated migrator: https://sass-lang.com/d/import

  ╷
3 │             @import "@/styles/_layout.scss";
  │                     ^^^^^^^^^^^^^^^^^^^^^^^
  ╵
    src/components/WalletAdarTxDetails.vue 3:21  root stylesheet

DEPRECATION WARNING [import]: Sass @import rules are deprecated and will be removed in Dart Sass 3.0.0.

More info and automated migrator: https://sass-lang.com/d/import

  ╷
4 │             @import "@/styles/_mixins.scss";
  │                     ^^^^^^^^^^^^^^^^^^^^^^^
  ╵
    src/components/WalletAdarTxDetails.vue 4:21  root stylesheet

DEPRECATION WARNING [import]: Sass @import rules are deprecated and will be removed in Dart Sass 3.0.0.

More info and automated migrator: https://sass-lang.com/d/import

  ╷
2 │             @import "@/styles/_variables.scss";
  │                     ^^^^^^^^^^^^^^^^^^^^^^^^^^
  ╵
    src/components/MST/MultisigChangeNameDialog.vue 2:21  root stylesheet

DEPRECATION WARNING [import]: Sass @import rules are deprecated and will be removed in Dart Sass 3.0.0.

More info and automated migrator: https://sass-lang.com/d/import

  ╷
3 │             @import "@/styles/_layout.scss";
  │                     ^^^^^^^^^^^^^^^^^^^^^^^
  ╵
    src/components/MST/MultisigChangeNameDialog.vue 3:21  root stylesheet

DEPRECATION WARNING [import]: Sass @import rules are deprecated and will be removed in Dart Sass 3.0.0.

More info and automated migrator: https://sass-lang.com/d/import

  ╷
4 │             @import "@/styles/_mixins.scss";
  │                     ^^^^^^^^^^^^^^^^^^^^^^^
  ╵
    src/components/MST/MultisigChangeNameDialog.vue 4:21  root stylesheet

DEPRECATION WARNING [import]: Sass @import rules are deprecated and will be removed in Dart Sass 3.0.0.

More info and automated migrator: https://sass-lang.com/d/import

  ╷
2 │             @import "@/styles/_variables.scss";
  │                     ^^^^^^^^^^^^^^^^^^^^^^^^^^
  ╵
    src/components/MST/MstOnboardingDialog.vue 2:21  root stylesheet

DEPRECATION WARNING [import]: Sass @import rules are deprecated and will be removed in Dart Sass 3.0.0.

More info and automated migrator: https://sass-lang.com/d/import

  ╷
3 │             @import "@/styles/_layout.scss";
  │                     ^^^^^^^^^^^^^^^^^^^^^^^
  ╵
    src/components/MST/MstOnboardingDialog.vue 3:21  root stylesheet

DEPRECATION WARNING [import]: Sass @import rules are deprecated and will be removed in Dart Sass 3.0.0.

More info and automated migrator: https://sass-lang.com/d/import

  ╷
4 │             @import "@/styles/_mixins.scss";
  │                     ^^^^^^^^^^^^^^^^^^^^^^^
  ╵
    src/components/MST/MstOnboardingDialog.vue 4:21  root stylesheet

DEPRECATION WARNING [import]: Sass @import rules are deprecated and will be removed in Dart Sass 3.0.0.

More info and automated migrator: https://sass-lang.com/d/import

  ╷
2 │             @import "@/styles/_variables.scss";
  │                     ^^^^^^^^^^^^^^^^^^^^^^^^^^
  ╵
    src/components/WalletAssetsHeadline.vue 2:21  root stylesheet

DEPRECATION WARNING [import]: Sass @import rules are deprecated and will be removed in Dart Sass 3.0.0.

More info and automated migrator: https://sass-lang.com/d/import

  ╷
3 │             @import "@/styles/_layout.scss";
  │                     ^^^^^^^^^^^^^^^^^^^^^^^
  ╵
    src/components/WalletAssetsHeadline.vue 3:21  root stylesheet

DEPRECATION WARNING [import]: Sass @import rules are deprecated and will be removed in Dart Sass 3.0.0.

More info and automated migrator: https://sass-lang.com/d/import

  ╷
4 │             @import "@/styles/_mixins.scss";
  │                     ^^^^^^^^^^^^^^^^^^^^^^^
  ╵
    src/components/WalletAssetsHeadline.vue 4:21  root stylesheet

DEPRECATION WARNING [import]: Sass @import rules are deprecated and will be removed in Dart Sass 3.0.0.

More info and automated migrator: https://sass-lang.com/d/import

  ╷
2 │             @import "@/styles/_variables.scss";
  │                     ^^^^^^^^^^^^^^^^^^^^^^^^^^
  ╵
    src/components/WalletAssetsHeadline.vue 2:21  root stylesheet

DEPRECATION WARNING [import]: Sass @import rules are deprecated and will be removed in Dart Sass 3.0.0.

More info and automated migrator: https://sass-lang.com/d/import

  ╷
3 │             @import "@/styles/_layout.scss";
  │                     ^^^^^^^^^^^^^^^^^^^^^^^
  ╵
    src/components/WalletAssetsHeadline.vue 3:21  root stylesheet

DEPRECATION WARNING [import]: Sass @import rules are deprecated and will be removed in Dart Sass 3.0.0.

More info and automated migrator: https://sass-lang.com/d/import

  ╷
4 │             @import "@/styles/_mixins.scss";
  │                     ^^^^^^^^^^^^^^^^^^^^^^^
  ╵
    src/components/WalletAssetsHeadline.vue 4:21  root stylesheet

DEPRECATION WARNING [import]: Sass @import rules are deprecated and will be removed in Dart Sass 3.0.0.

More info and automated migrator: https://sass-lang.com/d/import

  ╷
2 │             @import "@/styles/_variables.scss";
  │                     ^^^^^^^^^^^^^^^^^^^^^^^^^^
  ╵
    src/components/MST/MstForgetDialog.vue 2:21  root stylesheet

DEPRECATION WARNING [import]: Sass @import rules are deprecated and will be removed in Dart Sass 3.0.0.

More info and automated migrator: https://sass-lang.com/d/import

  ╷
3 │             @import "@/styles/_layout.scss";
  │                     ^^^^^^^^^^^^^^^^^^^^^^^
  ╵
    src/components/MST/MstForgetDialog.vue 3:21  root stylesheet

DEPRECATION WARNING [import]: Sass @import rules are deprecated and will be removed in Dart Sass 3.0.0.

More info and automated migrator: https://sass-lang.com/d/import

  ╷
4 │             @import "@/styles/_mixins.scss";
  │                     ^^^^^^^^^^^^^^^^^^^^^^^
  ╵
    src/components/MST/MstForgetDialog.vue 4:21  root stylesheet

DEPRECATION WARNING [import]: Sass @import rules are deprecated and will be removed in Dart Sass 3.0.0.

More info and automated migrator: https://sass-lang.com/d/import

  ╷
2 │             @import "@/styles/_variables.scss";
  │                     ^^^^^^^^^^^^^^^^^^^^^^^^^^
  ╵
    src/components/MST/CreateMstWalletDialog.vue 2:21  root stylesheet

DEPRECATION WARNING [import]: Sass @import rules are deprecated and will be removed in Dart Sass 3.0.0.

More info and automated migrator: https://sass-lang.com/d/import

  ╷
3 │             @import "@/styles/_layout.scss";
  │                     ^^^^^^^^^^^^^^^^^^^^^^^
  ╵
    src/components/MST/CreateMstWalletDialog.vue 3:21  root stylesheet

DEPRECATION WARNING [import]: Sass @import rules are deprecated and will be removed in Dart Sass 3.0.0.

More info and automated migrator: https://sass-lang.com/d/import

  ╷
4 │             @import "@/styles/_mixins.scss";
  │                     ^^^^^^^^^^^^^^^^^^^^^^^
  ╵
    src/components/MST/CreateMstWalletDialog.vue 4:21  root stylesheet

DEPRECATION WARNING [import]: Sass @import rules are deprecated and will be removed in Dart Sass 3.0.0.

More info and automated migrator: https://sass-lang.com/d/import

  ╷
2 │             @import "@/styles/_variables.scss";
  │                     ^^^^^^^^^^^^^^^^^^^^^^^^^^
  ╵
    src/components/MST/CreateMstWalletDialog.vue 2:21  root stylesheet

DEPRECATION WARNING [import]: Sass @import rules are deprecated and will be removed in Dart Sass 3.0.0.

More info and automated migrator: https://sass-lang.com/d/import

  ╷
3 │             @import "@/styles/_layout.scss";
  │                     ^^^^^^^^^^^^^^^^^^^^^^^
  ╵
    src/components/MST/CreateMstWalletDialog.vue 3:21  root stylesheet

DEPRECATION WARNING [import]: Sass @import rules are deprecated and will be removed in Dart Sass 3.0.0.

More info and automated migrator: https://sass-lang.com/d/import

  ╷
4 │             @import "@/styles/_mixins.scss";
  │                     ^^^^^^^^^^^^^^^^^^^^^^^
  ╵
    src/components/MST/CreateMstWalletDialog.vue 4:21  root stylesheet

DEPRECATION WARNING [import]: Sass @import rules are deprecated and will be removed in Dart Sass 3.0.0.

More info and automated migrator: https://sass-lang.com/d/import

  ╷
2 │             @import "@/styles/_variables.scss";
  │                     ^^^^^^^^^^^^^^^^^^^^^^^^^^
  ╵
    src/components/MST/CreateMstWalletDialog.vue 2:21  root stylesheet

DEPRECATION WARNING [import]: Sass @import rules are deprecated and will be removed in Dart Sass 3.0.0.

More info and automated migrator: https://sass-lang.com/d/import

  ╷
3 │             @import "@/styles/_layout.scss";
  │                     ^^^^^^^^^^^^^^^^^^^^^^^
  ╵
    src/components/MST/CreateMstWalletDialog.vue 3:21  root stylesheet

DEPRECATION WARNING [import]: Sass @import rules are deprecated and will be removed in Dart Sass 3.0.0.

More info and automated migrator: https://sass-lang.com/d/import

  ╷
4 │             @import "@/styles/_mixins.scss";
  │                     ^^^^^^^^^^^^^^^^^^^^^^^
  ╵
    src/components/MST/CreateMstWalletDialog.vue 4:21  root stylesheet

DEPRECATION WARNING [global-builtin]: Global built-in functions are deprecated and will be removed in Dart Sass 3.0.0.
Use selector.append instead.

More info and automated migrator: https://sass-lang.com/d/import

    ╷
159 │   $scrollbar: selector-append($host, '.el-scrollbar');
    │               ^^^^^^^^^^^^^^^^^^^^^^^^^^^^^^^^^^^^^^^
    ╵
    src/styles/_mixins.scss 159:15                       scrollbar()
    src/components/AddAsset/AddAssetDetailsCard.vue 7:3  root stylesheet

DEPRECATION WARNING [global-builtin]: Global built-in functions are deprecated and will be removed in Dart Sass 3.0.0.
Use selector.append instead.

More info and automated migrator: https://sass-lang.com/d/import

    ╷
159 │   $scrollbar: selector-append($host, '.el-scrollbar');
    │               ^^^^^^^^^^^^^^^^^^^^^^^^^^^^^^^^^^^^^^^
    ╵
    src/styles/_mixins.scss 159:15                          scrollbar()
    src/components/Connection/List/ConnectionItems.vue 9:3  root stylesheet

DEPRECATION WARNING [global-builtin]: Global built-in functions are deprecated and will be removed in Dart Sass 3.0.0.
Use selector.append instead.

More info and automated migrator: https://sass-lang.com/d/import

    ╷
159 │   $scrollbar: selector-append($host, '.el-scrollbar');
    │               ^^^^^^^^^^^^^^^^^^^^^^^^^^^^^^^^^^^^^^^
    ╵
    src/styles/_mixins.scss 159:15      scrollbar()
    src/components/DialogBase.vue 11:3  root stylesheet

DEPRECATION WARNING [global-builtin]: Global built-in functions are deprecated and will be removed in Dart Sass 3.0.0.
Use selector.nest instead.

More info and automated migrator: https://sass-lang.com/d/import

    ╷
166 │   @at-root #{ selector-nest($scrollbar, '.el-scrollbar__wrap') } {
    │               ^^^^^^^^^^^^^^^^^^^^^^^^^^^^^^^^^^^^^^^^^^^^^^^^
    ╵
    src/styles/_mixins.scss 166:15                       scrollbar()
    src/components/AddAsset/AddAssetDetailsCard.vue 7:3  root stylesheet

DEPRECATION WARNING [global-builtin]: Global built-in functions are deprecated and will be removed in Dart Sass 3.0.0.
Use selector.nest instead.

More info and automated migrator: https://sass-lang.com/d/import

    ╷
166 │   @at-root #{ selector-nest($scrollbar, '.el-scrollbar__wrap') } {
    │               ^^^^^^^^^^^^^^^^^^^^^^^^^^^^^^^^^^^^^^^^^^^^^^^^
    ╵
    src/styles/_mixins.scss 166:15                          scrollbar()
    src/components/Connection/List/ConnectionItems.vue 9:3  root stylesheet

DEPRECATION WARNING [global-builtin]: Global built-in functions are deprecated and will be removed in Dart Sass 3.0.0.
Use selector.nest instead.

More info and automated migrator: https://sass-lang.com/d/import

    ╷
166 │   @at-root #{ selector-nest($scrollbar, '.el-scrollbar__wrap') } {
    │               ^^^^^^^^^^^^^^^^^^^^^^^^^^^^^^^^^^^^^^^^^^^^^^^^
    ╵
    src/styles/_mixins.scss 166:15      scrollbar()
    src/components/DialogBase.vue 11:3  root stylesheet

DEPRECATION WARNING [global-builtin]: Global built-in functions are deprecated and will be removed in Dart Sass 3.0.0.
Use selector.nest instead.

More info and automated migrator: https://sass-lang.com/d/import

    ╷
174 │   @at-root #{ selector-nest($scrollbar, '.el-scrollbar__wrap, .el-scrollbar__view') } {
    │               ^^^^^^^^^^^^^^^^^^^^^^^^^^^^^^^^^^^^^^^^^^^^^^^^^^^^^^^^^^^^^^^^^^^^^
    ╵
    src/styles/_mixins.scss 174:15                       scrollbar()
    src/components/AddAsset/AddAssetDetailsCard.vue 7:3  root stylesheet

DEPRECATION WARNING [global-builtin]: Global built-in functions are deprecated and will be removed in Dart Sass 3.0.0.
Use selector.nest instead.

More info and automated migrator: https://sass-lang.com/d/import

    ╷
174 │   @at-root #{ selector-nest($scrollbar, '.el-scrollbar__wrap, .el-scrollbar__view') } {
    │               ^^^^^^^^^^^^^^^^^^^^^^^^^^^^^^^^^^^^^^^^^^^^^^^^^^^^^^^^^^^^^^^^^^^^^
    ╵
    src/styles/_mixins.scss 174:15                          scrollbar()
    src/components/Connection/List/ConnectionItems.vue 9:3  root stylesheet

DEPRECATION WARNING [global-builtin]: Global built-in functions are deprecated and will be removed in Dart Sass 3.0.0.
Use selector.nest instead.

More info and automated migrator: https://sass-lang.com/d/import

    ╷
174 │   @at-root #{ selector-nest($scrollbar, '.el-scrollbar__wrap, .el-scrollbar__view') } {
    │               ^^^^^^^^^^^^^^^^^^^^^^^^^^^^^^^^^^^^^^^^^^^^^^^^^^^^^^^^^^^^^^^^^^^^^
    ╵
    src/styles/_mixins.scss 174:15      scrollbar()
    src/components/DialogBase.vue 11:3  root stylesheet

DEPRECATION WARNING [global-builtin]: Global built-in functions are deprecated and will be removed in Dart Sass 3.0.0.
Use selector.nest instead.

More info and automated migrator: https://sass-lang.com/d/import

    ╷
180 │   @at-root #{ selector-nest($scrollbar, '.el-scrollbar__view') } {
    │               ^^^^^^^^^^^^^^^^^^^^^^^^^^^^^^^^^^^^^^^^^^^^^^^^
    ╵
    src/styles/_mixins.scss 180:15                       scrollbar()
    src/components/AddAsset/AddAssetDetailsCard.vue 7:3  root stylesheet

DEPRECATION WARNING [global-builtin]: Global built-in functions are deprecated and will be removed in Dart Sass 3.0.0.
Use selector.nest instead.

More info and automated migrator: https://sass-lang.com/d/import

    ╷
180 │   @at-root #{ selector-nest($scrollbar, '.el-scrollbar__view') } {
    │               ^^^^^^^^^^^^^^^^^^^^^^^^^^^^^^^^^^^^^^^^^^^^^^^^
    ╵
    src/styles/_mixins.scss 180:15                          scrollbar()
    src/components/Connection/List/ConnectionItems.vue 9:3  root stylesheet

DEPRECATION WARNING [global-builtin]: Global built-in functions are deprecated and will be removed in Dart Sass 3.0.0.
Use selector.nest instead.

More info and automated migrator: https://sass-lang.com/d/import

    ╷
185 │   @at-root #{ selector-nest($scrollbar, '.el-scrollbar__bar.is-vertical') } {
    │               ^^^^^^^^^^^^^^^^^^^^^^^^^^^^^^^^^^^^^^^^^^^^^^^^^^^^^^^^^^^
    ╵
    src/styles/_mixins.scss 185:15                       scrollbar()
    src/components/AddAsset/AddAssetDetailsCard.vue 7:3  root stylesheet

DEPRECATION WARNING [global-builtin]: Global built-in functions are deprecated and will be removed in Dart Sass 3.0.0.
Use selector.nest instead.

More info and automated migrator: https://sass-lang.com/d/import

    ╷
185 │   @at-root #{ selector-nest($scrollbar, '.el-scrollbar__bar.is-vertical') } {
    │               ^^^^^^^^^^^^^^^^^^^^^^^^^^^^^^^^^^^^^^^^^^^^^^^^^^^^^^^^^^^
    ╵
    src/styles/_mixins.scss 185:15                          scrollbar()
    src/components/Connection/List/ConnectionItems.vue 9:3  root stylesheet

DEPRECATION WARNING [global-builtin]: Global built-in functions are deprecated and will be removed in Dart Sass 3.0.0.
Use selector.nest instead.

More info and automated migrator: https://sass-lang.com/d/import

    ╷
180 │   @at-root #{ selector-nest($scrollbar, '.el-scrollbar__view') } {
    │               ^^^^^^^^^^^^^^^^^^^^^^^^^^^^^^^^^^^^^^^^^^^^^^^^
    ╵
    src/styles/_mixins.scss 180:15      scrollbar()
    src/components/DialogBase.vue 11:3  root stylesheet

DEPRECATION WARNING [global-builtin]: Global built-in functions are deprecated and will be removed in Dart Sass 3.0.0.
Use selector.nest instead.

More info and automated migrator: https://sass-lang.com/d/import

    ╷
185 │   @at-root #{ selector-nest($scrollbar, '.el-scrollbar__bar.is-vertical') } {
    │               ^^^^^^^^^^^^^^^^^^^^^^^^^^^^^^^^^^^^^^^^^^^^^^^^^^^^^^^^^^^
    ╵
    src/styles/_mixins.scss 185:15      scrollbar()
    src/components/DialogBase.vue 11:3  root stylesheet

DEPRECATION WARNING [import]: Sass @import rules are deprecated and will be removed in Dart Sass 3.0.0.

More info and automated migrator: https://sass-lang.com/d/import

  ╷
2 │             @import "@/styles/_variables.scss";
  │                     ^^^^^^^^^^^^^^^^^^^^^^^^^^
  ╵
    src/components/MST/MultisigCreateDialog.vue 2:21  root stylesheet

DEPRECATION WARNING [import]: Sass @import rules are deprecated and will be removed in Dart Sass 3.0.0.

More info and automated migrator: https://sass-lang.com/d/import

  ╷
3 │             @import "@/styles/_layout.scss";
  │                     ^^^^^^^^^^^^^^^^^^^^^^^
  ╵
    src/components/MST/MultisigCreateDialog.vue 3:21  root stylesheet

DEPRECATION WARNING [import]: Sass @import rules are deprecated and will be removed in Dart Sass 3.0.0.

More info and automated migrator: https://sass-lang.com/d/import

  ╷
4 │             @import "@/styles/_mixins.scss";
  │                     ^^^^^^^^^^^^^^^^^^^^^^^
  ╵
    src/components/MST/MultisigCreateDialog.vue 4:21  root stylesheet

DEPRECATION WARNING [import]: Sass @import rules are deprecated and will be removed in Dart Sass 3.0.0.

More info and automated migrator: https://sass-lang.com/d/import

  ╷
2 │             @import "@/styles/_variables.scss";
  │                     ^^^^^^^^^^^^^^^^^^^^^^^^^^
  ╵
    src/components/MST/MultisigCreateDialog.vue 2:21  root stylesheet

DEPRECATION WARNING [import]: Sass @import rules are deprecated and will be removed in Dart Sass 3.0.0.

More info and automated migrator: https://sass-lang.com/d/import

  ╷
3 │             @import "@/styles/_layout.scss";
  │                     ^^^^^^^^^^^^^^^^^^^^^^^
  ╵
    src/components/MST/MultisigCreateDialog.vue 3:21  root stylesheet

DEPRECATION WARNING [import]: Sass @import rules are deprecated and will be removed in Dart Sass 3.0.0.

More info and automated migrator: https://sass-lang.com/d/import

  ╷
4 │             @import "@/styles/_mixins.scss";
  │                     ^^^^^^^^^^^^^^^^^^^^^^^
  ╵
    src/components/MST/MultisigCreateDialog.vue 4:21  root stylesheet

DEPRECATION WARNING [global-builtin]: Global built-in functions are deprecated and will be removed in Dart Sass 3.0.0.
Use selector.append instead.

More info and automated migrator: https://sass-lang.com/d/import

    ╷
159 │   $scrollbar: selector-append($host, '.el-scrollbar');
    │               ^^^^^^^^^^^^^^^^^^^^^^^^^^^^^^^^^^^^^^^
    ╵
    src/styles/_mixins.scss 159:15           scrollbar()
    src/components/AddressBook/List.vue 7:3  root stylesheet

DEPRECATION WARNING [global-builtin]: Global built-in functions are deprecated and will be removed in Dart Sass 3.0.0.
Use selector.nest instead.

More info and automated migrator: https://sass-lang.com/d/import

    ╷
166 │   @at-root #{ selector-nest($scrollbar, '.el-scrollbar__wrap') } {
    │               ^^^^^^^^^^^^^^^^^^^^^^^^^^^^^^^^^^^^^^^^^^^^^^^^
    ╵
    src/styles/_mixins.scss 166:15           scrollbar()
    src/components/AddressBook/List.vue 7:3  root stylesheet

DEPRECATION WARNING [global-builtin]: Global built-in functions are deprecated and will be removed in Dart Sass 3.0.0.
Use selector.nest instead.

More info and automated migrator: https://sass-lang.com/d/import

    ╷
174 │   @at-root #{ selector-nest($scrollbar, '.el-scrollbar__wrap, .el-scrollbar__view') } {
    │               ^^^^^^^^^^^^^^^^^^^^^^^^^^^^^^^^^^^^^^^^^^^^^^^^^^^^^^^^^^^^^^^^^^^^^
    ╵
    src/styles/_mixins.scss 174:15           scrollbar()
    src/components/AddressBook/List.vue 7:3  root stylesheet

DEPRECATION WARNING [global-builtin]: Global built-in functions are deprecated and will be removed in Dart Sass 3.0.0.
Use selector.nest instead.

More info and automated migrator: https://sass-lang.com/d/import

    ╷
180 │   @at-root #{ selector-nest($scrollbar, '.el-scrollbar__view') } {
    │               ^^^^^^^^^^^^^^^^^^^^^^^^^^^^^^^^^^^^^^^^^^^^^^^^
    ╵
    src/styles/_mixins.scss 180:15           scrollbar()
    src/components/AddressBook/List.vue 7:3  root stylesheet

DEPRECATION WARNING [global-builtin]: Global built-in functions are deprecated and will be removed in Dart Sass 3.0.0.
Use selector.nest instead.

More info and automated migrator: https://sass-lang.com/d/import

    ╷
185 │   @at-root #{ selector-nest($scrollbar, '.el-scrollbar__bar.is-vertical') } {
    │               ^^^^^^^^^^^^^^^^^^^^^^^^^^^^^^^^^^^^^^^^^^^^^^^^^^^^^^^^^^^
    ╵
    src/styles/_mixins.scss 185:15           scrollbar()
    src/components/AddressBook/List.vue 7:3  root stylesheet

DEPRECATION WARNING [global-builtin]: Global built-in functions are deprecated and will be removed in Dart Sass 3.0.0.
Use selector.append instead.

More info and automated migrator: https://sass-lang.com/d/import

    ╷
159 │   $scrollbar: selector-append($host, '.el-scrollbar');
    │               ^^^^^^^^^^^^^^^^^^^^^^^^^^^^^^^^^^^^^^^
    ╵
    src/styles/_mixins.scss 159:15        scrollbar()
    src/components/WalletAssets.vue 56:5  root stylesheet

DEPRECATION WARNING [global-builtin]: Global built-in functions are deprecated and will be removed in Dart Sass 3.0.0.
Use selector.nest instead.

More info and automated migrator: https://sass-lang.com/d/import

    ╷
166 │   @at-root #{ selector-nest($scrollbar, '.el-scrollbar__wrap') } {
    │               ^^^^^^^^^^^^^^^^^^^^^^^^^^^^^^^^^^^^^^^^^^^^^^^^
    ╵
    src/styles/_mixins.scss 166:15        scrollbar()
    src/components/WalletAssets.vue 56:5  root stylesheet

DEPRECATION WARNING [global-builtin]: Global built-in functions are deprecated and will be removed in Dart Sass 3.0.0.
Use selector.nest instead.

More info and automated migrator: https://sass-lang.com/d/import

    ╷
174 │   @at-root #{ selector-nest($scrollbar, '.el-scrollbar__wrap, .el-scrollbar__view') } {
    │               ^^^^^^^^^^^^^^^^^^^^^^^^^^^^^^^^^^^^^^^^^^^^^^^^^^^^^^^^^^^^^^^^^^^^^
    ╵
    src/styles/_mixins.scss 174:15        scrollbar()
    src/components/WalletAssets.vue 56:5  root stylesheet

DEPRECATION WARNING [global-builtin]: Global built-in functions are deprecated and will be removed in Dart Sass 3.0.0.
Use selector.nest instead.

More info and automated migrator: https://sass-lang.com/d/import

    ╷
180 │   @at-root #{ selector-nest($scrollbar, '.el-scrollbar__view') } {
    │               ^^^^^^^^^^^^^^^^^^^^^^^^^^^^^^^^^^^^^^^^^^^^^^^^
    ╵
    src/styles/_mixins.scss 180:15        scrollbar()
    src/components/WalletAssets.vue 56:5  root stylesheet

DEPRECATION WARNING [global-builtin]: Global built-in functions are deprecated and will be removed in Dart Sass 3.0.0.
Use list.nth instead.

More info and automated migrator: https://sass-lang.com/d/import

   ╷
98 │           #{nth($angle, 1)}: 0;
   │             ^^^^^^^^^^^^^^
   ╵
    src/components/QrCode/QrCodeScanButton.vue 98:13  root stylesheet

DEPRECATION WARNING [global-builtin]: Global built-in functions are deprecated and will be removed in Dart Sass 3.0.0.
Use list.nth instead.

More info and automated migrator: https://sass-lang.com/d/import

   ╷
99 │           #{nth($angle, 2)}: 0;
   │             ^^^^^^^^^^^^^^
   ╵
    src/components/QrCode/QrCodeScanButton.vue 99:13  root stylesheet

DEPRECATION WARNING [global-builtin]: Global built-in functions are deprecated and will be removed in Dart Sass 3.0.0.
Use selector.nest instead.

More info and automated migrator: https://sass-lang.com/d/import

    ╷
185 │   @at-root #{ selector-nest($scrollbar, '.el-scrollbar__bar.is-vertical') } {
    │               ^^^^^^^^^^^^^^^^^^^^^^^^^^^^^^^^^^^^^^^^^^^^^^^^^^^^^^^^^^^
    ╵
    src/styles/_mixins.scss 185:15        scrollbar()
    src/components/WalletAssets.vue 56:5  root stylesheet

DEPRECATION WARNING [global-builtin]: Global built-in functions are deprecated and will be removed in Dart Sass 3.0.0.
Use list.nth instead.

More info and automated migrator: https://sass-lang.com/d/import

    ╷
100 │           border-#{nth($angle, 2)}: $mask-box-border;
    │                    ^^^^^^^^^^^^^^
    ╵
    src/components/QrCode/QrCodeScanButton.vue 100:20  root stylesheet

DEPRECATION WARNING [global-builtin]: Global built-in functions are deprecated and will be removed in Dart Sass 3.0.0.
Use list.nth instead.

More info and automated migrator: https://sass-lang.com/d/import

    ╷
101 │           border-#{nth($angle, 1)}: $mask-box-border;
    │                    ^^^^^^^^^^^^^^
    ╵
    src/components/QrCode/QrCodeScanButton.vue 101:20  root stylesheet

DEPRECATION WARNING [global-builtin]: Global built-in functions are deprecated and will be removed in Dart Sass 3.0.0.
Use list.nth instead.

More info and automated migrator: https://sass-lang.com/d/import

    ╷
102 │           border-#{nth($angle, 1)}-#{nth($angle, 2)}-radius: 4px;
    │                    ^^^^^^^^^^^^^^
    ╵
    src/components/QrCode/QrCodeScanButton.vue 102:20  root stylesheet

WARNING: 1 repetitive deprecation warnings omitted.
Run in verbose mode to see all warnings.

DEPRECATION WARNING [global-builtin]: Global built-in functions are deprecated and will be removed in Dart Sass 3.0.0.
Use selector.append instead.

More info and automated migrator: https://sass-lang.com/d/import

    ╷
159 │   $scrollbar: selector-append($host, '.el-scrollbar');
    │               ^^^^^^^^^^^^^^^^^^^^^^^^^^^^^^^^^^^^^^^
    ╵
    src/styles/_mixins.scss 159:15                     scrollbar()
    src/components/MST/CreateMstWalletDialog.vue 37:3  root stylesheet

DEPRECATION WARNING [global-builtin]: Global built-in functions are deprecated and will be removed in Dart Sass 3.0.0.
Use selector.nest instead.

More info and automated migrator: https://sass-lang.com/d/import

    ╷
166 │   @at-root #{ selector-nest($scrollbar, '.el-scrollbar__wrap') } {
    │               ^^^^^^^^^^^^^^^^^^^^^^^^^^^^^^^^^^^^^^^^^^^^^^^^
    ╵
    src/styles/_mixins.scss 166:15                     scrollbar()
    src/components/MST/CreateMstWalletDialog.vue 37:3  root stylesheet

DEPRECATION WARNING [global-builtin]: Global built-in functions are deprecated and will be removed in Dart Sass 3.0.0.
Use selector.nest instead.

More info and automated migrator: https://sass-lang.com/d/import

    ╷
174 │   @at-root #{ selector-nest($scrollbar, '.el-scrollbar__wrap, .el-scrollbar__view') } {
    │               ^^^^^^^^^^^^^^^^^^^^^^^^^^^^^^^^^^^^^^^^^^^^^^^^^^^^^^^^^^^^^^^^^^^^^
    ╵
    src/styles/_mixins.scss 174:15                     scrollbar()
    src/components/MST/CreateMstWalletDialog.vue 37:3  root stylesheet

DEPRECATION WARNING [global-builtin]: Global built-in functions are deprecated and will be removed in Dart Sass 3.0.0.
Use selector.nest instead.

More info and automated migrator: https://sass-lang.com/d/import

    ╷
180 │   @at-root #{ selector-nest($scrollbar, '.el-scrollbar__view') } {
    │               ^^^^^^^^^^^^^^^^^^^^^^^^^^^^^^^^^^^^^^^^^^^^^^^^
    ╵
    src/styles/_mixins.scss 180:15                     scrollbar()
    src/components/MST/CreateMstWalletDialog.vue 37:3  root stylesheet

DEPRECATION WARNING [global-builtin]: Global built-in functions are deprecated and will be removed in Dart Sass 3.0.0.
Use selector.nest instead.

More info and automated migrator: https://sass-lang.com/d/import

    ╷
185 │   @at-root #{ selector-nest($scrollbar, '.el-scrollbar__bar.is-vertical') } {
    │               ^^^^^^^^^^^^^^^^^^^^^^^^^^^^^^^^^^^^^^^^^^^^^^^^^^^^^^^^^^^
    ╵
    src/styles/_mixins.scss 185:15                     scrollbar()
    src/components/MST/CreateMstWalletDialog.vue 37:3  root stylesheet

DEPRECATION WARNING [global-builtin]: Global built-in functions are deprecated and will be removed in Dart Sass 3.0.0.
Use selector.append instead.

More info and automated migrator: https://sass-lang.com/d/import

    ╷
159 │   $scrollbar: selector-append($host, '.el-scrollbar');
    │               ^^^^^^^^^^^^^^^^^^^^^^^^^^^^^^^^^^^^^^^
    ╵
    src/styles/_mixins.scss 159:15                   scrollbar()
    src/components/MST/MultisigCreateDialog.vue 8:3  root stylesheet

DEPRECATION WARNING [global-builtin]: Global built-in functions are deprecated and will be removed in Dart Sass 3.0.0.
Use selector.nest instead.

More info and automated migrator: https://sass-lang.com/d/import

    ╷
166 │   @at-root #{ selector-nest($scrollbar, '.el-scrollbar__wrap') } {
    │               ^^^^^^^^^^^^^^^^^^^^^^^^^^^^^^^^^^^^^^^^^^^^^^^^
    ╵
    src/styles/_mixins.scss 166:15                   scrollbar()
    src/components/MST/MultisigCreateDialog.vue 8:3  root stylesheet

DEPRECATION WARNING [global-builtin]: Global built-in functions are deprecated and will be removed in Dart Sass 3.0.0.
Use selector.nest instead.

More info and automated migrator: https://sass-lang.com/d/import

    ╷
174 │   @at-root #{ selector-nest($scrollbar, '.el-scrollbar__wrap, .el-scrollbar__view') } {
    │               ^^^^^^^^^^^^^^^^^^^^^^^^^^^^^^^^^^^^^^^^^^^^^^^^^^^^^^^^^^^^^^^^^^^^^
    ╵
    src/styles/_mixins.scss 174:15                   scrollbar()
    src/components/MST/MultisigCreateDialog.vue 8:3  root stylesheet

DEPRECATION WARNING [global-builtin]: Global built-in functions are deprecated and will be removed in Dart Sass 3.0.0.
Use selector.nest instead.

More info and automated migrator: https://sass-lang.com/d/import

    ╷
180 │   @at-root #{ selector-nest($scrollbar, '.el-scrollbar__view') } {
    │               ^^^^^^^^^^^^^^^^^^^^^^^^^^^^^^^^^^^^^^^^^^^^^^^^
    ╵
    src/styles/_mixins.scss 180:15                   scrollbar()
    src/components/MST/MultisigCreateDialog.vue 8:3  root stylesheet

DEPRECATION WARNING [global-builtin]: Global built-in functions are deprecated and will be removed in Dart Sass 3.0.0.
Use selector.nest instead.

More info and automated migrator: https://sass-lang.com/d/import

    ╷
185 │   @at-root #{ selector-nest($scrollbar, '.el-scrollbar__bar.is-vertical') } {
    │               ^^^^^^^^^^^^^^^^^^^^^^^^^^^^^^^^^^^^^^^^^^^^^^^^^^^^^^^^^^^
    ╵
    src/styles/_mixins.scss 185:15                   scrollbar()
    src/components/MST/MultisigCreateDialog.vue 8:3  root stylesheet

"ref" is imported from external module "valtio/react" but never used in "../../node_modules/valtio/esm/index.mjs".
[vite:dts] Outside emitted: /Users/mtakemiya/dev/polkaswap-exchange-web/packages/sora2-wallet-web/tests/e2e/specs/App.test.d.ts
[vite:dts] Outside emitted: /Users/mtakemiya/dev/polkaswap-exchange-web/packages/sora2-wallet-web/tests/e2e/support/commands.d.ts
[vite:dts] Outside emitted: /Users/mtakemiya/dev/polkaswap-exchange-web/packages/sora2-wallet-web/tests/mocks/popper.d.ts
[vite:dts] Outside emitted: /Users/mtakemiya/dev/polkaswap-exchange-web/packages/sora2-wallet-web/tests/mocks/reown-appkit.d.ts
[vite:dts] Outside emitted: /Users/mtakemiya/dev/polkaswap-exchange-web/packages/sora2-wallet-web/tests/unit/setup.d.ts
[vite:dts] Outside emitted: /Users/mtakemiya/dev/polkaswap-exchange-web/packages/sora2-wallet-web/tests/utils/index.d.ts
[vite:dts] Outside emitted: /Users/mtakemiya/dev/polkaswap-exchange-web/packages/sora2-wallet-web/tests/utils/AddAssetMock.d.ts
[vite:dts] Outside emitted: /Users/mtakemiya/dev/polkaswap-exchange-web/packages/sora2-wallet-web/tests/unit/components/AddAsset.spec.d.ts
[vite:dts] Outside emitted: /Users/mtakemiya/dev/polkaswap-exchange-web/packages/sora2-wallet-web/tests/utils/AddAssetSearchMock.d.ts
[vite:dts] Outside emitted: /Users/mtakemiya/dev/polkaswap-exchange-web/packages/sora2-wallet-web/tests/utils/mock.d.ts
[vite:dts] Outside emitted: /Users/mtakemiya/dev/polkaswap-exchange-web/packages/sora2-wallet-web/tests/unit/components/AddAssetSearch.spec.d.ts
[vite:dts] Outside emitted: /Users/mtakemiya/dev/polkaswap-exchange-web/packages/sora2-wallet-web/tests/utils/CreateTokenMock.d.ts
[vite:dts] Outside emitted: /Users/mtakemiya/dev/polkaswap-exchange-web/packages/sora2-wallet-web/tests/unit/components/CreateToken.spec.d.ts
[vite:dts] Outside emitted: /Users/mtakemiya/dev/polkaswap-exchange-web/packages/sora2-wallet-web/tests/utils/FormattedAmountMock.d.ts
[vite:dts] Outside emitted: /Users/mtakemiya/dev/polkaswap-exchange-web/packages/sora2-wallet-web/tests/unit/components/FormattedAmount.spec.d.ts
[vite:dts] Outside emitted: /Users/mtakemiya/dev/polkaswap-exchange-web/packages/sora2-wallet-web/tests/utils/FormattedAmountWithFiatValueMock.d.ts
[vite:dts] Outside emitted: /Users/mtakemiya/dev/polkaswap-exchange-web/packages/sora2-wallet-web/tests/unit/components/FormattedAmountWithFiatValue.spec.d.ts
[vite:dts] Outside emitted: /Users/mtakemiya/dev/polkaswap-exchange-web/packages/sora2-wallet-web/tests/utils/HistoryPaginationMock.d.ts
[vite:dts] Outside emitted: /Users/mtakemiya/dev/polkaswap-exchange-web/packages/sora2-wallet-web/tests/unit/components/HistoryPagination.spec.d.ts
[vite:dts] Outside emitted: /Users/mtakemiya/dev/polkaswap-exchange-web/packages/sora2-wallet-web/tests/utils/InfoLineMock.d.ts
[vite:dts] Outside emitted: /Users/mtakemiya/dev/polkaswap-exchange-web/packages/sora2-wallet-web/tests/unit/components/InfoLine.spec.d.ts
[vite:dts] Outside emitted: /Users/mtakemiya/dev/polkaswap-exchange-web/packages/sora2-wallet-web/tests/unit/components/NotificationBridge.spec.d.ts
[vite:dts] Outside emitted: /Users/mtakemiya/dev/polkaswap-exchange-web/packages/sora2-wallet-web/tests/unit/components/ThemeProvider.spec.d.ts
[vite:dts] Outside emitted: /Users/mtakemiya/dev/polkaswap-exchange-web/packages/sora2-wallet-web/tests/unit/components/TokenLogo.spec.d.ts
[vite:dts] Outside emitted: /Users/mtakemiya/dev/polkaswap-exchange-web/packages/sora2-wallet-web/tests/utils/TransactionHashViewMock.d.ts
[vite:dts] Outside emitted: /Users/mtakemiya/dev/polkaswap-exchange-web/packages/sora2-wallet-web/tests/unit/components/TransactionHashView.spec.d.ts
[vite:dts] Outside emitted: /Users/mtakemiya/dev/polkaswap-exchange-web/packages/sora2-wallet-web/tests/unit/components/Wallet.spec.d.ts
[vite:dts] Outside emitted: /Users/mtakemiya/dev/polkaswap-exchange-web/packages/sora2-wallet-web/tests/utils/WalletAccountMock.d.ts
[vite:dts] Outside emitted: /Users/mtakemiya/dev/polkaswap-exchange-web/packages/sora2-wallet-web/tests/unit/components/WalletAccount.spec.d.ts
[vite:dts] Outside emitted: /Users/mtakemiya/dev/polkaswap-exchange-web/packages/sora2-wallet-web/tests/unit/components/WalletAdarTxDetails.spec.d.ts
[vite:dts] Outside emitted: /Users/mtakemiya/dev/polkaswap-exchange-web/packages/sora2-wallet-web/tests/unit/components/WalletAssetDetails.spec.d.ts
[vite:dts] Outside emitted: /Users/mtakemiya/dev/polkaswap-exchange-web/packages/sora2-wallet-web/tests/unit/components/WalletAssets.spec.d.ts
[vite:dts] Outside emitted: /Users/mtakemiya/dev/polkaswap-exchange-web/packages/sora2-wallet-web/tests/unit/components/WalletAssetsHeadline.spec.d.ts
[vite:dts] Outside emitted: /Users/mtakemiya/dev/polkaswap-exchange-web/packages/sora2-wallet-web/tests/utils/WalletAvatarMock.d.ts
[vite:dts] Outside emitted: /Users/mtakemiya/dev/polkaswap-exchange-web/packages/sora2-wallet-web/tests/unit/components/WalletAvatar.spec.d.ts
[vite:dts] Outside emitted: /Users/mtakemiya/dev/polkaswap-exchange-web/packages/sora2-wallet-web/tests/unit/components/WalletBase.spec.d.ts
[vite:dts] Outside emitted: /Users/mtakemiya/dev/polkaswap-exchange-web/packages/sora2-wallet-web/tests/utils/WalletConnectionMock.d.ts
[vite:dts] Outside emitted: /Users/mtakemiya/dev/polkaswap-exchange-web/packages/sora2-wallet-web/tests/unit/components/WalletConnection.spec.d.ts
[vite:dts] Outside emitted: /Users/mtakemiya/dev/polkaswap-exchange-web/packages/sora2-wallet-web/tests/utils/WalletFeeMock.d.ts
[vite:dts] Outside emitted: /Users/mtakemiya/dev/polkaswap-exchange-web/packages/sora2-wallet-web/tests/unit/components/WalletFee.spec.d.ts
[vite:dts] Outside emitted: /Users/mtakemiya/dev/polkaswap-exchange-web/packages/sora2-wallet-web/tests/unit/components/WalletHistory.spec.d.ts
[vite:dts] Outside emitted: /Users/mtakemiya/dev/polkaswap-exchange-web/packages/sora2-wallet-web/tests/utils/WalletSendMock.d.ts
[vite:dts] Outside emitted: /Users/mtakemiya/dev/polkaswap-exchange-web/packages/sora2-wallet-web/tests/unit/components/WalletSend.spec.d.ts
[vite:dts] Outside emitted: /Users/mtakemiya/dev/polkaswap-exchange-web/packages/sora2-wallet-web/tests/unit/components/WalletTransactionDetails.spec.d.ts
[vite:dts] Outside emitted: /Users/mtakemiya/dev/polkaswap-exchange-web/packages/sora2-wallet-web/tests/unit/services/notification.spec.d.ts
[vite:dts] Outside emitted: /Users/mtakemiya/dev/polkaswap-exchange-web/packages/sora2-wallet-web/tests/unit/services/walletconnect/appkit.spec.d.ts
[vite:dts] Outside emitted: /Users/mtakemiya/dev/polkaswap-exchange-web/packages/sora2-wallet-web/tests/unit/util/image.spec.d.ts
[vite:dts] Outside emitted: /Users/mtakemiya/dev/polkaswap-exchange-web/packages/sora2-wallet-web/tests/unit/util/security.spec.d.ts
[vite:dts] Outside emitted: /Users/mtakemiya/dev/polkaswap-exchange-web/packages/sora2-wallet-web/tests/utils/NetworkFeesMock.d.ts
No name was provided for external module "pinia" in "output.globals" – guessing "pinia".
No name was provided for external module "vite-plugin-node-polyfills/shims/process" in "output.globals" – guessing "process".
Building production assets (IPFS-friendly base path)...
vite v7.1.9 building for production...
transforming...
✓ 9224 modules transformed.
rendering chunks...
computing gzip size...
dist/index.html                                                              5.48 kB │ gzip:     1.65 kB
dist/assets/sora-CD2rsZAf.svg                                                9.01 kB │ gzip:     3.44 kB
dist/assets/moonbase-Ch50vbhU.svg                                           10.01 kB │ gzip:     3.56 kB
dist/assets/alphanet-COv5kyHh.svg                                           10.01 kB │ gzip:     3.57 kB
dist/assets/sora-app-right-VrcPFEb_.png                                     10.67 kB
dist/assets/rococo-DD5r6ehu.svg                                             15.78 kB │ gzip:    11.48 kB
dist/assets/sora-app-left-CWGG7txU.png                                      16.56 kB
dist/assets/astar-Cy3aWGPY.svg                                              22.01 kB │ gzip:     5.59 kB
dist/assets/soratopia-CCKLnFxS.png                                          40.94 kB
dist/assets/header-hbWBFFq8.png                                             44.06 kB
dist/assets/sora-card-MzKMvWWo.png                                          56.75 kB
dist/assets/Sora-VariableFont_wght-BUZ7hlw5.ttf                            110.22 kB
dist/assets/VaultsContainer-Bpz_CaJO.css                                     0.06 kB │ gzip:     0.08 kB
dist/assets/EvmConnectButton-CeFeZ72w.css                                    0.07 kB │ gzip:     0.09 kB
dist/assets/CedeStore-D74XPBXt.css                                           0.07 kB │ gzip:     0.08 kB
dist/assets/Swap-JEORblNB.css                                                0.08 kB │ gzip:     0.10 kB
dist/assets/SelectNodeDialog-BOyMIdi_.css                                    0.10 kB │ gzip:     0.10 kB
dist/assets/StatisticsDialog-DGcn_5DW.css                                    0.11 kB │ gzip:     0.10 kB
dist/assets/TransactionDetails-yvEXgkG7.css                                  0.11 kB │ gzip:     0.12 kB
dist/assets/Pool-CffK6KQS.css                                                0.11 kB │ gzip:     0.11 kB
dist/assets/DataContainer-BgxZS3aW.css                                       0.13 kB │ gzip:     0.11 kB
dist/assets/DialogTitle-DpwVgYAr.css                                         0.14 kB │ gzip:     0.12 kB
dist/assets/Settings-DLJCoiN5.css                                            0.15 kB │ gzip:     0.13 kB
dist/assets/SelectValidators-CHJh8A-r.css                                    0.16 kB │ gzip:     0.15 kB
dist/assets/SelectAddress-BBLV9BF5.css                                       0.16 kB │ gzip:     0.14 kB
dist/assets/TransferNotification-CRaY9jfE.css                                0.18 kB │ gzip:     0.15 kB
dist/assets/MarketAlgorithm-Doe1zg2O.css                                     0.19 kB │ gzip:     0.10 kB
dist/assets/Confirmation-BpGZX4Gc.css                                        0.20 kB │ gzip:     0.15 kB
dist/assets/BalanceIndicator-CMaHNFry.css                                    0.22 kB │ gzip:     0.17 kB
dist/assets/SoraCard-MjBo65C3.css                                            0.23 kB │ gzip:     0.17 kB
dist/assets/SvgIconButton-BdZ-KF8n.css                                       0.25 kB │ gzip:     0.13 kB
dist/assets/SelectSubAccount-BwsY9n_1.css                                    0.25 kB │ gzip:     0.13 kB
dist/assets/StakingHeader-BRpxzRib.css                                       0.26 kB │ gzip:     0.18 kB
dist/assets/BlockedDialog-CX8UJ5TM.css                                       0.27 kB │ gzip:     0.17 kB
dist/assets/EnableDialog-M8Y0mA7r.css                                        0.27 kB │ gzip:     0.17 kB
dist/assets/LocalStorageOverride-DhOP1qxD.css                                0.27 kB │ gzip:     0.17 kB
dist/assets/TransactionDetails-CWOXk-jt.css                                  0.28 kB │ gzip:     0.19 kB
dist/assets/DataRow-D8yxd2Gj.css                                             0.29 kB │ gzip:     0.16 kB
dist/assets/PriceChange-Bhp-OJSU.css                                         0.32 kB │ gzip:     0.19 kB
dist/assets/MSTWarningBridge-Dr8ewmDY.css                                    0.32 kB │ gzip:     0.18 kB
dist/assets/PoolInfo-C6H7VpFv.css                                            0.33 kB │ gzip:     0.18 kB
dist/assets/Stats-CDMnYTxH.css                                               0.33 kB │ gzip:     0.21 kB
dist/assets/ValidatorAvatar-DNzBuuH3.css                                     0.34 kB │ gzip:     0.20 kB
dist/assets/IFrame-778orDh2.css                                              0.37 kB │ gzip:     0.24 kB
dist/assets/LinksDropdown-CLfWti2h.css                                       0.39 kB │ gzip:     0.24 kB
dist/assets/GradientBox-sA-7AMii.css                                         0.41 kB │ gzip:     0.24 kB
dist/assets/Wallet-DQRBm76_.css                                              0.42 kB │ gzip:     0.23 kB
dist/assets/SortButton-BM8CIoh2.css                                          0.43 kB │ gzip:     0.24 kB
dist/assets/CancelOrders-DnnpuMIs.css                                        0.46 kB │ gzip:     0.26 kB
dist/assets/PriceChart-CQziqvbf.css                                          0.46 kB │ gzip:     0.25 kB
dist/assets/PairTokenLogo-BtNTQTSC.css                                       0.46 kB │ gzip:     0.21 kB
dist/assets/DepositTxHistory-CWCue5bd.css                                    0.48 kB │ gzip:     0.19 kB
dist/assets/Header-DiE98zIA.css                                              0.48 kB │ gzip:     0.26 kB
dist/assets/ItemTooltip-UpYRJ-Rw.css                                         0.53 kB │ gzip:     0.27 kB
dist/assets/PaymentError-QSwln1D-.css                                        0.54 kB │ gzip:     0.26 kB
dist/assets/ClaimDialog-DhipYl2w.css                                         0.54 kB │ gzip:     0.25 kB
dist/assets/Tabs-BiinHzE0.css                                                0.55 kB │ gzip:     0.26 kB
dist/assets/SelectAsset-bq5us00O.css                                         0.55 kB │ gzip:     0.29 kB
dist/assets/AssetOwnerDetails-CrQ6BttY.css                                   0.57 kB │ gzip:     0.24 kB
dist/assets/NodeIcon-2RcaoqsZ.css                                            0.57 kB │ gzip:     0.20 kB
dist/assets/StatsFilter-BMBFfUjI.css                                         0.57 kB │ gzip:     0.31 kB
dist/assets/CalculatorDialog-Bu5xBvED.css                                    0.57 kB │ gzip:     0.28 kB
dist/assets/TokensRow-CiKsJ_wQ.css                                           0.58 kB │ gzip:     0.25 kB
dist/assets/BurnDialog-C3koyF70.css                                          0.58 kB │ gzip:     0.29 kB
dist/assets/ProgressCard-BKD3ZKIy.css                                        0.60 kB │ gzip:     0.28 kB
dist/assets/CalculatorButton--xAWktV1.css                                    0.61 kB │ gzip:     0.31 kB
dist/assets/ToSDialog-C6YHXdNF.css                                           0.62 kB │ gzip:     0.33 kB
dist/assets/PlaceOrder-BghBZ4Ip.css                                          0.62 kB │ gzip:     0.33 kB
dist/assets/ConfirmBonding-DyJ3Vrvg.css                                      0.63 kB │ gzip:     0.29 kB
dist/assets/LimitCard-fMHatHs8.css                                           0.64 kB │ gzip:     0.30 kB
dist/assets/ValidatorsDialog-DsrMH_Ga.css                                    0.64 kB │ gzip:     0.27 kB
dist/assets/NetworkStats-Wu8UgFZi.css                                        0.68 kB │ gzip:     0.33 kB
dist/assets/AmountHeader-DQdfvSZI.css                                        0.69 kB │ gzip:     0.29 kB
dist/assets/MstNotificationTrxs-BtnMHU6v.css                                 0.70 kB │ gzip:     0.32 kB
dist/assets/FirstTxCard-BL3Cu_cU.css                                         0.72 kB │ gzip:     0.32 kB
dist/assets/ValidatorsAttentionDialog-Bf8pHxG7.css                           0.72 kB │ gzip:     0.33 kB
dist/assets/BlockedRotatePhone-CfDx4P8C.css                                  0.73 kB │ gzip:     0.31 kB
dist/assets/SelectValidatorsMode-BkNuSO1k.css                                0.77 kB │ gzip:     0.36 kB
dist/assets/KycView-DGngeejD.css                                             0.78 kB │ gzip:     0.38 kB
dist/assets/Email-DwLTWXsL.css                                               0.79 kB │ gzip:     0.32 kB
dist/assets/StatusActionBadge-BdqWYGks.css                                   0.81 kB │ gzip:     0.40 kB
dist/assets/ValidatorsType-Dtn6Dc3g.css                                      0.83 kB │ gzip:     0.39 kB
dist/assets/MarketTradesWidget-BmP556SQ.css                                  0.83 kB │ gzip:     0.32 kB
dist/assets/AccelerationAccessDialog-CAQZ_4pt.css                            0.88 kB │ gzip:     0.37 kB
dist/assets/ValueStatusWrapper-D3_dDbhr.css                                  0.88 kB │ gzip:     0.28 kB
dist/assets/ConfirmBridgeTransaction-ChTKX3jx.css                            0.90 kB │ gzip:     0.37 kB
dist/assets/RotatePhoneDialog-CM8R6thJ.css                                   0.92 kB │ gzip:     0.38 kB
dist/assets/Confirm-jVkBCuw0.css                                             0.93 kB │ gzip:     0.38 kB
dist/assets/Container-ys0Eyttf.css                                           0.96 kB │ gzip:     0.39 kB
dist/assets/Customise-DSATwE1x.css                                           0.96 kB │ gzip:     0.37 kB
dist/assets/GenericPageHeader-BlB9-OMA.css                                   0.97 kB │ gzip:     0.40 kB
dist/assets/SelectCountryDialog-C2tZ5VgX.css                                 1.00 kB │ gzip:     0.37 kB
dist/assets/PoolCard-zs0vCj9H.css                                            1.07 kB │ gzip:     0.40 kB
dist/assets/AccountPanel-Di5KbBux.css                                        1.11 kB │ gzip:     0.45 kB
dist/assets/SoraCardKYC-CDVuqS0M.css                                         1.12 kB │ gzip:     0.52 kB
dist/assets/ValidatorsFilterDialog-BWwUCMhv.css                              1.14 kB │ gzip:     0.47 kB
dist/assets/SelectLanguageDialog-kheuflgR.css                                1.16 kB │ gzip:     0.40 kB
dist/assets/TransactionDetails-C-c0IAtz.css                                  1.16 kB │ gzip:     0.42 kB
dist/assets/ConfirmInviteUser-2iI-3nAj.css                                   1.19 kB │ gzip:     0.40 kB
dist/assets/WithdrawDialog-DPl-0Z8r.css                                      1.25 kB │ gzip:     0.49 kB
dist/assets/StatusBadge-DIdnVd1s.css                                         1.26 kB │ gzip:     0.49 kB
dist/assets/Payment-BE3NtddY.css                                             1.27 kB │ gzip:     0.49 kB
dist/assets/SelectCurrencyDialog-CeJGTaqz.css                                1.29 kB │ gzip:     0.41 kB
dist/assets/Guidance-BMfLjtEs.css                                            1.29 kB │ gzip:     0.46 kB
dist/assets/HistoryOrderWidget-DvtsIc1R.css                                  1.29 kB │ gzip:     0.42 kB
dist/assets/StakeDialog-BayEQ5F3.css                                         1.34 kB │ gzip:     0.47 kB
dist/assets/Form-DZtgzAFk.css                                                1.36 kB │ gzip:     0.47 kB
dist/assets/AppLogoButton-Bpy4jr4V.css                                       1.40 kB │ gzip:     0.64 kB
dist/assets/SelectNetwork-BqklJth5.css                                       1.42 kB │ gzip:     0.49 kB
dist/assets/Base-BiBHLwOJ.css                                                1.42 kB │ gzip:     0.50 kB
dist/assets/AppDisclaimer-DpwSCc4Y.css                                       1.42 kB │ gzip:     0.57 kB
dist/assets/DepositOptions-jCvG9NCe.css                                      1.43 kB │ gzip:     0.50 kB
dist/assets/TermsAndConditions-BDHPVrt4.css                                  1.44 kB │ gzip:     0.51 kB
dist/assets/SetLimitOrderWidget-D4Uvl1ar.css                                 1.49 kB │ gzip:     0.39 kB
dist/assets/NodeInfo-DXmGzNh9.css                                            1.53 kB │ gzip:     0.54 kB
dist/assets/OrderBook-BidP2PmS.css                                           1.61 kB │ gzip:     0.43 kB
dist/assets/Distribution-BQoj_M3o.css                                        1.64 kB │ gzip:     0.56 kB
dist/assets/TaskCard-LcZEt8qK.css                                            1.73 kB │ gzip:     0.51 kB
dist/assets/AppMarketing-DZz-7GxQ.css                                        1.75 kB │ gzip:     0.56 kB
dist/assets/StakeDialog-CKBde5pi.css                                         1.78 kB │ gzip:     0.60 kB
dist/assets/MoonpayHistory-BBE1S0yz.css                                      1.79 kB │ gzip:     0.56 kB
dist/assets/PairListPopover-BxN_kt8y.css                                     1.89 kB │ gzip:     0.61 kB
dist/assets/ResponsiveTabs-CVuV6zrN.css                                      1.91 kB │ gzip:     0.45 kB
dist/assets/SelectNode-DhC5j0Co.css                                          1.97 kB │ gzip:     0.60 kB
dist/assets/Bridge-C_Y4MoSv.css                                              2.01 kB │ gzip:     0.69 kB
dist/assets/SelectIndexer-IW20kVxL.css                                       2.04 kB │ gzip:     0.56 kB
dist/assets/CreateAlert-BS9yjl1A.css                                         2.04 kB │ gzip:     0.62 kB
dist/assets/VaultDetails-CcX_u05y.css                                        2.05 kB │ gzip:     0.62 kB
dist/assets/ChartSkeleton-CD5Lar_l.css                                       2.07 kB │ gzip:     0.67 kB
dist/assets/OrderTable-CWmAyp8b.css                                          2.10 kB │ gzip:     0.61 kB
dist/assets/ClaimRewardsDialog-DC1a6uDi.css                                  2.12 kB │ gzip:     0.70 kB
dist/assets/RewardsTabs-CXnnbCPv.css                                         2.14 kB │ gzip:     0.48 kB
dist/assets/Phone-vKDpcou_.css                                               2.16 kB │ gzip:     0.69 kB
dist/assets/AlertList-CYGwOKCJ.css                                           2.20 kB │ gzip:     0.62 kB
dist/assets/PointCard-BNsj6qsf.css                                           2.23 kB │ gzip:     0.58 kB
dist/assets/AmountTable-C6-J-c7V.css                                         2.23 kB │ gzip:     0.62 kB
dist/assets/Burn-CPL4IczY.css                                                2.27 kB │ gzip:     0.65 kB
dist/assets/Pool-Dhyyyysz.css                                                2.28 kB │ gzip:     0.70 kB
dist/assets/SelectToken-Bz2P5TQc.css                                         2.31 kB │ gzip:     0.61 kB
dist/assets/Overview-xgR4S5qs.css                                            2.34 kB │ gzip:     0.78 kB
dist/assets/AssetOwner-D8oksIpA.css                                          2.36 kB │ gzip:     0.52 kB
dist/assets/Rewards-DgwdR7Qy.css                                             2.41 kB │ gzip:     0.68 kB
dist/assets/TokenSelectButton-BIXxD7zT.css                                   2.46 kB │ gzip:     0.46 kB
dist/assets/BookWidget-icTcomli.css                                          2.52 kB │ gzip:     0.86 kB
dist/assets/Dashboard-C-aWv9kG.css                                           2.66 kB │ gzip:     0.68 kB
dist/assets/ConfirmationInfo-sBjv1qbR.css                                    2.71 kB │ gzip:     0.79 kB
dist/assets/List-CvRe1nGV.css                                                2.81 kB │ gzip:     1.07 kB
dist/assets/TokenInput-BTt2HZIr.css                                          2.84 kB │ gzip:     0.81 kB
dist/assets/SlippageTolerance-CvEH2m_G.css                                   2.84 kB │ gzip:     0.81 kB
dist/assets/TaskDialog-COi8hZZG.css                                          2.94 kB │ gzip:     0.74 kB
dist/assets/Staking-BuNGMQxQ.css                                             2.98 kB │ gzip:     0.79 kB
dist/assets/Vaults-BaolnUGN.css                                              2.98 kB │ gzip:     0.77 kB
dist/assets/MobilePopup-Cp4PZTTJ.css                                         3.06 kB │ gzip:     1.44 kB
dist/assets/PendingRewardsDialog-CI08KlC_.css                                3.16 kB │ gzip:     0.86 kB
dist/assets/AllWithdrawsDialog-BwRMt5rP.css                                  3.18 kB │ gzip:     0.88 kB
dist/assets/Grid-cm3IUyDt.css                                                3.23 kB │ gzip:     1.29 kB
dist/assets/BridgeTransactionsHistory-D6RaLOaF.css                           3.34 kB │ gzip:     0.97 kB
dist/assets/PointSystemV2-B73lZYau.css                                       4.73 kB │ gzip:     1.18 kB
dist/assets/PointSystem-Cb24DwjL.css                                         4.83 kB │ gzip:     1.53 kB
dist/assets/ValidatorsList-B0_fPZ8x.css                                      5.07 kB │ gzip:     1.20 kB
dist/assets/SoraCardIntroPage-O7yUiAYa.css                                   5.58 kB │ gzip:     2.02 kB
dist/assets/BridgeTransaction-CqXZpW3z.css                                   7.06 kB │ gzip:     2.13 kB
dist/assets/Books-Dupfl_8t.css                                               7.38 kB │ gzip:     1.17 kB
dist/assets/Tokens-DY7L6z-E.css                                              7.55 kB │ gzip:     1.24 kB
dist/assets/Transactions-vLljDSvA.css                                        7.65 kB │ gzip:     1.25 kB
dist/assets/ReferralProgram-Dsd1vUIZ.css                                    10.50 kB │ gzip:     2.39 kB
dist/assets/index-ClhD0gNz.css                                             233.47 kB │ gzip:    44.55 kB
dist/assets/empty-73bf2089-7KI713n1.js                                       0.03 kB │ gzip:     0.05 kB
dist/assets/NavigationUtil-kj9LEOOd-DVa76Rem.js                              0.06 kB │ gzip:     0.08 kB
dist/assets/consts-lPM2p5U7.js                                               0.07 kB │ gzip:     0.08 kB
dist/assets/NavigationUtil-DmfK5sOV.js                                       0.07 kB │ gzip:     0.09 kB
dist/assets/icons-BcLzFrMT.js                                                0.09 kB │ gzip:     0.09 kB
dist/assets/if-defined-DgIoGpc1-BpRFTkQ2.js                                  0.16 kB │ gzip:     0.16 kB
dist/assets/if-defined-f17jwy2o.js                                           0.16 kB │ gzip:     0.16 kB
dist/assets/tabs-B3l8HvCx.js                                                 0.18 kB │ gzip:     0.14 kB
dist/assets/AppAccountButton-DupOj-R3.js                                     0.19 kB │ gzip:     0.16 kB
dist/assets/AppHeaderMenu-COlnBunJ.js                                        0.19 kB │ gzip:     0.15 kB
dist/assets/Sora-B49dVazQ.js                                                 0.19 kB │ gzip:     0.16 kB
dist/assets/consts-Bf-kzBRE.js                                               0.22 kB │ gzip:     0.15 kB
dist/assets/ItemTooltip-CGd0Yh_P.js                                          0.25 kB │ gzip:     0.19 kB
dist/assets/Moonpay-cxGNBVen.js                                              0.25 kB │ gzip:     0.20 kB
dist/assets/CedeStore-9DVqNHbV.js                                            0.26 kB │ gzip:     0.20 kB
dist/assets/Polkaswap-CfF22r5H.js                                            0.26 kB │ gzip:     0.19 kB
dist/assets/orderBook-CD80zLk1.js                                            0.27 kB │ gzip:     0.20 kB
dist/assets/StakingContainer-BD5UkK-5.js                                     0.30 kB │ gzip:     0.24 kB
dist/assets/MarketAlgorithm-BmdVopGj.js                                      0.31 kB │ gzip:     0.23 kB
dist/assets/BarChart-BodFn0mh.js                                             0.32 kB │ gzip:     0.23 kB
dist/assets/TvlChart-B1fKlBnP.js                                             0.32 kB │ gzip:     0.23 kB
dist/assets/SupplyChart-BOxulGIq.js                                          0.32 kB │ gzip:     0.23 kB
dist/assets/useSearchInput-DjkHWX4m.js                                       0.33 kB │ gzip:     0.25 kB
dist/assets/swap-DwBW4Ofs.js                                                 0.33 kB │ gzip:     0.26 kB
dist/assets/useConfirmDialog-BFPaZQdm.js                                     0.36 kB │ gzip:     0.26 kB
dist/assets/OrderTable-Dc8ynWhT.js                                           0.37 kB │ gzip:     0.25 kB
dist/assets/networkMd-CjqPfcyN.js                                            0.50 kB │ gzip:     0.31 kB
dist/assets/CalculatorButton-CljHWCot.js                                     0.50 kB │ gzip:     0.34 kB
dist/assets/ErrorButton-D6DrEjxE.js                                          0.50 kB │ gzip:     0.35 kB
dist/assets/GradientBox-B0MJ5Gp0.js                                          0.52 kB │ gzip:     0.38 kB
dist/assets/CustomisePage-CzIyH81j.js                                        0.57 kB │ gzip:     0.37 kB
dist/assets/PoolInfo-HgdkrJ8m.js                                             0.57 kB │ gzip:     0.36 kB
dist/assets/useCopyAddress-oU4nmd4X.js                                       0.57 kB │ gzip:     0.38 kB
dist/assets/useNumberFormatter-DQH0Nbmp.js                                   0.57 kB │ gzip:     0.33 kB
dist/assets/BackButton-BpJBYAE3.js                                           0.58 kB │ gzip:     0.41 kB
dist/assets/useSwapAmounts-UCR9Z9m2.js                                       0.64 kB │ gzip:     0.33 kB
dist/assets/useValidatorsFormatting-0XxElzY-.js                              0.64 kB │ gzip:     0.43 kB
dist/assets/useSelectAssetTools-D_FYYQvR.js                                  0.66 kB │ gzip:     0.41 kB
dist/assets/useWidgetTokenSelect-DWEzehRE.js                                 0.67 kB │ gzip:     0.42 kB
dist/assets/HelpersUtil-DupDrMf7.js                                          0.68 kB │ gzip:     0.45 kB
dist/assets/StatusBadge-D12HoAJd.js                                          0.70 kB │ gzip:     0.46 kB
dist/assets/StakingHeader-D1m4_vNQ.js                                        0.72 kB │ gzip:     0.48 kB
dist/assets/FirstTxCard-Co3L-8BH.js                                          0.73 kB │ gzip:     0.46 kB
dist/assets/DataRow-BzqumWCw.js                                              0.73 kB │ gzip:     0.44 kB
dist/assets/metrics-BybFj4-J.js                                              0.74 kB │ gzip:     0.50 kB
dist/assets/StatusActionBadge-C2vpnotr.js                                    0.74 kB │ gzip:     0.44 kB
dist/assets/AppLogoButton-D-ZFb0M9.js                                        0.75 kB │ gzip:     0.48 kB
dist/assets/me-DDkh2mH2.js                                                   0.76 kB │ gzip:     0.45 kB
dist/assets/bs-BKcQiCc8.js                                                   0.77 kB │ gzip:     0.46 kB
dist/assets/IFrame-CfwF0krc.js                                               0.77 kB │ gzip:     0.51 kB
dist/assets/rw-BisInrzh.js                                                   0.79 kB │ gzip:     0.49 kB
dist/assets/NetworkSelector-qPf7Gl2-.js                                      0.79 kB │ gzip:     0.50 kB
dist/assets/tzl-CggSyJY9.js                                                  0.80 kB │ gzip:     0.49 kB
dist/assets/TokensRow-BeAjBmKw.js                                            0.80 kB │ gzip:     0.52 kB
dist/assets/lb-DWJDjEcY.js                                                   0.81 kB │ gzip:     0.49 kB
dist/assets/AssetOwnerContainer-CFefYqXX.js                                  0.81 kB │ gzip:     0.51 kB
dist/assets/gom-latn-BjJv1eUl.js                                             0.84 kB │ gzip:     0.48 kB
dist/assets/PoolContainer-DbNdJUwg.js                                        0.85 kB │ gzip:     0.45 kB
dist/assets/PairTokenLogo-BnF8rRzp.js                                        0.85 kB │ gzip:     0.50 kB
dist/assets/ValidatorAvatar-DpAA8hw1.js                                      0.85 kB │ gzip:     0.53 kB
dist/assets/DataContainer-Cx3KAf9r.js                                        0.87 kB │ gzip:     0.47 kB
dist/assets/snapshots-B8F7163b.js                                            0.88 kB │ gzip:     0.46 kB
dist/assets/StatusBadge-CJWdMQLu.js                                          0.89 kB │ gzip:     0.53 kB
dist/assets/TransactionDetails-CiI0tE1f.js                                   0.92 kB │ gzip:     0.57 kB
dist/assets/ht-c0RZRzw8.js                                                   0.92 kB │ gzip:     0.54 kB
dist/assets/bi-BDTvVxAO.js                                                   0.93 kB │ gzip:     0.53 kB
dist/assets/LinksDropdown-BIZyiYdI.js                                        0.93 kB │ gzip:     0.59 kB
dist/assets/ms-CrJWFqBR.js                                                   0.93 kB │ gzip:     0.55 kB
dist/assets/en-il-25m0W07b.js                                                0.93 kB │ gzip:     0.54 kB
dist/assets/en-ca-D52vOejC.js                                                0.94 kB │ gzip:     0.55 kB
dist/assets/SortButton-uBXbK0Yn.js                                           0.94 kB │ gzip:     0.55 kB
dist/assets/en-ie-Be_Fxr-P.js                                                0.94 kB │ gzip:     0.55 kB
dist/assets/en-sg-CmsAhxmk.js                                                0.94 kB │ gzip:     0.55 kB
dist/assets/ms-my-9nsBPm3k.js                                                0.95 kB │ gzip:     0.56 kB
dist/assets/uz-latn-BL0c_-hy.js                                              0.95 kB │ gzip:     0.54 kB
dist/assets/tr-Ci4EG2Dd.js                                                   0.95 kB │ gzip:     0.57 kB
dist/assets/id-BWAMlpc2.js                                                   0.95 kB │ gzip:     0.56 kB
dist/assets/af-D7cmdt7i.js                                                   0.95 kB │ gzip:     0.56 kB
dist/assets/tet-CsCZRu-Z.js                                                  0.95 kB │ gzip:     0.55 kB
dist/assets/ro-DaFSMSaV.js                                                   0.96 kB │ gzip:     0.57 kB
dist/assets/it-ch-Bp9CY98b.js                                                0.96 kB │ gzip:     0.57 kB
dist/assets/sq-CYO3U591.js                                                   0.96 kB │ gzip:     0.56 kB
dist/assets/mt-CsSZbU1A.js                                                   0.96 kB │ gzip:     0.60 kB
dist/assets/Tabs-dQzIpM-n.js                                                 0.96 kB │ gzip:     0.59 kB
dist/assets/it-BNH-VHT7.js                                                   0.96 kB │ gzip:     0.57 kB
dist/assets/useNetworkFeeWarning-CD9ib8y_.js                                 0.96 kB │ gzip:     0.57 kB
dist/assets/cy-BS9eJc1t.js                                                   0.97 kB │ gzip:     0.58 kB
dist/assets/fr-ca-CDW-IrU-.js                                                0.97 kB │ gzip:     0.55 kB
dist/assets/nn-o-MM12B5.js                                                   0.97 kB │ gzip:     0.55 kB
dist/assets/Header-CCy5pfuW.js                                               0.97 kB │ gzip:     0.60 kB
dist/assets/sw-B9d6zbpX.js                                                   0.97 kB │ gzip:     0.57 kB
dist/assets/tk-CZEwI6mH.js                                                   0.97 kB │ gzip:     0.56 kB
dist/assets/eo-CbeTbpAO.js                                                   0.97 kB │ gzip:     0.57 kB
dist/assets/oc-lnc-8XcXbxBM.js                                               0.97 kB │ gzip:     0.57 kB
dist/assets/fy-tHm5272b.js                                                   0.98 kB │ gzip:     0.57 kB
dist/assets/fr-ch-oeoBgr4-.js                                                0.98 kB │ gzip:     0.56 kB
dist/assets/es-mx-CrNNsgD2.js                                                0.98 kB │ gzip:     0.56 kB
dist/assets/ItemTooltip.vue_vue_type_style_index_0_lang-BzJlxAKf.js          0.98 kB │ gzip:     0.57 kB
dist/assets/ValueStatusWrapper-Cxi6DpPu.js                                   0.98 kB │ gzip:     0.59 kB
dist/assets/jv-_HJanqUB.js                                                   0.98 kB │ gzip:     0.57 kB
dist/assets/tl-ph-KEgehXcR.js                                                0.98 kB │ gzip:     0.56 kB
dist/assets/nl-be-CnLS6e64.js                                                0.99 kB │ gzip:     0.57 kB
dist/assets/es-us-BfqKvl_R.js                                                0.99 kB │ gzip:     0.56 kB
dist/assets/be-BjgwrDYV.js                                                   0.99 kB │ gzip:     0.55 kB
dist/assets/es-DKi6y2Jp.js                                                   0.99 kB │ gzip:     0.58 kB
dist/assets/nb-Bo0a5wEL.js                                                   0.99 kB │ gzip:     0.56 kB
dist/assets/fo-BcFBJsnN.js                                                   0.99 kB │ gzip:     0.58 kB
dist/assets/gl-ZABOOL0G.js                                                   0.99 kB │ gzip:     0.58 kB
dist/assets/useDemeterPage-eeY4wnS-.js                                       1.00 kB │ gzip:     0.53 kB
dist/assets/az-CUJXxIV1.js                                                   1.00 kB │ gzip:     0.58 kB
dist/assets/es-do-BwZXnYQb.js                                                1.00 kB │ gzip:     0.57 kB
dist/assets/es-pr-pzGimCNJ.js                                                1.00 kB │ gzip:     0.58 kB
dist/assets/da-CH_Hy7N4.js                                                   1.00 kB │ gzip:     0.58 kB
dist/assets/rn-BNQ3FRPP.js                                                   1.01 kB │ gzip:     0.58 kB
dist/assets/ss-C-hLWncf.js                                                   1.01 kB │ gzip:     0.59 kB
dist/assets/PriceChange-D8fbijzb.js                                          1.01 kB │ gzip:     0.63 kB
dist/assets/fr-Cquq8rdO.js                                                   1.01 kB │ gzip:     0.58 kB
dist/assets/nl-DNMT4YRu.js                                                   1.01 kB │ gzip:     0.59 kB
dist/assets/lv-BKsTNbV5.js                                                   1.01 kB │ gzip:     0.58 kB
dist/assets/NodeIcon-Bifn2AYY.js                                             1.01 kB │ gzip:     0.62 kB
dist/assets/pt-br-B7vEjXcX.js                                                1.02 kB │ gzip:     0.58 kB
dist/assets/en-au-CbbfkXGc.js                                                1.02 kB │ gzip:     0.60 kB
dist/assets/en-nz-CZjBlbAx.js                                                1.02 kB │ gzip:     0.61 kB
dist/assets/SetLimitOrderWidget-DCygHeT0.js                                  1.02 kB │ gzip:     0.63 kB
dist/assets/ar-ly-C2e7cip3.js                                                1.02 kB │ gzip:     0.53 kB
dist/assets/en-gb-Ovmm7zbJ.js                                                1.03 kB │ gzip:     0.60 kB
dist/assets/en-in-CIW9p9V0.js                                                1.03 kB │ gzip:     0.60 kB
dist/assets/en-tt-CqQ8VB_Q.js                                                1.03 kB │ gzip:     0.60 kB
dist/assets/Settings-Bb1z7YIt.js                                             1.03 kB │ gzip:     0.59 kB
dist/assets/ga-VKpo2NBU.js                                                   1.03 kB │ gzip:     0.61 kB
dist/assets/cv-BLiudTHj.js                                                   1.03 kB │ gzip:     0.56 kB
dist/assets/mi-CjIvLQu6.js                                                   1.04 kB │ gzip:     0.60 kB
dist/assets/pt-cjN72TCM.js                                                   1.04 kB │ gzip:     0.59 kB
dist/assets/DialogTitle-C905amP2.js                                          1.04 kB │ gzip:     0.58 kB
dist/assets/tzm-latn-CBt9Zl3Z.js                                             1.04 kB │ gzip:     0.53 kB
dist/assets/tlh-nfejwCxR.js                                                  1.05 kB │ gzip:     0.45 kB
dist/assets/gd-C_h_NuQa.js                                                   1.05 kB │ gzip:     0.62 kB
dist/assets/NetworkFeeWarning-B0loHxrK.js                                    1.07 kB │ gzip:     0.57 kB
dist/assets/sv-D7zhtNh9.js                                                   1.08 kB │ gzip:     0.61 kB
dist/assets/bm-7RYUf3X7.js                                                   1.08 kB │ gzip:     0.60 kB
dist/assets/ja-BvPHjWzA.js                                                   1.08 kB │ gzip:     0.56 kB
dist/assets/LimitCard-ClWpF2tq.js                                            1.08 kB │ gzip:     0.62 kB
dist/assets/VaultsContainer-epK6rbGM.js                                      1.08 kB │ gzip:     0.60 kB
dist/assets/SelectAddress-B-EOK0Bj.js                                        1.09 kB │ gzip:     0.65 kB
dist/assets/DepositTxHistory-CDDHPVGJ.js                                     1.09 kB │ gzip:     0.65 kB
dist/assets/ca-Ba5oHs88.js                                                   1.11 kB │ gzip:     0.63 kB
dist/assets/ko-D_tDZ-XX.js                                                   1.11 kB │ gzip:     0.57 kB
dist/assets/SvgIconButton-B5BLcQkN.js                                        1.11 kB │ gzip:     0.61 kB
dist/assets/PointSystemWrapper-Cbj10CkE.js                                   1.12 kB │ gzip:     0.57 kB
dist/assets/vi-EggMrvuC.js                                                   1.12 kB │ gzip:     0.60 kB
dist/assets/eu-CwXd1qGn.js                                                   1.13 kB │ gzip:     0.61 kB
dist/assets/se-CLcDuWbA.js                                                   1.13 kB │ gzip:     0.63 kB
dist/assets/sv-fi-HXo8F-ml.js                                                1.13 kB │ gzip:     0.63 kB
dist/assets/index-08f6a6bd-VKHbbUNz.js                                       1.13 kB │ gzip:     0.57 kB
dist/assets/MarketAlgorithm.vue_vue_type_style_index_0_lang-t8zaiXS3.js      1.15 kB │ gzip:     0.61 kB
dist/assets/yo-Fe-uAy5H.js                                                   1.15 kB │ gzip:     0.62 kB
dist/assets/SelectSoraAccount-fM4ovPXi.js                                    1.15 kB │ gzip:     0.63 kB
dist/assets/index-8f43ecdf-DlVOnSZU.js                                       1.15 kB │ gzip:     0.67 kB
dist/assets/index-00b95fd1-DTjWqn66.js                                       1.15 kB │ gzip:     0.62 kB
dist/assets/useFormattedAmount-BLgk08uv.js                                   1.16 kB │ gzip:     0.51 kB
dist/assets/x-pseudo-CNUixdXH.js                                             1.16 kB │ gzip:     0.69 kB
dist/assets/RewardsTabs-hQ79GJzA.js                                          1.16 kB │ gzip:     0.68 kB
dist/assets/tg-BrRFaD-A.js                                                   1.16 kB │ gzip:     0.65 kB
dist/assets/uz-BRbj3qAj.js                                                   1.17 kB │ gzip:     0.64 kB
dist/assets/useBridgeHistory-CJkvYFaf.js                                     1.17 kB │ gzip:     0.56 kB
dist/assets/useDemeterPoolStatus-i4ylFQya.js                                 1.17 kB │ gzip:     0.60 kB
dist/assets/StatusBadge-CSPiHob6.js                                          1.18 kB │ gzip:     0.66 kB
dist/assets/mk-D4idV07M.js                                                   1.19 kB │ gzip:     0.66 kB
dist/assets/ur-_T8ur3k_.js                                                   1.20 kB │ gzip:     0.58 kB
dist/assets/hr-DOxx7huT.js                                                   1.20 kB │ gzip:     0.68 kB
dist/assets/index-DHXThdsr-DD95PLTu.js                                       1.20 kB │ gzip:     0.68 kB
dist/assets/ValidatorsType-CpmE14LK.js                                       1.20 kB │ gzip:     0.73 kB
dist/assets/ar-kw-BLxcmBd7.js                                                1.20 kB │ gzip:     0.63 kB
dist/assets/sd-4gni030S.js                                                   1.20 kB │ gzip:     0.60 kB
dist/assets/ky-Ds-vZRmI.js                                                   1.20 kB │ gzip:     0.66 kB
dist/assets/kk-Dh3b91It.js                                                   1.21 kB │ gzip:     0.65 kB
dist/assets/Line-xWKbXGjX.js                                                 1.21 kB │ gzip:     0.77 kB
dist/assets/ar-ma-Dvyvw3m_.js                                                1.21 kB │ gzip:     0.64 kB
dist/assets/BlockedDialog-DcXNwMeG.js                                        1.21 kB │ gzip:     0.64 kB
dist/assets/ar-tn-Dt5am5v_.js                                                1.22 kB │ gzip:     0.64 kB
dist/assets/ar-dz-DmgqfvZP.js                                                1.22 kB │ gzip:     0.63 kB
dist/assets/ar-sa-RIcYcA_T.js                                                1.22 kB │ gzip:     0.63 kB
dist/assets/fa-Cv_7W_hY.js                                                   1.22 kB │ gzip:     0.59 kB
dist/assets/CancelOrders-CUNaQL2X.js                                         1.22 kB │ gzip:     0.69 kB
dist/assets/MstNotificationTrxs-DmCGq3qo.js                                  1.23 kB │ gzip:     0.73 kB
dist/assets/transactions-DuE-BIdj.js                                         1.23 kB │ gzip:     0.70 kB
dist/assets/index-Bu2kWUYT.js                                                1.24 kB │ gzip:     0.70 kB
dist/assets/de-ch-CzlGTxY3.js                                                1.24 kB │ gzip:     0.68 kB
dist/assets/PaymentError-iya0qYXG.js                                         1.24 kB │ gzip:     0.71 kB
dist/assets/de-at-B4TEgf3Z.js                                                1.25 kB │ gzip:     0.70 kB
dist/assets/de-DgCSezm0.js                                                   1.26 kB │ gzip:     0.70 kB
dist/assets/hy-am-zad8tFPE.js                                                1.26 kB │ gzip:     0.67 kB
dist/assets/mr-v6MDaReW.js                                                   1.26 kB │ gzip:     0.57 kB
dist/assets/index-DICTX30a.js                                                1.26 kB │ gzip:     0.72 kB
dist/assets/TokenPriceChart-B-Nv6IuN.js                                      1.26 kB │ gzip:     0.72 kB
dist/assets/zh-tw-BA9EAI3B.js                                                1.27 kB │ gzip:     0.70 kB
dist/assets/zh-hk-DGBSYLq5.js                                                1.27 kB │ gzip:     0.71 kB
dist/assets/EraCountdown-feFysipJ.js                                         1.28 kB │ gzip:     0.68 kB
dist/assets/AmountHeader-B7mqJ8Mw.js                                         1.29 kB │ gzip:     0.73 kB
dist/assets/am-D_FTQzfa.js                                                   1.29 kB │ gzip:     0.67 kB
dist/assets/SelectSubAccount-BBiStBC3.js                                     1.29 kB │ gzip:     0.69 kB
dist/assets/ar-iq-DBbndt7i.js                                                1.29 kB │ gzip:     0.65 kB
dist/assets/transactions-C1zuCUFy-BKlDb0yg.js                                1.30 kB │ gzip:     0.76 kB
dist/assets/el-CjzDQBrf.js                                                   1.30 kB │ gzip:     0.71 kB
dist/assets/zh-B1LeBH4u.js                                                   1.30 kB │ gzip:     0.73 kB
dist/assets/mn-C22iO5Sv.js                                                   1.30 kB │ gzip:     0.65 kB
dist/assets/AccelerationAccessDialog-DlQ8cuge.js                             1.30 kB │ gzip:     0.69 kB
dist/assets/zh-cn-xvDoebGu.js                                                1.30 kB │ gzip:     0.73 kB
dist/assets/bg-BM--FSne.js                                                   1.30 kB │ gzip:     0.72 kB
dist/assets/LocalStorageOverride-CPrt-Y-h.js                                 1.32 kB │ gzip:     0.68 kB
dist/assets/EvmConnectButton-Dc4-_7gw.js                                     1.32 kB │ gzip:     0.72 kB
dist/assets/MSTWarningBridge-tuurgzbT.js                                     1.32 kB │ gzip:     0.73 kB
dist/assets/et-uGWIqJIK.js                                                   1.33 kB │ gzip:     0.70 kB
dist/assets/br-DvHf6urJ.js                                                   1.33 kB │ gzip:     0.75 kB
dist/assets/Candle-Bcvo4pqA.js                                               1.33 kB │ gzip:     0.76 kB
dist/assets/index-CtnKIPdU-D_r3_xk0.js                                       1.33 kB │ gzip:     0.71 kB
dist/assets/Stats-BOrRadsv.js                                                1.33 kB │ gzip:     0.55 kB
dist/assets/SelectValidatorsMode-CY_148E3.js                                 1.34 kB │ gzip:     0.70 kB
dist/assets/ug-cn-BqdmKxuJ.js                                                1.35 kB │ gzip:     0.64 kB
dist/assets/index-Dq1EgAH3.js                                                1.35 kB │ gzip:     0.71 kB
dist/assets/index-CkAsfbcC-CYUjodAq.js                                       1.36 kB │ gzip:     0.74 kB
dist/assets/TransactionDetails-D2ioNQS5.js                                   1.36 kB │ gzip:     0.78 kB
dist/assets/LossWarningDialog-rVyqf24g.js                                    1.37 kB │ gzip:     0.73 kB
dist/assets/index-hfbrXiJD.js                                                1.39 kB │ gzip:     0.76 kB
dist/assets/ProgressCard-BjTAMqBJ.js                                         1.40 kB │ gzip:     0.70 kB
dist/assets/si-Z2grBCfL.js                                                   1.41 kB │ gzip:     0.68 kB
dist/assets/km-SKU0Q6Wi.js                                                   1.43 kB │ gzip:     0.65 kB
dist/assets/GenericPageHeader-BwMOslJX.js                                    1.43 kB │ gzip:     0.80 kB
dist/assets/useSubscriptions-BT1Dc0_e.js                                     1.43 kB │ gzip:     0.69 kB
dist/assets/AddLiquidity-2Tupg2c4.js                                         1.45 kB │ gzip:     0.82 kB
dist/assets/lo-Cp-MRVP7.js                                                   1.45 kB │ gzip:     0.64 kB
dist/assets/Notification-uqPGm010.js                                         1.46 kB │ gzip:     0.78 kB
dist/assets/hu-V9dcOzbv.js                                                   1.46 kB │ gzip:     0.64 kB
dist/assets/hi-Besabp_V.js                                                   1.47 kB │ gzip:     0.68 kB
dist/assets/pl-BLOmbH_5.js                                                   1.47 kB │ gzip:     0.82 kB
dist/assets/dv-DlCEpuNK.js                                                   1.49 kB │ gzip:     0.64 kB
dist/assets/useDemeterPoolCard-BKAq241Y.js                                   1.49 kB │ gzip:     0.69 kB
dist/assets/index-C3dyjDT6-CfNhJIKN.js                                       1.50 kB │ gzip:     0.75 kB
dist/assets/my-CqUQYCha.js                                                   1.51 kB │ gzip:     0.70 kB
dist/assets/cs-105O--je.js                                                   1.51 kB │ gzip:     0.76 kB
dist/assets/sk-Df9B3O6Y.js                                                   1.51 kB │ gzip:     0.76 kB
dist/assets/ka-D2FU-iRJ.js                                                   1.52 kB │ gzip:     0.66 kB
dist/assets/ar-Dw0QvE-c.js                                                   1.52 kB │ gzip:     0.84 kB
dist/assets/is-DVgQj10J.js                                                   1.53 kB │ gzip:     0.81 kB
dist/assets/th-CQaVLKPk.js                                                   1.53 kB │ gzip:     0.72 kB
dist/assets/pa-in-CD2chVgc.js                                                1.54 kB │ gzip:     0.65 kB
dist/assets/index-BNxRm_YP.js                                                1.54 kB │ gzip:     0.77 kB
dist/assets/CalculatorIcon-CKq1Nrqg.js                                       1.57 kB │ gzip:     0.90 kB
dist/assets/BalanceIndicator-D8wQ4QMD.js                                     1.57 kB │ gzip:     0.87 kB
dist/assets/te-BDXRjLSR.js                                                   1.57 kB │ gzip:     0.70 kB
dist/assets/useWalletConnect-CiSX57L1.js                                     1.57 kB │ gzip:     0.74 kB
dist/assets/Alerts-D4rG-LeS.js                                               1.58 kB │ gzip:     0.79 kB
dist/assets/gu-DdVnrShN.js                                                   1.59 kB │ gzip:     0.69 kB
dist/assets/EnableDialog-CjPynfbt.js                                         1.60 kB │ gzip:     0.84 kB
dist/assets/he-COBa2JLt.js                                                   1.61 kB │ gzip:     0.75 kB
dist/assets/kn-Dat_6YWX.js                                                   1.62 kB │ gzip:     0.69 kB
dist/assets/SelectLanguageDialog-DpGmfrXJ.js                                 1.62 kB │ gzip:     0.82 kB
dist/assets/ne-D9uko2Ow.js                                                   1.64 kB │ gzip:     0.74 kB
dist/assets/StatisticsDialog-DFeT5BNp.js                                     1.64 kB │ gzip:     0.87 kB
dist/assets/tzm-SNJe9OVG.js                                                  1.64 kB │ gzip:     0.61 kB
dist/assets/ku-BUvel7Uv.js                                                   1.67 kB │ gzip:     0.88 kB
dist/assets/fi-DXdqESgN.js                                                   1.68 kB │ gzip:     0.81 kB
dist/assets/MarketTradesWidget-DAebFx0y.js                                   1.68 kB │ gzip:     0.77 kB
dist/assets/ValidatorsAttentionDialog-IKsw7vkO.js                            1.70 kB │ gzip:     0.89 kB
dist/assets/TokenSelectButton-Rznt2_r9.js                                    1.71 kB │ gzip:     0.90 kB
dist/assets/ml-BB86dEoh.js                                                   1.71 kB │ gzip:     0.74 kB
dist/assets/sl-ulHjJl1g.js                                                   1.74 kB │ gzip:     0.79 kB
dist/assets/lt-DA4ybcxE.js                                                   1.75 kB │ gzip:     0.76 kB
dist/assets/TaskCard-CIZrfenh.js                                             1.75 kB │ gzip:     0.95 kB
dist/assets/ToSDialog-C7u8WF2z.js                                            1.76 kB │ gzip:     1.01 kB
dist/assets/BridgeContainer-D-8zbJwm.js                                      1.76 kB │ gzip:     0.88 kB
dist/assets/StatsFilter-0koIKRRw.js                                          1.78 kB │ gzip:     0.96 kB
dist/assets/sanitize-CsevUk4T.js                                             1.78 kB │ gzip:     0.96 kB
dist/assets/sr-B8BX6r-d.js                                                   1.79 kB │ gzip:     0.83 kB
dist/assets/Wallet-Bm9ZpX75.js                                               1.79 kB │ gzip:     0.93 kB
dist/assets/useSelectedTokensRoute-DNEIHQGe.js                               1.80 kB │ gzip:     0.91 kB
dist/assets/Confirmation-DcS8nNg6.js                                         1.80 kB │ gzip:     0.95 kB
dist/assets/ResponsiveTabs-BMlFT7bZ.js                                       1.81 kB │ gzip:     0.91 kB
dist/assets/index-QY0kGHxV-nl5Puw7X.js                                       1.84 kB │ gzip:     1.00 kB
dist/assets/ta-BeQNbUVj.js                                                   1.87 kB │ gzip:     0.71 kB
dist/assets/index-dB_SH6B_.js                                                1.87 kB │ gzip:     1.00 kB
dist/assets/SelectValidators-BKBg2BqO.js                                     1.88 kB │ gzip:     0.96 kB
dist/assets/index-955e6d2c-kJhAfTPe.js                                       1.88 kB │ gzip:     1.01 kB
dist/assets/PhCaretLeft-LcN4bWoG.js                                          1.88 kB │ gzip:     0.92 kB
dist/assets/AppMarketing-Cq5uUpDr.js                                         1.89 kB │ gzip:     0.99 kB
dist/assets/PhCaretLeft-DxHc6565-CoQXCLGY.js                                 1.89 kB │ gzip:     0.93 kB
dist/assets/ValidatorsFilterDialog-Os3qJnfl.js                               1.92 kB │ gzip:     0.94 kB
dist/assets/PhCaretDown-TAeTvpa5.js                                          1.94 kB │ gzip:     0.95 kB
dist/assets/PhCaretDown-DFNaFmRw-DD-Ld7pB.js                                 1.95 kB │ gzip:     0.96 kB
dist/assets/PhCaretRight-DNEs9RTt.js                                         1.96 kB │ gzip:     0.94 kB
dist/assets/PhCaretRight-7GAiRJ8J-EyileH6s.js                                1.97 kB │ gzip:     0.95 kB
dist/assets/Moonpay-BWv1IBbj.js                                              1.97 kB │ gzip:     1.08 kB
dist/assets/bn-MvC9QSxm.js                                                   1.97 kB │ gzip:     0.85 kB
dist/assets/Payment-CSIyndZ0.js                                              2.01 kB │ gzip:     1.06 kB
dist/assets/SoraCardKYC-BYZp6LCD.js                                          2.01 kB │ gzip:     0.95 kB
dist/assets/core-Cw0gu9jN.js                                                 2.02 kB │ gzip:     1.04 kB
dist/assets/PhCaretUp-DENXO7HP.js                                            2.02 kB │ gzip:     0.93 kB
dist/assets/PhCaretUp-D9kvRzrn-BnRhjR33.js                                   2.03 kB │ gzip:     0.94 kB
dist/assets/PhArrowUpRight-_nUyALIJ.js                                       2.06 kB │ gzip:     1.01 kB
dist/assets/MobilePopup-BZ3MLxDN.js                                          2.07 kB │ gzip:     1.05 kB
dist/assets/PhArrowUpRight-CfrM36sP-CIwfDikF.js                              2.07 kB │ gzip:     1.02 kB
dist/assets/uk-J1vdzSg1.js                                                   2.08 kB │ gzip:     1.02 kB
dist/assets/ConfirmBonding-2cmfC5EJ.js                                       2.08 kB │ gzip:     1.10 kB
dist/assets/PointCard-wzEzlmcA.js                                            2.09 kB │ gzip:     1.03 kB
dist/assets/PhArrowDown-sE0mUGcs.js                                          2.10 kB │ gzip:     1.01 kB
dist/assets/PhArrowDown-BsZyHQWf-CY9ha-qP.js                                 2.11 kB │ gzip:     1.02 kB
dist/assets/PhArrowRight-DUAIy7Fh.js                                         2.11 kB │ gzip:     1.00 kB
dist/assets/SelectIndexer-BYurmGLC.js                                        2.11 kB │ gzip:     0.96 kB
dist/assets/PhPlus-4Nw9uNRo.js                                               2.11 kB │ gzip:     0.95 kB
dist/assets/AccountPanel-CQvEi9_a.js                                         2.11 kB │ gzip:     0.97 kB
dist/assets/PhCheck-CEGOFdcy.js                                              2.11 kB │ gzip:     0.97 kB
dist/assets/PhPlus-CfcjievD-AOlg9S7X.js                                      2.12 kB │ gzip:     0.97 kB
dist/assets/PhCheck-Bwyiisgd-CLil3yPH.js                                     2.12 kB │ gzip:     0.98 kB
dist/assets/PhArrowLeft-cDekCY6D.js                                          2.12 kB │ gzip:     1.00 kB
dist/assets/PhArrowRight-AjmjK_gm-BbSLBH-5.js                                2.12 kB │ gzip:     1.01 kB
dist/assets/PhArrowLeft-CpXYUpPp-h2pL31n0.js                                 2.13 kB │ gzip:     1.01 kB
dist/assets/bo-BnZa9_ng.js                                                   2.14 kB │ gzip:     0.68 kB
dist/assets/ref-CBFqMm98-PqNMe46B.js                                         2.15 kB │ gzip:     0.97 kB
dist/assets/ru-DBwlQ7Ki.js                                                   2.15 kB │ gzip:     1.05 kB
dist/assets/ref-BMX9uchL.js                                                  2.16 kB │ gzip:     0.97 kB
dist/assets/PhArrowUp-DCv2rA8B.js                                            2.17 kB │ gzip:     1.00 kB
dist/assets/DataContainer-CeTCee0G.js                                        2.18 kB │ gzip:     1.00 kB
dist/assets/PhArrowUp-EAgxjcbt-D7A8voQO.js                                   2.18 kB │ gzip:     1.01 kB
dist/assets/RotatePhoneDialog-fdVt4bWj.js                                    2.18 kB │ gzip:     0.99 kB
dist/assets/sr-cyrl-CC4njm3y.js                                              2.19 kB │ gzip:     0.97 kB
dist/assets/ChartSkeleton-BEl1dDEg.js                                        2.20 kB │ gzip:     0.97 kB
dist/assets/PhMagnifyingGlass-mfL7k6Qx.js                                    2.21 kB │ gzip:     1.07 kB
dist/assets/PhBrowser-jsUyV2Ju.js                                            2.22 kB │ gzip:     0.97 kB
dist/assets/PhBrowser-BqJG0DeS-JhlQubBP.js                                   2.22 kB │ gzip:     0.98 kB
dist/assets/PhMagnifyingGlass-C_94V0TO-DUcJELHm.js                           2.22 kB │ gzip:     1.09 kB
dist/assets/Container-CjgTewda.js                                            2.23 kB │ gzip:     1.20 kB
dist/assets/PhDotsThree-DLQRtOq1.js                                          2.25 kB │ gzip:     0.94 kB
dist/assets/Customise-DNHv2qxA.js                                            2.26 kB │ gzip:     1.13 kB
dist/assets/OpenOrders-CI-k-7pG.js                                           2.26 kB │ gzip:     1.11 kB
dist/assets/PhDotsThree-BCq-tIF9-Bigni5LI.js                                 2.26 kB │ gzip:     0.95 kB
dist/assets/SelectCurrencyDialog-eSV7M_Bn.js                                 2.28 kB │ gzip:     1.07 kB
dist/assets/SelectNetwork-Cy65v_UY.js                                        2.29 kB │ gzip:     1.15 kB
dist/assets/ConfirmInviteUser-Ct8ojlcc.js                                    2.33 kB │ gzip:     1.16 kB
dist/assets/SelectAsset-PTDwe6fk.js                                          2.33 kB │ gzip:     1.22 kB
dist/assets/PhFunnelSimple-i-0_1qmz.js                                       2.36 kB │ gzip:     1.00 kB
dist/assets/PhCopy-B6cxk443.js                                               2.36 kB │ gzip:     1.00 kB
dist/assets/PhCopy-CZYfmAmY-iq6KFOUp.js                                      2.37 kB │ gzip:     1.01 kB
dist/assets/PhClock-EdkG2dc9.js                                              2.37 kB │ gzip:     1.02 kB
dist/assets/PhFunnelSimple-C6FntZyX-BaSqV4My.js                              2.37 kB │ gzip:     1.01 kB
dist/assets/bn-bd-ChOzHxBU.js                                                2.38 kB │ gzip:     1.01 kB
dist/assets/PhClock-BAIesiKA-9oQ7F6F7.js                                     2.38 kB │ gzip:     1.03 kB
dist/assets/PlaceOrder-B0BJvaDC.js                                           2.41 kB │ gzip:     1.09 kB
dist/assets/PhWarningCircle-CQaWVwtU.js                                      2.43 kB │ gzip:     1.05 kB
dist/assets/PhWarningCircle-CklLObE4-Bfn7i_tG.js                             2.44 kB │ gzip:     1.06 kB
dist/assets/index-B_f-pGMG-BJ4oIBJx.js                                       2.45 kB │ gzip:     1.03 kB
dist/assets/TaskDialog-B_Lgv2Iu.js                                           2.46 kB │ gzip:     1.12 kB
dist/assets/AppDisclaimer-D78XDypI.js                                        2.47 kB │ gzip:     1.30 kB
dist/assets/List-CcbArn7W.js                                                 2.48 kB │ gzip:     1.20 kB
dist/assets/index-B6Y9EjvK.js                                                2.48 kB │ gzip:     1.04 kB
dist/assets/index-BESRnja-.js                                                2.49 kB │ gzip:     0.91 kB
dist/assets/BookChartsWidget-CTe-A51Q.js                                     2.49 kB │ gzip:     1.10 kB
dist/assets/PhX-DI3cpm1T.js                                                  2.50 kB │ gzip:     1.06 kB
dist/assets/PhX-BDM6EX-C-BVM0blFb.js                                         2.51 kB │ gzip:     1.07 kB
dist/assets/TransactionDetails-PYUCajOl.js                                   2.51 kB │ gzip:     0.85 kB
dist/assets/PhDeviceMobile-Bj9nv3dM.js                                       2.57 kB │ gzip:     1.06 kB
dist/assets/PhDeviceMobile-BD1JGVOH-CYHVPsDJ.js                              2.58 kB │ gzip:     1.07 kB
dist/assets/SelectCountryDialog-DBPgVjPZ.js                                  2.58 kB │ gzip:     1.33 kB
dist/assets/PhArrowClockwise-Bg3BzyBs.js                                     2.59 kB │ gzip:     1.19 kB
dist/assets/PhArrowClockwise-DeofPuYY-CeHmT48c.js                            2.60 kB │ gzip:     1.20 kB
dist/assets/AllWithdrawsDialog-BlzF6jU5.js                                   2.65 kB │ gzip:     1.32 kB
dist/assets/SelectNode-DI0FoXxu.js                                           2.66 kB │ gzip:     1.26 kB
dist/assets/PhUser-DK-qAE6X.js                                               2.68 kB │ gzip:     1.26 kB
dist/assets/PhEnvelope-BZlaU2rZ.js                                           2.68 kB │ gzip:     1.18 kB
dist/assets/PhUser-DrzTxCyK-ifSJk8Aj.js                                      2.69 kB │ gzip:     1.28 kB
dist/assets/PhEnvelope-k_dIWnrF-BWmKhfP1.js                                  2.70 kB │ gzip:     1.19 kB
dist/assets/PhCircleHalf-FpFX-N1p.js                                         2.71 kB │ gzip:     1.20 kB
dist/assets/PhCircleHalf-D1s_W4Jt-Da-JpnPB.js                                2.73 kB │ gzip:     1.21 kB
dist/assets/index-Cv1k-Ah8-Bn895wxQ.js                                       2.74 kB │ gzip:     0.99 kB
dist/assets/TermsAndConditions-DxeR-1QV.js                                   2.75 kB │ gzip:     1.18 kB
dist/assets/PhSignOut-Cgiis16w.js                                            2.77 kB │ gzip:     1.15 kB
dist/assets/PhSignOut-DL8EaBKM-DXFzuq02.js                                   2.78 kB │ gzip:     1.16 kB
dist/assets/PhInfo-DfXM6WP2.js                                               2.78 kB │ gzip:     1.21 kB
dist/assets/PhPower-BluSf-fj.js                                              2.78 kB │ gzip:     1.27 kB
dist/assets/index-CHXwWoFk.js                                                2.78 kB │ gzip:     1.01 kB
dist/assets/PhInfo-DF7z_GWO-6mMy01QK.js                                      2.79 kB │ gzip:     1.22 kB
dist/assets/PhDesktop-WP8uWM_0.js                                            2.79 kB │ gzip:     1.11 kB
dist/assets/PhPower-Boepyf4c-D5swuDyN.js                                     2.79 kB │ gzip:     1.29 kB
dist/assets/PhDesktop-ziY7BnOv-DqRSnpGM.js                                   2.80 kB │ gzip:     1.12 kB
dist/assets/PhArrowsLeftRight-B_xNg8kN.js                                    2.80 kB │ gzip:     1.17 kB
dist/assets/DepositOptions-BMSPoUHY.js                                       2.81 kB │ gzip:     1.29 kB
dist/assets/PhArrowCircleDown-gbV2vaLb.js                                    2.81 kB │ gzip:     1.17 kB
dist/assets/PhArrowsLeftRight-CK8YrZaj-DVeJxicJ.js                           2.82 kB │ gzip:     1.19 kB
dist/assets/PhArrowCircleDown-_bhIfrrQ-CBvCgsQm.js                           2.82 kB │ gzip:     1.18 kB
dist/assets/PhQuestionMark-CSwZELrx.js                                       2.84 kB │ gzip:     1.30 kB
dist/assets/PhQuestionMark-vgo1QrBV-CsiXhcOz.js                              2.85 kB │ gzip:     1.31 kB
dist/assets/ClaimDialog-BUoeGR1z.js                                          2.85 kB │ gzip:     1.29 kB
dist/assets/SelectNodeDialog-vKBH-cWL.js                                     2.88 kB │ gzip:     1.26 kB
dist/assets/akk-CTRhvYi6.js                                                  2.92 kB │ gzip:     1.17 kB
dist/assets/useNetworkFormatter-D5rrVVfS.js                                  2.92 kB │ gzip:     1.28 kB
dist/assets/PhArrowSquareOut-DVcJDuOr.js                                     2.93 kB │ gzip:     1.25 kB
dist/assets/PhArrowsDownUp-BCeS_76Q.js                                       2.93 kB │ gzip:     1.17 kB
dist/assets/index-v0YluuaR-D-9ON0jj.js                                       2.93 kB │ gzip:     0.98 kB
dist/assets/PhCreditCard-BOcBt0Ep.js                                         2.93 kB │ gzip:     1.15 kB
dist/assets/PhArrowSquareOut-CO2dzGO7-B_Q7bz8N.js                            2.94 kB │ gzip:     1.26 kB
dist/assets/PhArrowsDownUp-XkMC-P50-BpNmM_IZ.js                              2.94 kB │ gzip:     1.19 kB
dist/assets/PhBank-jlfK89TU.js                                               2.94 kB │ gzip:     1.24 kB
dist/assets/PhCreditCard-BTQFCckb-CD43Q6gW.js                                2.94 kB │ gzip:     1.16 kB
dist/assets/index-CAs464gf-C5BPsv6D.js                                       2.94 kB │ gzip:     1.01 kB
dist/assets/BlockedRotatePhone-C6WY7oCi.js                                   2.95 kB │ gzip:     1.58 kB
dist/assets/PhBank-Y7Zrsb3J-CC0KFJe4.js                                      2.95 kB │ gzip:     1.26 kB
dist/assets/index-ByyXIzWo.js                                                2.96 kB │ gzip:     0.99 kB
dist/assets/PhVault-BvVEorLF.js                                              2.97 kB │ gzip:     1.19 kB
dist/assets/index-BVAmJpRL-CfIg4gS3.js                                       2.97 kB │ gzip:     1.18 kB
dist/assets/PhVault-Cgdw6Etk-3o2MjaOa.js                                     2.97 kB │ gzip:     1.21 kB
dist/assets/index-CnQvofHo-BHtfjtwo.js                                       2.98 kB │ gzip:     1.20 kB
dist/assets/index-BGZYq-yP.js                                                2.98 kB │ gzip:     1.03 kB
dist/assets/PhCompass-BVxuDmKI.js                                            2.98 kB │ gzip:     1.27 kB
dist/assets/index-5OFdO_WA.js                                                2.99 kB │ gzip:     1.18 kB
dist/assets/PhCompass-B60wSfS7-asQKdzjU.js                                   2.99 kB │ gzip:     1.29 kB
dist/assets/WithdrawDialog-DWKcbJq2.js                                       3.00 kB │ gzip:     1.39 kB
dist/assets/index-CsAnDftN.js                                                3.00 kB │ gzip:     1.21 kB
dist/assets/Confirm-BKIV9Zrb.js                                              3.01 kB │ gzip:     1.47 kB
dist/assets/ConfirmBridgeTransaction-0xnLIRSg.js                             3.01 kB │ gzip:     1.32 kB
dist/assets/index-C3cWfp_y-CaFp0O5h.js                                       3.01 kB │ gzip:     1.18 kB
dist/assets/index-BP6SuC5Y.js                                                3.04 kB │ gzip:     1.19 kB
dist/assets/index-DIEZAM9s-B3mkUSok.js                                       3.06 kB │ gzip:     1.19 kB
dist/assets/Dashboard-y_8Ix96A.js                                            3.09 kB │ gzip:     1.54 kB
dist/assets/PhPaperPlaneRight-ChjuDsGR.js                                    3.10 kB │ gzip:     1.43 kB
dist/assets/TransactionDetails-DR-TIYON.js                                   3.10 kB │ gzip:     1.15 kB
dist/assets/index-FmoVFt3g.js                                                3.10 kB │ gzip:     1.20 kB
dist/assets/HelpersUtil-OM-sIAZ4-Cd1cHGw8.js                                 3.10 kB │ gzip:     1.26 kB
dist/assets/PhPaperPlaneRight-DOGNdJUk-COsb-0VM.js                           3.10 kB │ gzip:     1.44 kB
dist/assets/useChartSpec-Ds1Lt7oL.js                                         3.11 kB │ gzip:     1.21 kB
dist/assets/PhTrash-CxOOqvnh.js                                              3.12 kB │ gzip:     1.18 kB
dist/assets/PhTrash-t6nVROi_-QJCu1EAl.js                                     3.13 kB │ gzip:     1.19 kB
dist/assets/useDemeterBasePage-CE8oseRW.js                                   3.17 kB │ gzip:     1.38 kB
dist/assets/index-abf25722-C55pw5Q5.js                                       3.18 kB │ gzip:     1.64 kB
dist/assets/Guidance-cvhVi7IP.js                                             3.21 kB │ gzip:     1.23 kB
dist/assets/OrderBook-DjfmeSHa.js                                            3.21 kB │ gzip:     1.32 kB
dist/assets/AllOrders-Br-ebE8H.js                                            3.21 kB │ gzip:     1.35 kB
dist/assets/PhCurrencyDollar-DT3RluYJ.js                                     3.24 kB │ gzip:     1.32 kB
dist/assets/PhCurrencyDollar-CfqevE2k-B149R0Kp.js                            3.26 kB │ gzip:     1.33 kB
dist/assets/SoraCard-7vWKMoSU.js                                             3.26 kB │ gzip:     1.44 kB
dist/assets/PhQuestion-DeQL0FRC.js                                           3.32 kB │ gzip:     1.45 kB
dist/assets/PhQuestion-CuPBJSNs-B3tulJ87.js                                  3.32 kB │ gzip:     1.46 kB
dist/assets/PhImage-BTIdlTqQ.js                                              3.44 kB │ gzip:     1.44 kB
dist/assets/index-gahKcR7z.js                                                3.44 kB │ gzip:     1.50 kB
dist/assets/PhImage-cLhWkUuL-CJRIcps5.js                                     3.44 kB │ gzip:     1.45 kB
dist/assets/SlippageTolerance-DiTFKoaV.js                                    3.51 kB │ gzip:     1.58 kB
dist/assets/Moonpay.vue_vue_type_script_setup_true_lang-CyU1Sgp9.js          3.56 kB │ gzip:     1.50 kB
dist/assets/burnXor-_cqvL3ZH.js                                              3.71 kB │ gzip:     1.32 kB
dist/assets/index-DMxNJuPs.js                                                3.73 kB │ gzip:     1.49 kB
dist/assets/swap-DsEcsya5.js                                                 3.74 kB │ gzip:     1.36 kB
dist/assets/Pool-hnJ5OBlt.js                                                 3.75 kB │ gzip:     1.53 kB
dist/assets/PairListPopover-CIV982R6.js                                      3.77 kB │ gzip:     1.47 kB
dist/assets/useMoonpayBridge-DL4I-_hw.js                                     3.77 kB │ gzip:     1.65 kB
dist/assets/TransferNotification-BhobbHmX.js                                 3.80 kB │ gzip:     1.73 kB
dist/assets/ReferralBonding-DtewO0X-.js                                      3.81 kB │ gzip:     1.66 kB
dist/assets/index-Bm191EPQ-COTNP1VW.js                                       3.82 kB │ gzip:     1.66 kB
dist/assets/TransactionDetails-Bk4Y523W.js                                   3.84 kB │ gzip:     1.60 kB
dist/assets/PhArrowsClockwise-BGC-OSch.js                                    3.87 kB │ gzip:     1.60 kB
dist/assets/PhArrowsClockwise-aqooHTiu-BFc-szVj.js                           3.88 kB │ gzip:     1.61 kB
dist/assets/index-CiCPU9Xw-B9PTMTYx.js                                       3.89 kB │ gzip:     1.46 kB
dist/assets/PhWarning-S0Lsie3G.js                                            3.91 kB │ gzip:     1.49 kB
dist/assets/PhWarning-BkC8kh25-C7jvH_61.js                                   3.92 kB │ gzip:     1.50 kB
dist/assets/index-52Tai0jT.js                                                3.94 kB │ gzip:     1.48 kB
dist/assets/AlertList-DhMv-IJ1.js                                            3.94 kB │ gzip:     1.87 kB
dist/assets/index-CC0ezhfo-DbCUh2bw.js                                       4.03 kB │ gzip:     1.73 kB
dist/assets/index-C_3Q9jmZ-B2tQ1c1w.js                                       4.04 kB │ gzip:     1.53 kB
dist/assets/TvlChart.vue_vue_type_script_setup_true_lang-BYQDfBhj.js         4.05 kB │ gzip:     1.89 kB
dist/assets/index-C4hvDUox.js                                                4.07 kB │ gzip:     1.54 kB
dist/assets/ClaimRewardsDialog-fQfk3wTh.js                                   4.10 kB │ gzip:     1.84 kB
dist/assets/index-Bo6-RJS--vd3WBaTY.js                                       4.10 kB │ gzip:     1.22 kB
dist/assets/index-C6DYYqJh.js                                                4.11 kB │ gzip:     1.75 kB
dist/assets/index-vCtnFKas.js                                                4.13 kB │ gzip:     1.23 kB
dist/assets/HistoryOrderWidget-frmsoMwh.js                                   4.14 kB │ gzip:     1.68 kB
dist/assets/Email-DHfKnSm-.js                                                4.15 kB │ gzip:     1.83 kB
dist/assets/Distribution-tWSbWcDR.js                                         4.21 kB │ gzip:     1.62 kB
dist/assets/PhIdentificationCard-C2UaC_jE.js                                 4.22 kB │ gzip:     1.65 kB
dist/assets/PhIdentificationCard-n2gJrqpT-CD4eg8pn.js                        4.23 kB │ gzip:     1.66 kB
dist/assets/SoraCardIntroPage-qLrkLTn3.js                                    4.32 kB │ gzip:     1.83 kB
dist/assets/ValidatorsDialog-jW73tIu0.js                                     4.35 kB │ gzip:     1.92 kB
dist/assets/BurnDialog-BBbkMbr7.js                                           4.38 kB │ gzip:     1.99 kB
dist/assets/Base-D3GvDZrG.js                                                 4.40 kB │ gzip:     2.00 kB
dist/assets/ConfirmationInfo-BUuVoo8j.js                                     4.41 kB │ gzip:     1.84 kB
dist/assets/PhSpinner-CA-B2ona.js                                            4.45 kB │ gzip:     1.64 kB
dist/assets/PhSpinner-Cc3COXLJ-COFvwI0o.js                                   4.46 kB │ gzip:     1.66 kB
dist/assets/AmountTable-BrokvVw0.js                                          4.59 kB │ gzip:     1.82 kB
dist/assets/useSoraStaking-5HRasd8y.js                                       4.60 kB │ gzip:     1.58 kB
dist/assets/NetworkStats-De4L2nLv.js                                         4.62 kB │ gzip:     1.98 kB
dist/assets/index-CWcWl0ld-353stCnZ.js                                       4.68 kB │ gzip:     1.46 kB
dist/assets/index-BYZGNxAs.js                                                4.70 kB │ gzip:     1.46 kB
dist/assets/BarChart.vue_vue_type_script_setup_true_lang-BNXtbB8W.js         4.75 kB │ gzip:     2.15 kB
dist/assets/index-D9i8epM--CFaikW6F.js                                       4.77 kB │ gzip:     1.95 kB
dist/assets/Staking-CEqBOIPu.js                                              4.77 kB │ gzip:     2.00 kB
dist/assets/ExchangeController-BOCYJt5l-BeukDuu2.js                          4.80 kB │ gzip:     1.89 kB
dist/assets/ExchangeController-DfYkXDnB.js                                   4.80 kB │ gzip:     1.89 kB
dist/assets/index-UR_nkjj6.js                                                4.81 kB │ gzip:     1.98 kB
dist/assets/BuySell-C7gp7DhF.js                                              4.83 kB │ gzip:     1.73 kB
dist/assets/index-rCcPKS-v-Bo6UF4m6.js                                       4.83 kB │ gzip:     1.77 kB
dist/assets/SelectToken-CKu3Ntbk.js                                          4.89 kB │ gzip:     2.19 kB
dist/assets/PhLightbulb-50ul1RGY.js                                          4.92 kB │ gzip:     1.88 kB
dist/assets/PhQrCode-BSmfZrGC.js                                             4.92 kB │ gzip:     1.46 kB
dist/assets/PoolCard-DhiIT74G.js                                             4.92 kB │ gzip:     1.84 kB
dist/assets/PhLightbulb-BY-9nyxw-DVeIVIMt.js                                 4.93 kB │ gzip:     1.89 kB
dist/assets/PhQrCode-BtcK_9SE-D_2RnrA_.js                                    4.93 kB │ gzip:     1.48 kB
dist/assets/NodeInfo-BVJndwCr.js                                             4.95 kB │ gzip:     2.15 kB
dist/assets/StakeDialog-CVQTmfkL.js                                          5.06 kB │ gzip:     2.20 kB
dist/assets/BookWidget-ZZAqoMCJ.js                                           5.18 kB │ gzip:     2.18 kB
dist/assets/MoonpayHistory-Cn3QzbR6.js                                       5.21 kB │ gzip:     2.28 kB
dist/assets/index-QHPW5f3x.js                                                5.26 kB │ gzip:     1.59 kB
dist/assets/pis-DxV7mtKk.js                                                  5.26 kB │ gzip:     2.35 kB
dist/assets/AssetOwner-Dmo3pM2g.js                                           5.33 kB │ gzip:     1.99 kB
dist/assets/Pool-BGLG8nXl.js                                                 5.33 kB │ gzip:     2.11 kB
dist/assets/PhPuzzlePiece-WR8BSxzn.js                                        5.37 kB │ gzip:     1.98 kB
dist/assets/PhPuzzlePiece-DK-qkZQo-CdkGnL-J.js                               5.39 kB │ gzip:     1.99 kB
dist/assets/zh_TW-Ff6ovPoI.js                                                5.39 kB │ gzip:     2.81 kB
dist/assets/BridgeTransactionsHistory-kYIhgplQ.js                            5.45 kB │ gzip:     2.42 kB
dist/assets/zh_CN-DDeUamix.js                                                5.46 kB │ gzip:     2.90 kB
dist/assets/Swap-Dtmmgeaf.js                                                 5.49 kB │ gzip:     1.79 kB
dist/assets/CreateAlert-CBRPQRSg.js                                          5.49 kB │ gzip:     2.33 kB
dist/assets/TokenInput-C-NU-5cC.js                                           5.50 kB │ gzip:     2.34 kB
dist/assets/CalculatorDialog-Bqw7VaK0.js                                     5.55 kB │ gzip:     2.25 kB
dist/assets/index-CbYcNY2E-7qenQvRd.js                                       5.62 kB │ gzip:     1.54 kB
dist/assets/index-Dj4u3HYC.js                                                5.64 kB │ gzip:     1.55 kB
dist/assets/Phone-CDVdnjTf.js                                                5.65 kB │ gzip:     2.37 kB
dist/assets/PhGlobe-CqATMjoP.js                                              5.72 kB │ gzip:     1.93 kB
dist/assets/PhGlobe-CZ8kP8Lj-n_ewscn7.js                                     5.73 kB │ gzip:     1.95 kB
dist/assets/am-BSilcSQW.js                                                   5.86 kB │ gzip:     2.55 kB
dist/assets/dv-BSilcSQW.js                                                   5.86 kB │ gzip:     2.55 kB
dist/assets/dz-BSilcSQW.js                                                   5.86 kB │ gzip:     2.55 kB
dist/assets/mn-BSilcSQW.js                                                   5.86 kB │ gzip:     2.55 kB
dist/assets/pointSystem-B8-RVz9P.js                                          5.86 kB │ gzip:     1.59 kB
dist/assets/ValidatorsList-DhyfR3ED.js                                       5.86 kB │ gzip:     2.26 kB
dist/assets/features-B8PTEVz1-ClGY86s6.js                                    5.94 kB │ gzip:     2.36 kB
dist/assets/features-DJevUiw_.js                                             5.94 kB │ gzip:     2.36 kB
dist/assets/SupplyChart.vue_vue_type_script_setup_true_lang-nvMKLSJ8.js      5.98 kB │ gzip:     2.70 kB
dist/assets/browser-8396eed5-BotgyzHZ.js                                     6.05 kB │ gzip:     2.54 kB
dist/assets/index-Dmgyii2r-C3I2M76f.js                                       6.26 kB │ gzip:     1.94 kB
dist/assets/index-CEg9KusQ.js                                                6.28 kB │ gzip:     1.94 kB
dist/assets/nl-CMNuP9WE.js                                                   6.28 kB │ gzip:     2.84 kB
dist/assets/id-6JTa1eXY.js                                                   6.28 kB │ gzip:     2.70 kB
dist/assets/ba-Ca5vPaDr.js                                                   6.35 kB │ gzip:     2.92 kB
dist/assets/cs-CdQlsVX5.js                                                   6.37 kB │ gzip:     3.06 kB
dist/assets/pl-5_bHIPAJ.js                                                   6.39 kB │ gzip:     3.04 kB
dist/assets/it-CSy2f2yl.js                                                   6.42 kB │ gzip:     2.86 kB
dist/assets/index-BikJzTW8-DLucC-dv.js                                       6.43 kB │ gzip:     2.02 kB
dist/assets/index-CMx3sWOo.js                                                6.51 kB │ gzip:     2.02 kB
dist/assets/akk-DMu5ur6n.js                                                  6.52 kB │ gzip:     2.45 kB
dist/assets/KycView-DHSqiAsC.js                                              6.53 kB │ gzip:     2.99 kB
dist/assets/es-BsKgED0p.js                                                   6.54 kB │ gzip:     2.88 kB
dist/assets/receive-BVWuKFYu-CLphYrZ9.js                                     6.58 kB │ gzip:     2.41 kB
dist/assets/receive-DObBz-xM.js                                              6.64 kB │ gzip:     2.41 kB
dist/assets/Burn-D2zgqdnA.js                                                 6.74 kB │ gzip:     3.12 kB
dist/assets/index-5262c4fa-ByzOKFW6.js                                       6.74 kB │ gzip:     2.57 kB
dist/assets/PointSystemV2-Bo-XKG2K.js                                        6.81 kB │ gzip:     2.87 kB
dist/assets/fr-COjWWrgt.js                                                   6.87 kB │ gzip:     2.98 kB
dist/assets/de-B7XiGKBL.js                                                   6.88 kB │ gzip:     3.04 kB
dist/assets/Books-CZhnZMOi.js                                                7.03 kB │ gzip:     2.60 kB
dist/assets/he-ZSU1B8r1.js                                                   7.06 kB │ gzip:     2.84 kB
dist/assets/pointSystem-BcULLwN7.js                                          7.06 kB │ gzip:     2.14 kB
dist/assets/Transactions-k6TB94Or.js                                         7.19 kB │ gzip:     2.88 kB
dist/assets/StakeDialog-DPzVsmdy.js                                          7.25 kB │ gzip:     2.74 kB
dist/assets/CedeStore.vue_vue_type_script_setup_true_lang-CC1NOM3h.js        7.30 kB │ gzip:     3.15 kB
dist/assets/PointSystem-DXRRUX2L.js                                          7.39 kB │ gzip:     2.58 kB
dist/assets/vi-BtGW5hrU.js                                                   7.41 kB │ gzip:     3.02 kB
dist/assets/index-54bb8b52-ZYG7n3sL.js                                       7.43 kB │ gzip:     3.20 kB
dist/assets/ar-ByvMEM7V.js                                                   7.74 kB │ gzip:     3.06 kB
dist/assets/ur-DIeoJtvR.js                                                   8.67 kB │ gzip:     3.18 kB
dist/assets/uk-DL4OSMfh.js                                                   8.99 kB │ gzip:     3.36 kB
dist/assets/tt-BbBaNIlx.js                                                   9.05 kB │ gzip:     3.31 kB
dist/assets/AssetOwnerDetails-Cev6k9hP.js                                    9.12 kB │ gzip:     2.66 kB
dist/assets/sr-BpXKoQkc.js                                                   9.16 kB │ gzip:     3.46 kB
dist/assets/Rewards-CMeoWh8u.js                                              9.16 kB │ gzip:     3.33 kB
dist/assets/Form-BypHscmv.js                                                 9.17 kB │ gzip:     3.68 kB
dist/assets/Overview-DGpjlEv1.js                                             9.35 kB │ gzip:     3.11 kB
dist/assets/kk-BOtkyk9x.js                                                   9.53 kB │ gzip:     3.42 kB
dist/assets/index-CfslrrAo-B8Pk34Xk.js                                       9.60 kB │ gzip:     3.14 kB
dist/assets/index-BQZMIv9g.js                                                9.72 kB │ gzip:     3.16 kB
dist/assets/Pools-Br5jnnqv.js                                                9.74 kB │ gzip:     3.47 kB
dist/assets/ru-D3XklJMK.js                                                   9.84 kB │ gzip:     3.57 kB
dist/assets/Web3-ChyKn4HU.js                                                 9.96 kB │ gzip:     3.37 kB
dist/assets/index-doD86TE7.js                                               10.10 kB │ gzip:     2.75 kB
dist/assets/Vaults-BrMpVyTf.js                                              10.11 kB │ gzip:     3.41 kB
dist/assets/Demeter-CKwtkG-N.js                                             10.23 kB │ gzip:     3.88 kB
dist/assets/ReferralProgram-yImSfils.js                                     10.41 kB │ gzip:     3.82 kB
dist/assets/Tokens-DNKKjPE3.js                                              10.47 kB │ gzip:     3.51 kB
dist/assets/OrderTable.vue_vue_type_style_index_0_lang-CMkzN6Vn.js          10.74 kB │ gzip:     3.96 kB
dist/assets/email-BFoaD9uD-C0GEhnNp.js                                      10.75 kB │ gzip:     2.98 kB
dist/assets/email-BUvja95k.js                                               10.80 kB │ gzip:     2.90 kB
dist/assets/th-BnuOQ5AD.js                                                  11.12 kB │ gzip:     3.20 kB
dist/assets/PhSealCheck-BEjFjmKA.js                                         12.10 kB │ gzip:     4.05 kB
dist/assets/PhSealCheck-xYugI_kV-Dld1BR64.js                                12.11 kB │ gzip:     4.06 kB
dist/assets/km-DT2yTApu.js                                                  12.12 kB │ gzip:     3.30 kB
dist/assets/VaultDetails-Cy8HFT01.js                                        12.52 kB │ gzip:     3.46 kB
dist/assets/BridgeTransaction-mKKZkq3D.js                                   12.56 kB │ gzip:     3.90 kB
dist/assets/data-capture-DR6rHBqT-DgZFP2Nb.js                               12.84 kB │ gzip:     3.79 kB
dist/assets/data-capture-DXZfVD3D.js                                        12.99 kB │ gzip:     3.78 kB
dist/assets/SwapController-DzClRee6-JGa3yAPy.js                             13.65 kB │ gzip:     3.90 kB
dist/assets/SwapController-t7JNzFZz.js                                      13.65 kB │ gzip:     3.90 kB
dist/assets/my-RyldNI0y.js                                                  13.68 kB │ gzip:     3.38 kB
dist/assets/Bridge-DBqArll7.js                                              14.29 kB │ gzip:     4.77 kB
dist/assets/PriceChart-DJarIVe1.js                                          14.32 kB │ gzip:     6.09 kB
dist/assets/index-DMAsU8oi-8XvngilX.js                                      15.08 kB │ gzip:     3.91 kB
dist/assets/pay-with-exchange-Da_kghOX-DmvOYJQK.js                          15.83 kB │ gzip:     4.28 kB
dist/assets/url-6cb53b95-BMCO9T55.js                                        15.87 kB │ gzip:     6.23 kB
dist/assets/pay-with-exchange-dIVXOESP.js                                   15.88 kB │ gzip:     4.18 kB
dist/assets/socials-NVzLa2jo-wgDjBI6k.js                                    17.47 kB │ gzip:     4.67 kB
dist/assets/socials-Bj4ZiVhz.js                                             17.55 kB │ gzip:     4.62 kB
dist/assets/property-CZ5dXgER-Dnaz2CsJ.js                                   17.73 kB │ gzip:     6.49 kB
dist/assets/property-DG_zVZHr.js                                            17.74 kB │ gzip:     6.49 kB
dist/assets/embedded-wallet-b2AXXcbR-CvYHdZNw.js                            20.50 kB │ gzip:     5.46 kB
dist/assets/embedded-wallet-CQ3bEyTp.js                                     20.67 kB │ gzip:     5.38 kB
dist/assets/Polkaswap.vue_vue_type_script_setup_true_lang-BXE-FFp6.js       21.38 kB │ gzip:     9.56 kB
dist/assets/index-ayDJ1GZG-CCcySxvs.js                                      25.80 kB │ gzip:     7.53 kB
dist/assets/index-BSuSVzou-D-ePZO45.js                                      26.64 kB │ gzip:     7.83 kB
dist/assets/index-Bx8_rslE.js                                               26.65 kB │ gzip:     7.78 kB
dist/assets/onramp-CelqYLVO-Brd8KOcM.js                                     26.80 kB │ gzip:     6.44 kB
dist/assets/onramp-DO2_haSF.js                                              27.08 kB │ gzip:     6.33 kB
dist/assets/assert-990dca8c-B5RbbqtH.js                                     30.74 kB │ gzip:     9.95 kB
dist/assets/index-CZQgiEVa-CrjR9x7o.js                                      31.09 kB │ gzip:    11.96 kB
dist/assets/index-yIRWnq1h.js                                               31.15 kB │ gzip:    12.01 kB
dist/assets/sora-app-right-DixGLWmG.js                                      31.96 kB │ gzip:     2.58 kB
dist/assets/send-BuPsit-Z-DznlHPZm.js                                       33.17 kB │ gzip:     7.70 kB
dist/assets/index-Dhz76KjH.js                                               33.19 kB │ gzip:    10.27 kB
dist/assets/send-D1WU425I.js                                                33.41 kB │ gzip:     7.58 kB
dist/assets/PendingRewardsDialog-DcsOgT5-.js                                40.08 kB │ gzip:    13.44 kB
dist/assets/w3m-modal-CAV-9eiK-BejMg-Td.js                                  44.42 kB │ gzip:    10.35 kB
dist/assets/w3m-modal-Jz2cm4oh.js                                           44.82 kB │ gzip:    10.28 kB
dist/assets/index-JGxzc-ta-DbMp2XXV.js                                      45.96 kB │ gzip:    13.90 kB
dist/assets/index-B-VBPRgr.js                                               46.00 kB │ gzip:    13.93 kB
dist/assets/index-7d1bf759-6H1yX1H_.js                                      46.37 kB │ gzip:    15.25 kB
dist/assets/index-42ed9c78-Dw_uHLWJ.js                                      48.11 kB │ gzip:    11.83 kB
dist/assets/swaps-DfC-2lOG-BI4ONvqc.js                                      54.65 kB │ gzip:    10.03 kB
dist/assets/swaps-DGkaboDy.js                                               54.87 kB │ gzip:     9.95 kB
dist/assets/index-C3erWJ3v.js                                               55.67 kB │ gzip:    17.43 kB
dist/assets/index-D1vJKCDW-BtS_4qC4.js                                      56.43 kB │ gzip:    18.23 kB
dist/assets/zh_CN-BYutbPqv.js                                               68.98 kB │ gzip:    26.88 kB
dist/assets/index-ab54ff39-B6nGKDuF.js                                      71.56 kB │ gzip:    23.09 kB
dist/assets/basic-mzuRZ2uZ.js                                               71.81 kB │ gzip:    14.81 kB
dist/assets/zh_TW-Bj4wxPlG.js                                               72.12 kB │ gzip:    26.84 kB
dist/assets/pis-ByW8jfEv.js                                                 74.38 kB │ gzip:    25.19 kB
dist/assets/mn-Eh6O4Z_L.js                                                  75.91 kB │ gzip:    26.27 kB
dist/assets/id-BW6yVlTJ.js                                                  77.95 kB │ gzip:    25.97 kB
dist/assets/am-Ifj1XNYb.js                                                  79.04 kB │ gzip:    27.25 kB
dist/assets/cs-CxkuXlvG.js                                                  80.17 kB │ gzip:    28.67 kB
dist/assets/nl-T8Rv_BBm.js                                                  80.60 kB │ gzip:    28.07 kB
dist/assets/it-DkpbGXla.js                                                  81.76 kB │ gzip:    27.66 kB
dist/assets/pl-DktMBilx.js                                                  82.00 kB │ gzip:    28.78 kB
dist/assets/es-UUpuzJCs.js                                                  82.84 kB │ gzip:    28.03 kB
dist/assets/dv-Bm5lY0Pw.js                                                  83.35 kB │ gzip:    26.93 kB
dist/assets/fr-CxFFTRPH.js                                                  84.74 kB │ gzip:    28.27 kB
dist/assets/de-DVrm3dot.js                                                  85.49 kB │ gzip:    28.95 kB
dist/assets/ba-lZBiQOg2.js                                                  85.57 kB │ gzip:    28.03 kB
dist/assets/lodash-vOcFpjD8.js                                              88.80 kB │ gzip:    31.61 kB
dist/assets/he-pbRnpjfT.js                                                  90.85 kB │ gzip:    28.59 kB
dist/assets/vi-4X9DL5ev.js                                                  93.12 kB │ gzip:    27.97 kB
dist/assets/ar-DCnZtaGQ.js                                                  95.70 kB │ gzip:    29.08 kB
dist/assets/my-DBvtQKBt.js                                                  96.82 kB │ gzip:    28.75 kB
dist/assets/Grid-DbHHuxzO.js                                                98.10 kB │ gzip:    30.08 kB
dist/assets/dz-BiwM5LAj.js                                                  99.86 kB │ gzip:    27.36 kB
dist/assets/tt-C63OPbeT.js                                                 104.81 kB │ gzip:    29.76 kB
dist/assets/sr-BTWzPvD9.js                                                 106.56 kB │ gzip:    32.78 kB
dist/assets/ur-DrmSAxNO.js                                                 111.43 kB │ gzip:    30.33 kB
dist/assets/uk-DRPQM52O.js                                                 112.02 kB │ gzip:    31.37 kB
dist/assets/kk-BwnJOEIM.js                                                 115.73 kB │ gzip:    31.33 kB
dist/assets/ru-B8MMv6Bs.js                                                 118.90 kB │ gzip:    32.81 kB
dist/assets/th-BpJXOMye.js                                                 144.87 kB │ gzip:    31.45 kB
dist/assets/index-DCOnpDvr.js                                              154.17 kB │ gzip:    30.00 kB
dist/assets/km-BwWHv8Zs.js                                                 157.76 kB │ gzip:    33.55 kB
dist/assets/index-DH2DGX5k.js                                              192.21 kB │ gzip:    60.91 kB
dist/assets/index-DYc2oKhZ-p-2PS1LB.js                                     216.46 kB │ gzip:    68.71 kB
dist/assets/index-qx1qb7fz-B4_9bOMp.js                                     222.27 kB │ gzip:    43.38 kB
dist/assets/echarts-Cxkeyetf.js                                          1,151.56 kB │ gzip:   379.78 kB
dist/assets/wallet-stack-BuqMcUTa.js                                     1,188.97 kB │ gzip:   360.87 kB
dist/assets/polkadot-Bh6PX9YG.js                                         1,316.55 kB │ gzip:   469.67 kB
dist/assets/CedeStore-C1kiSdc2.js                                        1,432.15 kB │ gzip:   378.57 kB
dist/assets/index-DjB-Okl0.js                                            5,110.00 kB │ gzip: 1,651.68 kB
✓ built in 24.05s
Publishing `dist/` to IPFS...
QmWHiQSf1WN995HCeK2ScYxb2dDkiAQQ7Side65Fp5VGpQ

IPFS CID: QmWHiQSf1WN995HCeK2ScYxb2dDkiAQQ7Side65Fp5VGpQ
Preview via public gateway: https://ipfs.io/ipfs/QmWHiQSf1WN995HCeK2ScYxb2dDkiAQQ7Side65Fp5VGpQ/index.html
Local gateway (if running): http://127.0.0.1:8080/ipfs/QmWHiQSf1WN995HCeK2ScYxb2dDkiAQQ7Side65Fp5VGpQ/index.html
(node:41079) [MODULE_TYPELESS_PACKAGE_JSON] Warning: Module type of file:///Users/mtakemiya/dev/polkaswap-exchange-web/scripts/ipfs/publish.ts is not specified and it doesn't parse as CommonJS.
Reparsing as ES module because module syntax was detected. This incurs a performance overhead.
To eliminate this warning, add "type": "module" to /Users/mtakemiya/dev/polkaswap-exchange-web/package.json.
(Use `node --trace-warnings ...` to show where the warning was created)
